,subject,date,NM,eid,fiber,region,nph_file,nph_bnc,comment,photometry_path_a,photometry_path_b,digital_inputs_path,alyx_exists,taskData_exists,taskData_alfpath,n_timestamps_nph,n_timestamps_bpod,drift_ppm,timestamps_diff
0,ZFM-03059,2021-08-27,5HT,ba01bf35-8a0d-4ca3-a66e-b3a540b21128,probe01,Region1G,,0,,/mnt/h0/kb/data/one/mainenlab/Subjects/ZFM-03059/2021-08-27/001/raw_photometry_data/raw_photometry.csv,/mnt/h0/kb/data/external_drive/HCW_S2_23082021/TCW_S1_27Aug2021/PhotometryData_M1_M4_TCW_S1_27Aug2021.csv,/mnt/h0/kb/data/external_drive/HCW_S2_23082021/TCW_S1_27Aug2021/DI0_M1_M4_TCW_S1_27Aug2021.csv,TRUE,TRUE,raw_behavior_data/_iblrig_taskData.raw.jsonable,179,178,-11.29578259,-1
1,ZFM-03061,2021-08-27,5HT,35b97c43-7d06-444d-90ec-aa1651c70e8c,probe04,Region4G,,1,new,/mnt/h0/kb/data/one/mainenlab/Subjects/ZFM-03061/2021-08-27/001/raw_photometry_data/raw_photometry.csv,/mnt/h0/kb/data/external_drive/HCW_S2_23082021/TCW_S1_27Aug2021/PhotometryData_M1_M4_TCW_S1_27Aug2021.csv,/mnt/h0/kb/data/external_drive/HCW_S2_23082021/TCW_S1_27Aug2021/DI1_M1_M4_TCW_S1_27Aug2021.csv,TRUE,TRUE,raw_behavior_data/_iblrig_taskData.raw.jsonable,91,91,-14.99816392,0
2,ZFM-03061,2021-08-27,5HT,35b97c43-7d06-444d-90ec-aa1651c70e8c,probe05,Region6G,,1,new,/mnt/h0/kb/data/one/mainenlab/Subjects/ZFM-03061/2021-08-27/001/raw_photometry_data/raw_photometry.csv,/mnt/h0/kb/data/external_drive/HCW_S2_23082021/TCW_S1_27Aug2021/PhotometryData_M1_M4_TCW_S1_27Aug2021.csv,/mnt/h0/kb/data/external_drive/HCW_S2_23082021/TCW_S1_27Aug2021/DI1_M1_M4_TCW_S1_27Aug2021.csv,TRUE,TRUE,raw_behavior_data/_iblrig_taskData.raw.jsonable,91,91,-14.99816392,0
3,ZFM-03062,2021-08-27,5HT,d2453284-c893-4a54-a5e7-f015854c727f,probe02,Region4G,,1,,/mnt/h0/kb/data/one/mainenlab/Subjects/ZFM-03062/2021-08-27/001/raw_photometry_data/raw_photometry.csv,/mnt/h0/kb/data/external_drive/HCW_S2_23082021/TCW_S1_27Aug2021/PhotometryData_M3_M2_TCW_S1_27Aug2021.csv,/mnt/h0/kb/data/external_drive/HCW_S2_23082021/TCW_S1_27Aug2021/DI1_M3_M2_TCW_S1_27Aug2021.csv,TRUE,TRUE,raw_behavior_data/_iblrig_taskData.raw.jsonable,266,265,-11.49703759,-1
4,ZFM-03065,2021-08-27,5HT,fe2a712b-014b-47e7-b2ac-f85d0571cf44,probe03,Region1G,,0,,/mnt/h0/kb/data/one/mainenlab/Subjects/ZFM-03065/2021-08-27/004/raw_photometry_data/raw_photometry.csv,/mnt/h0/kb/data/external_drive/HCW_S2_23082021/TCW_S1_27Aug2021/PhotometryData_M3_M2_TCW_S1_27Aug2021.csv,/mnt/h0/kb/data/external_drive/HCW_S2_23082021/TCW_S1_27Aug2021/DI0_M3_M2_TCW_S1_27Aug2021.csv,TRUE,TRUE,raw_behavior_data/_iblrig_taskData.raw.jsonable,178,173,49.72305352,-5
5,ZFM-03059,2021-08-30,5HT,00575787-7b8a-431a-a70e-1df857871a64,probe01,Region1G,,0,new,/mnt/h0/kb/data/external_drive/HCW_S2_23082021/Sorted_Files/2021-08-30/PhotometryData_M1_M4_TCW_S2_30Aug2021.csv,/mnt/h0/kb/data/external_drive/HCW_S2_23082021/TCW_S2_30Aug2021/PhotometryData_M1_M4_TCW_S2_30Aug2021.csv,/mnt/h0/kb/data/external_drive/HCW_S2_23082021/TCW_S2_30Aug2021/DI0_M1_M4_TCW_S2_30Aug2021.csv,TRUE,TRUE,raw_behavior_data/_iblrig_taskData.raw.jsonable,279,278,-4.871060065,-1
6,ZFM-03061,2021-08-30,5HT,23f10df6-fa11-44d1-8f71-07145f3c65a1,probe04,Region4G,,1,new,/mnt/h0/kb/data/external_drive/HCW_S2_23082021/Sorted_Files/2021-08-30/PhotometryData_M1_M4_TCW_S2_30Aug2021.csv,/mnt/h0/kb/data/external_drive/HCW_S2_23082021/TCW_S2_30Aug2021/PhotometryData_M1_M4_TCW_S2_30Aug2021.csv,/mnt/h0/kb/data/external_drive/HCW_S2_23082021/TCW_S2_30Aug2021/DI1_M1_M4_TCW_S2_30Aug2021.csv,TRUE,TRUE,raw_behavior_data/_iblrig_taskData.raw.jsonable,141,141,-21.07566365,0
7,ZFM-03061,2021-08-30,5HT,23f10df6-fa11-44d1-8f71-07145f3c65a1,probe05,Region6G,,1,new,/mnt/h0/kb/data/external_drive/HCW_S2_23082021/Sorted_Files/2021-08-30/PhotometryData_M1_M4_TCW_S2_30Aug2021.csv,/mnt/h0/kb/data/external_drive/HCW_S2_23082021/TCW_S2_30Aug2021/PhotometryData_M1_M4_TCW_S2_30Aug2021.csv,/mnt/h0/kb/data/external_drive/HCW_S2_23082021/TCW_S2_30Aug2021/DI1_M1_M4_TCW_S2_30Aug2021.csv,TRUE,TRUE,raw_behavior_data/_iblrig_taskData.raw.jsonable,141,141,-21.07566365,0
8,ZFM-03062,2021-08-30,5HT,c2b953bd-e24e-410a-be4e-b3dd6ef373b8,probe02,Region4G,,1,,/mnt/h0/kb/data/one/mainenlab/Subjects/ZFM-03062/2021-08-30/002/raw_photometry_data/raw_photometry.csv,/mnt/h0/kb/data/external_drive/HCW_S2_23082021/TCW_S2_30Aug2021/PhotometryData_M3_M2_TCW_S2_30Aug2021.csv,/mnt/h0/kb/data/external_drive/HCW_S2_23082021/TCW_S2_30Aug2021/DI1_M3_M2_TCW_S2_30Aug2021.csv,TRUE,TRUE,raw_behavior_data/_iblrig_taskData.raw.jsonable,354,353,-21.80038429,-1
9,ZFM-03065,2021-08-30,5HT,f2a6559d-1e45-4e83-8f65-1295ef50ed4b,probe03,Region1G,,0,,/mnt/h0/kb/data/one/mainenlab/Subjects/ZFM-03065/2021-08-30/001/raw_photometry_data/raw_photometry.csv,/mnt/h0/kb/data/external_drive/HCW_S2_23082021/TCW_S2_30Aug2021/PhotometryData_M3_M2_TCW_S2_30Aug2021.csv,/mnt/h0/kb/data/external_drive/HCW_S2_23082021/TCW_S2_30Aug2021/DI0_M3_M2_TCW_S2_30Aug2021.csv,TRUE,TRUE,raw_behavior_data/_iblrig_taskData.raw.jsonable,270,269,-4.780158852,-1
10,ZFM-03059,2021-08-31,5HT,12b299c1-69de-4c40-a8a3-c83d13d77a31,probe01,Region1G,,0,new,/mnt/h0/kb/data/external_drive/HCW_S2_23082021/Sorted_Files/2021-08-31/PhotometryData_M1_M4_TCW_S3_31Aug2021.csv,/mnt/h0/kb/data/external_drive/HCW_S2_23082021/TCW_S3_31Aug2021/PhotometryData_M1_M4_TCW_S3_31Aug2021.csv,/mnt/h0/kb/data/external_drive/HCW_S2_23082021/TCW_S3_31Aug2021/DI0_M1_M4_TCW_S3_31Aug2021.csv,TRUE,TRUE,raw_behavior_data/_iblrig_taskData.raw.jsonable,226,225,-13.80280401,-1
11,ZFM-03061,2021-08-31,5HT,ecb124ad-ff23-497b-9143-8383f5dc55dd,probe05,Region4G,,1,new,/mnt/h0/kb/data/external_drive/HCW_S2_23082021/Sorted_Files/2021-08-31/PhotometryData_M1_M4_TCW_S3_31Aug2021.csv,/mnt/h0/kb/data/external_drive/HCW_S2_23082021/TCW_S3_31Aug2021/PhotometryData_M1_M4_TCW_S3_31Aug2021.csv,/mnt/h0/kb/data/external_drive/HCW_S2_23082021/TCW_S3_31Aug2021/DI1_M1_M4_TCW_S3_31Aug2021.csv,TRUE,TRUE,raw_behavior_data/_iblrig_taskData.raw.jsonable,222,222,-20.66428815,0
12,ZFM-03061,2021-08-31,5HT,ecb124ad-ff23-497b-9143-8383f5dc55dd,probe04,Region6G,,1,new,/mnt/h0/kb/data/external_drive/HCW_S2_23082021/Sorted_Files/2021-08-31/PhotometryData_M1_M4_TCW_S3_31Aug2021.csv,/mnt/h0/kb/data/external_drive/HCW_S2_23082021/TCW_S3_31Aug2021/PhotometryData_M1_M4_TCW_S3_31Aug2021.csv,/mnt/h0/kb/data/external_drive/HCW_S2_23082021/TCW_S3_31Aug2021/DI1_M1_M4_TCW_S3_31Aug2021.csv,TRUE,TRUE,raw_behavior_data/_iblrig_taskData.raw.jsonable,222,222,-20.66428815,0
13,ZFM-03062,2021-08-31,5HT,b7b186ee-1b36-4b1a-ae15-70078c472f97,probe02,Region4G,,1,,/mnt/h0/kb/data/one/mainenlab/Subjects/ZFM-03062/2021-08-31/002/raw_photometry_data/raw_photometry.csv,/mnt/h0/kb/data/external_drive/HCW_S2_23082021/TCW_S3_31Aug2021/PhotometryData_M3_M2_TCW_S3_31Aug2021.csv,/mnt/h0/kb/data/external_drive/HCW_S2_23082021/TCW_S3_31Aug2021/DI1_M3_M2_TCW_S3_31Aug2021.csv,TRUE,TRUE,raw_behavior_data/_iblrig_taskData.raw.jsonable,390,389,14.53909584,-1
14,ZFM-03065,2021-08-31,5HT,c5cdd496-7400-4c0f-b326-55016bce4fcf,probe03,Region1G,,0,,/mnt/h0/kb/data/one/mainenlab/Subjects/ZFM-03065/2021-08-31/002/raw_photometry_data/raw_photometry.csv,/mnt/h0/kb/data/external_drive/HCW_S2_23082021/TCW_S3_31Aug2021/PhotometryData_M3_M2_TCW_S3_31Aug2021.csv,/mnt/h0/kb/data/external_drive/HCW_S2_23082021/TCW_S3_31Aug2021/DI0_M3_M2_TCW_S3_31Aug2021.csv,TRUE,TRUE,raw_behavior_data/_iblrig_taskData.raw.jsonable,344,343,-30.00210328,-1
15,ZFM-03059,2021-09-01,5HT,fd22820d-a2c2-4c06-b90e-f399344e1c0a,probe01,Region1G,,0,,/mnt/h0/kb/data/one/mainenlab/Subjects/ZFM-03059/2021-09-01/001/raw_photometry_data/raw_photometry.csv,/mnt/h0/kb/data/external_drive/HCW_S2_23082021/TCW_S4_01Sep2021/PhotometryData_M1_M4_TCW_S4_01Sep2021.csv,/mnt/h0/kb/data/external_drive/HCW_S2_23082021/TCW_S4_01Sep2021/DI0_M1_M4_TCW_S4_01Sep2021.csv,TRUE,TRUE,raw_behavior_data/_iblrig_taskData.raw.jsonable,214,213,-1.65943635,-1
16,ZFM-03061,2021-09-01,5HT,5a7a0c65-f296-45e6-8a30-64c2e90f5047,probe04,Region4G,,1,,/mnt/h0/kb/data/one/mainenlab/Subjects/ZFM-03061/2021-09-01/001/raw_photometry_data/raw_photometry.csv,/mnt/h0/kb/data/external_drive/HCW_S2_23082021/TCW_S4_01Sep2021/PhotometryData_M1_M4_TCW_S4_01Sep2021.csv,/mnt/h0/kb/data/external_drive/HCW_S2_23082021/TCW_S4_01Sep2021/DI1_M1_M4_TCW_S4_01Sep2021.csv,TRUE,TRUE,raw_behavior_data/_iblrig_taskData.raw.jsonable,300,300,-8.889185698,0
17,ZFM-03061,2021-09-01,5HT,5a7a0c65-f296-45e6-8a30-64c2e90f5047,probe05,Region6G,,1,,/mnt/h0/kb/data/one/mainenlab/Subjects/ZFM-03061/2021-09-01/001/raw_photometry_data/raw_photometry.csv,/mnt/h0/kb/data/external_drive/HCW_S2_23082021/TCW_S4_01Sep2021/PhotometryData_M1_M4_TCW_S4_01Sep2021.csv,/mnt/h0/kb/data/external_drive/HCW_S2_23082021/TCW_S4_01Sep2021/DI1_M1_M4_TCW_S4_01Sep2021.csv,TRUE,TRUE,raw_behavior_data/_iblrig_taskData.raw.jsonable,300,300,-8.889185698,0
18,ZFM-03062,2021-09-01,5HT,27f7dd36-9a7c-4bbb-98ba-7d0c9efc9c6e,probe02,Region4G,,1,new,/mnt/h0/kb/data/external_drive/HCW_S2_23082021/Sorted_Files/2021-09-01/PhotometryData_M3_M2_TCW_S4_01Sep2021_2.csv,/mnt/h0/kb/data/external_drive/HCW_S2_23082021/TCW_S4_01Sep2021/PhotometryData_M3_M2_TCW_S4_01Sep2021_2.csv,/mnt/h0/kb/data/external_drive/HCW_S2_23082021/TCW_S4_01Sep2021/DI1_M3_M2_TCW_S4_01Sep2021_2.csv,TRUE,TRUE,raw_behavior_data/_iblrig_taskData.raw.jsonable,413,413,-1.356141513,0
19,ZFM-03065,2021-09-01,5HT,386e3195-48c0-4e5a-8e87-63482a68b8d1,probe03,Region1G,,0,new,/mnt/h0/kb/data/external_drive/HCW_S2_23082021/Sorted_Files/2021-09-01/PhotometryData_M3_M2_TCW_S4_01Sep2021_2.csv,/mnt/h0/kb/data/external_drive/HCW_S2_23082021/TCW_S4_01Sep2021/PhotometryData_M3_M2_TCW_S4_01Sep2021_2.csv,/mnt/h0/kb/data/external_drive/HCW_S2_23082021/TCW_S4_01Sep2021/DI0_M3_M2_TCW_S4_01Sep2021_2.csv,TRUE,TRUE,raw_behavior_data/_iblrig_taskData.raw.jsonable,340,339,8.666393168,-1
20,ZFM-03059,2021-09-02,5HT,272c7a84-1f76-4305-a355-4e2149726a9d,probe01,Region1G,,0,,/mnt/h0/kb/data/one/mainenlab/Subjects/ZFM-03059/2021-09-02/001/raw_photometry_data/raw_photometry.csv,/mnt/h0/kb/data/external_drive/HCW_S2_23082021/TCW_S5_02Sep2021/PhotometryData_M1_M4_TCW_S5_02Sep2021.csv,/mnt/h0/kb/data/external_drive/HCW_S2_23082021/TCW_S5_02Sep2021/DI0_M1_M4_TCW_S5_02Sep2021.csv,TRUE,TRUE,raw_behavior_data/_iblrig_taskData.raw.jsonable,378,377,-5.937693514,-1
21,ZFM-03061,2021-09-02,5HT,245e3c34-df59-49df-8644-19a41de2b5b1,probe04,Region4G,,1,,/mnt/h0/kb/data/one/mainenlab/Subjects/ZFM-03061/2021-09-02/001/raw_photometry_data/raw_photometry.csv,/mnt/h0/kb/data/external_drive/HCW_S2_23082021/TCW_S5_02Sep2021/PhotometryData_M1_M4_TCW_S5_02Sep2021.csv,/mnt/h0/kb/data/external_drive/HCW_S2_23082021/TCW_S5_02Sep2021/DI1_M1_M4_TCW_S5_02Sep2021.csv,TRUE,TRUE,raw_behavior_data/_iblrig_taskData.raw.jsonable,213,212,-9.47651965,-1
22,ZFM-03061,2021-09-02,5HT,245e3c34-df59-49df-8644-19a41de2b5b1,probe05,Region6G,,1,,/mnt/h0/kb/data/one/mainenlab/Subjects/ZFM-03061/2021-09-02/001/raw_photometry_data/raw_photometry.csv,/mnt/h0/kb/data/external_drive/HCW_S2_23082021/TCW_S5_02Sep2021/PhotometryData_M1_M4_TCW_S5_02Sep2021.csv,/mnt/h0/kb/data/external_drive/HCW_S2_23082021/TCW_S5_02Sep2021/DI1_M1_M4_TCW_S5_02Sep2021.csv,TRUE,TRUE,raw_behavior_data/_iblrig_taskData.raw.jsonable,213,212,-9.47651965,-1
23,ZFM-03062,2021-09-02,5HT,a4d68a06-ffc3-43f3-ae1d-f4d05124ed22,probe02,Region4G,,1,,/mnt/h0/kb/data/one/mainenlab/Subjects/ZFM-03062/2021-09-02/001/raw_photometry_data/raw_photometry.csv,/mnt/h0/kb/data/external_drive/HCW_S2_23082021/TCW_S5_02Sep2021/PhotometryData_M3_M2_TCW_S5_02Sep2021_2.csv,/mnt/h0/kb/data/external_drive/HCW_S2_23082021/TCW_S5_02Sep2021/DI1_M3_M2_TCW_S5_02Sep2021_2.csv,TRUE,TRUE,raw_behavior_data/_iblrig_taskData.raw.jsonable,266,265,-22.81014547,-1
24,ZFM-03065,2021-09-02,5HT,92bf91b5-75db-4e95-8623-fd32c615558f,probe03,Region1G,,0,,/mnt/h0/kb/data/one/mainenlab/Subjects/ZFM-03065/2021-09-02/001/raw_photometry_data/raw_photometry.csv,/mnt/h0/kb/data/external_drive/HCW_S2_23082021/TCW_S5_02Sep2021/PhotometryData_M3_M2_TCW_S5_02Sep2021_2.csv,/mnt/h0/kb/data/external_drive/HCW_S2_23082021/TCW_S5_02Sep2021/DI0_M3_M2_TCW_S5_02Sep2021_2.csv,TRUE,TRUE,raw_behavior_data/_iblrig_taskData.raw.jsonable,212,211,-13.57893632,-1
25,ZFM-03059,2021-09-03,5HT,e04536b2-b161-478e-af3a-d04bc1ab33ee,probe01,Region1G,,0,,/mnt/h0/kb/data/one/mainenlab/Subjects/ZFM-03059/2021-09-03/001/raw_photometry_data/raw_photometry.csv,/mnt/h0/kb/data/external_drive/HCW_S2_23082021/TCW_S6_03Sep2021/PhotometryData_M1_M4_TCW_S6_03Sep2021.csv,/mnt/h0/kb/data/external_drive/HCW_S2_23082021/TCW_S6_03Sep2021/DI0_M1_M4_TCW_S6_03Sep2021.csv,TRUE,TRUE,raw_behavior_data/_iblrig_taskData.raw.jsonable,404,403,-0.1077550077,-1
26,ZFM-03061,2021-09-03,5HT,ac37db31-64f3-4558-a255-3f5c49154b9b,probe04,Region4G,,1,,/mnt/h0/kb/data/one/mainenlab/Subjects/ZFM-03061/2021-09-03/001/raw_photometry_data/raw_photometry.csv,/mnt/h0/kb/data/external_drive/HCW_S2_23082021/TCW_S6_03Sep2021/PhotometryData_M1_M4_TCW_S6_03Sep2021.csv,/mnt/h0/kb/data/external_drive/HCW_S2_23082021/TCW_S6_03Sep2021/DI1_M1_M4_TCW_S6_03Sep2021.csv,TRUE,TRUE,raw_behavior_data/_iblrig_taskData.raw.jsonable,385,384,3.065487499,-1
27,ZFM-03061,2021-09-03,5HT,ac37db31-64f3-4558-a255-3f5c49154b9b,probe05,Region6G,,1,,/mnt/h0/kb/data/one/mainenlab/Subjects/ZFM-03061/2021-09-03/001/raw_photometry_data/raw_photometry.csv,/mnt/h0/kb/data/external_drive/HCW_S2_23082021/TCW_S6_03Sep2021/PhotometryData_M1_M4_TCW_S6_03Sep2021.csv,/mnt/h0/kb/data/external_drive/HCW_S2_23082021/TCW_S6_03Sep2021/DI1_M1_M4_TCW_S6_03Sep2021.csv,TRUE,TRUE,raw_behavior_data/_iblrig_taskData.raw.jsonable,385,384,3.065487499,-1
28,ZFM-03062,2021-09-03,5HT,3f4e6cd3-e402-4de5-84c8-f0ebb9a93fe8,probe02,Region4G,,1,,/mnt/h0/kb/data/one/mainenlab/Subjects/ZFM-03062/2021-09-03/001/raw_photometry_data/raw_photometry.csv,/mnt/h0/kb/data/external_drive/HCW_S2_23082021/TCW_S6_03Sep2021/PhotometryData_M3_M2_TCW_S6_03Sep2021.csv,/mnt/h0/kb/data/external_drive/HCW_S2_23082021/TCW_S6_03Sep2021/DI1_M3_M2_TCW_S6_03Sep2021.csv,TRUE,TRUE,raw_behavior_data/_iblrig_taskData.raw.jsonable,397,396,-11.8483928,-1
29,ZFM-03065,2021-09-03,5HT,48c4f78b-92f7-4ee2-b9c1-5f807197b5e9,probe03,Region1G,,0,,/mnt/h0/kb/data/one/mainenlab/Subjects/ZFM-03065/2021-09-03/001/raw_photometry_data/raw_photometry.csv,/mnt/h0/kb/data/external_drive/HCW_S2_23082021/TCW_S6_03Sep2021/PhotometryData_M3_M2_TCW_S6_03Sep2021.csv,/mnt/h0/kb/data/external_drive/HCW_S2_23082021/TCW_S6_03Sep2021/DI0_M3_M2_TCW_S6_03Sep2021.csv,TRUE,TRUE,raw_behavior_data/_iblrig_taskData.raw.jsonable,238,237,0.5994261178,-1
30,ZFM-03059,2021-09-06,5HT,9557f20a-e1ef-44d5-9859-20d1c3854175,probe01,Region1G,,0,,/mnt/h0/kb/data/one/mainenlab/Subjects/ZFM-03059/2021-09-06/001/raw_photometry_data/raw_photometry.csv,/mnt/h0/kb/data/external_drive/HCW_S2_23082021/TCW_S7_06Sep2021/PhotometryData_M1_M4_TCW_S7_06Sep2021.csv,/mnt/h0/kb/data/external_drive/HCW_S2_23082021/TCW_S7_06Sep2021/DI0_M1_M4_TCW_S7_06Sep2021.csv,TRUE,TRUE,raw_behavior_data/_iblrig_taskData.raw.jsonable,405,405,-4.269485162,0
31,ZFM-03061,2021-09-06,5HT,b0e8c029-4bc5-4eb5-99b9-9896164efaea,probe04,Region4G,,1,,/mnt/h0/kb/data/one/mainenlab/Subjects/ZFM-03061/2021-09-06/001/raw_photometry_data/raw_photometry.csv,/mnt/h0/kb/data/external_drive/HCW_S2_23082021/TCW_S7_06Sep2021/PhotometryData_M1_M4_TCW_S7_06Sep2021.csv,/mnt/h0/kb/data/external_drive/HCW_S2_23082021/TCW_S7_06Sep2021/DI1_M1_M4_TCW_S7_06Sep2021.csv,TRUE,TRUE,raw_behavior_data/_iblrig_taskData.raw.jsonable,258,257,-19.82641045,-1
32,ZFM-03061,2021-09-06,5HT,b0e8c029-4bc5-4eb5-99b9-9896164efaea,probe05,Region6G,,1,,/mnt/h0/kb/data/one/mainenlab/Subjects/ZFM-03061/2021-09-06/001/raw_photometry_data/raw_photometry.csv,/mnt/h0/kb/data/external_drive/HCW_S2_23082021/TCW_S7_06Sep2021/PhotometryData_M1_M4_TCW_S7_06Sep2021.csv,/mnt/h0/kb/data/external_drive/HCW_S2_23082021/TCW_S7_06Sep2021/DI1_M1_M4_TCW_S7_06Sep2021.csv,TRUE,TRUE,raw_behavior_data/_iblrig_taskData.raw.jsonable,258,257,-19.82641045,-1
33,ZFM-03062,2021-09-06,5HT,b1e38acd-f65f-4395-ae4f-8fee34ca40c9,probe02,Region4G,,1,,/mnt/h0/kb/data/one/mainenlab/Subjects/ZFM-03062/2021-09-06/001/raw_photometry_data/raw_photometry.csv,/mnt/h0/kb/data/external_drive/HCW_S2_23082021/TCW_S7_06Sep2021/PhotometryData_M3_M2_TCW_S7_06Sep2021.csv,/mnt/h0/kb/data/external_drive/HCW_S2_23082021/TCW_S7_06Sep2021/DI1_M3_M2_TCW_S7_06Sep2021.csv,TRUE,TRUE,raw_behavior_data/_iblrig_taskData.raw.jsonable,361,360,-1.678228796,-1
34,ZFM-03065,2021-09-06,5HT,df775d7e-3890-4aa3-b7ef-0c6fe6f9abf8,probe03,Region1G,,0,,/mnt/h0/kb/data/one/mainenlab/Subjects/ZFM-03065/2021-09-06/001/raw_photometry_data/raw_photometry.csv,/mnt/h0/kb/data/external_drive/HCW_S2_23082021/TCW_S7_06Sep2021/PhotometryData_M3_M2_TCW_S7_06Sep2021.csv,/mnt/h0/kb/data/external_drive/HCW_S2_23082021/TCW_S7_06Sep2021/DI0_M3_M2_TCW_S7_06Sep2021.csv,TRUE,TRUE,raw_behavior_data/_iblrig_taskData.raw.jsonable,326,325,-5.089783208,-1
35,ZFM-03059,2021-09-07,5HT,0006f59b-b214-432a-bfb8-bdf66e009c91,probe01,Region1G,,0,new,/mnt/h0/kb/data/external_drive/HCW_S2_23082021/TCW_S8_07Sep2021/PhotometryData_M1_TCW_S8_07Sep2021.csv,/mnt/h0/kb/data/external_drive/HCW_S2_23082021/TCW_S8_07Sep2021/PhotometryData_M1_TCW_S8_07Sep2021,/mnt/h0/kb/data/external_drive/HCW_S2_23082021/TCW_S8_07Sep2021/DI0_M1_TCW_S8_07Sep2021.csv,TRUE,TRUE,raw_behavior_data/_iblrig_taskData.raw.jsonable,377,376,-2.226788139,-1
36,ZFM-03061,2021-09-07,5HT,58861dac-4b4c-4f82-83fb-33d98d67df3a,probe04,Region4G,,1,,/mnt/h0/kb/data/one/mainenlab/Subjects/ZFM-03061/2021-09-07/001/raw_photometry_data/raw_photometry.csv,/mnt/h0/kb/data/external_drive/HCW_S2_23082021/TCW_S8_07Sep2021/PhotometryData_M3_M4_TCW_S8_07Sep2021.csv,/mnt/h0/kb/data/external_drive/HCW_S2_23082021/TCW_S8_07Sep2021/DI1_M3_M4_TCW_S8_07Sep2021.csv,TRUE,TRUE,raw_behavior_data/_iblrig_taskData.raw.jsonable,320,319,-4.200542478,-1
37,ZFM-03061,2021-09-07,5HT,58861dac-4b4c-4f82-83fb-33d98d67df3a,probe05,Region6G,,1,,/mnt/h0/kb/data/one/mainenlab/Subjects/ZFM-03061/2021-09-07/001/raw_photometry_data/raw_photometry.csv,/mnt/h0/kb/data/external_drive/HCW_S2_23082021/TCW_S8_07Sep2021/PhotometryData_M3_M4_TCW_S8_07Sep2021.csv,/mnt/h0/kb/data/external_drive/HCW_S2_23082021/TCW_S8_07Sep2021/DI1_M3_M4_TCW_S8_07Sep2021.csv,TRUE,TRUE,raw_behavior_data/_iblrig_taskData.raw.jsonable,320,319,-4.200542478,-1
38,ZFM-03062,2021-09-07,5HT,40909756-d0ce-4146-9588-249bf97f074b,probe02,Region4G,,1,,/mnt/h0/kb/data/one/mainenlab/Subjects/ZFM-03062/2021-09-07/003/raw_photometry_data/raw_photometry.csv,/mnt/h0/kb/data/external_drive/HCW_S2_23082021/TCW_S8_07Sep2021/PhotometryData_M3_M2_TCW_S8_07Sep2021.csv,/mnt/h0/kb/data/external_drive/HCW_S2_23082021/TCW_S8_07Sep2021/DI1_M3_M2_TCW_S8_07Sep2021.csv,TRUE,TRUE,raw_behavior_data/_iblrig_taskData.raw.jsonable,130,129,-12.9544701,-1
39,ZFM-03065,2021-09-07,5HT,7c67fbd4-18c1-42f2-b989-8cbfde0d2374,probe03,Region1G,,0,new 2 photometry files,/mnt/h0/kb/data/external_drive/HCW_S2_23082021/TCW_S8_07Sep2021/PhotometryData_M3_M2_TCW_S8_07Sep2021.csv,/mnt/h0/kb/data/external_drive/HCW_S2_23082021/TCW_S8_07Sep2021/PhotometryData_M3_M2_TCW_S8_07Sep2021.csv,/mnt/h0/kb/data/external_drive/HCW_S2_23082021/TCW_S8_07Sep2021/DI0_M3_M4_TCW_S8_07Sep2021.csv,TRUE,TRUE,raw_behavior_data/_iblrig_taskData.raw.jsonable,436,435,-4.41566944,-1
40,ZFM-03059,2021-09-08,5HT,4edc1662-a165-48ef-a332-7172bfca71e7,probe01,Region1G,,0,,/mnt/h0/kb/data/one/mainenlab/Subjects/ZFM-03059/2021-09-08/002/raw_photometry_data/raw_photometry.csv,/mnt/h0/kb/data/external_drive/HCW_S2_23082021/TCW_S9_08Sep2021/PhotometryData_M1_M4_TCW_S9_08Sep2021_2.csv,/mnt/h0/kb/data/external_drive/HCW_S2_23082021/TCW_S9_08Sep2021/DI0_M1_M4_TCW_S9_08Sep2021_2.csv,TRUE,TRUE,raw_behavior_data/_iblrig_taskData.raw.jsonable,350,349,-0.4452960312,-1
41,ZFM-03061,2021-09-08,5HT,c0695424-7477-4c43-8a28-9d9159ae7018,probe04,Region4G,,1,,/mnt/h0/kb/data/one/mainenlab/Subjects/ZFM-03061/2021-09-08/002/raw_photometry_data/raw_photometry.csv,/mnt/h0/kb/data/external_drive/HCW_S2_23082021/TCW_S9_08Sep2021/PhotometryData_M1_M4_TCW_S9_08Sep2021_2.csv,/mnt/h0/kb/data/external_drive/HCW_S2_23082021/TCW_S9_08Sep2021/DI1_M1_M4_TCW_S9_08Sep2021_2.csv,TRUE,TRUE,raw_behavior_data/_iblrig_taskData.raw.jsonable,254,253,-9.068409535,-1
42,ZFM-03061,2021-09-08,5HT,c0695424-7477-4c43-8a28-9d9159ae7018,probe05,Region6G,,1,,/mnt/h0/kb/data/one/mainenlab/Subjects/ZFM-03061/2021-09-08/002/raw_photometry_data/raw_photometry.csv,/mnt/h0/kb/data/external_drive/HCW_S2_23082021/TCW_S9_08Sep2021/PhotometryData_M1_M4_TCW_S9_08Sep2021_2.csv,/mnt/h0/kb/data/external_drive/HCW_S2_23082021/TCW_S9_08Sep2021/DI1_M1_M4_TCW_S9_08Sep2021_2.csv,TRUE,TRUE,raw_behavior_data/_iblrig_taskData.raw.jsonable,254,253,-9.068409535,-1
43,ZFM-03062,2021-09-08,5HT,e470c52d-25bc-4dac-9679-2dc0b7a3677f,probe02,Region4G,,1,,/mnt/h0/kb/data/one/mainenlab/Subjects/ZFM-03062/2021-09-08/001/raw_photometry_data/raw_photometry.csv,/mnt/h0/kb/data/external_drive/HCW_S2_23082021/TCW_S9_08Sep2021/PhotometryData_M3_M2_TCW_S9_08Sep2021.csv,/mnt/h0/kb/data/external_drive/HCW_S2_23082021/TCW_S9_08Sep2021/DI1_M3_M2_TCW_S9_08Sep2021.csv,TRUE,TRUE,raw_behavior_data/_iblrig_taskData.raw.jsonable,328,327,-21.87598994,-1
44,ZFM-03065,2021-09-08,5HT,26d6c415-23b0-4c49-b73e-b6cf2693df4d,probe03,Region1G,,0,,/mnt/h0/kb/data/one/mainenlab/Subjects/ZFM-03065/2021-09-08/001/raw_photometry_data/raw_photometry.csv,/mnt/h0/kb/data/external_drive/HCW_S2_23082021/TCW_S9_08Sep2021/PhotometryData_M3_M2_TCW_S9_08Sep2021.csv,/mnt/h0/kb/data/external_drive/HCW_S2_23082021/TCW_S9_08Sep2021/DI0_M3_M2_TCW_S9_08Sep2021.csv,TRUE,TRUE,raw_behavior_data/_iblrig_taskData.raw.jsonable,429,428,-3.881585025,-1
45,ZFM-03059,2021-09-09,5HT,dd549116-68a1-462d-90ef-f4e0ec5c69fc,probe01,Region1G,,0,,/mnt/h0/kb/data/one/mainenlab/Subjects/ZFM-03059/2021-09-09/003/raw_photometry_data/raw_photometry.csv,/mnt/h0/kb/data/external_drive/HCW_S2_23082021/TCW_S10_09Sep2021/PhotometryData_M1_M4_TCW_S10_09Sep2021.csv,/mnt/h0/kb/data/external_drive/HCW_S2_23082021/TCW_S10_09Sep2021/DI0_M1_M4_TCW_S10_09Sep2021.csv,TRUE,TRUE,raw_behavior_data/_iblrig_taskData.raw.jsonable,364,363,0.5393166578,-1
46,ZFM-03061,2021-09-09,5HT,b056ded5-b123-47eb-a62a-620fd79b130d,probe04,Region4G,,1,,/mnt/h0/kb/data/one/mainenlab/Subjects/ZFM-03061/2021-09-09/003/raw_photometry_data/raw_photometry.csv,/mnt/h0/kb/data/external_drive/HCW_S2_23082021/TCW_S10_09Sep2021/PhotometryData_M1_M4_TCW_S10_09Sep2021.csv,/mnt/h0/kb/data/external_drive/HCW_S2_23082021/TCW_S10_09Sep2021/DI1_M1_M4_TCW_S10_09Sep2021.csv,TRUE,TRUE,raw_behavior_data/_iblrig_taskData.raw.jsonable,286,285,13.03313597,-1
47,ZFM-03061,2021-09-09,5HT,b056ded5-b123-47eb-a62a-620fd79b130d,probe05,Region6G,,1,,/mnt/h0/kb/data/one/mainenlab/Subjects/ZFM-03061/2021-09-09/003/raw_photometry_data/raw_photometry.csv,/mnt/h0/kb/data/external_drive/HCW_S2_23082021/TCW_S10_09Sep2021/PhotometryData_M1_M4_TCW_S10_09Sep2021.csv,/mnt/h0/kb/data/external_drive/HCW_S2_23082021/TCW_S10_09Sep2021/DI1_M1_M4_TCW_S10_09Sep2021.csv,TRUE,TRUE,raw_behavior_data/_iblrig_taskData.raw.jsonable,286,285,13.03313597,-1
48,ZFM-03062,2021-09-09,5HT,24f6c366-99b8-4206-94f1-35a2067ce384,probe02,Region4G,,1,,/mnt/h0/kb/data/one/mainenlab/Subjects/ZFM-03062/2021-09-09/001/raw_photometry_data/raw_photometry.csv,/mnt/h0/kb/data/external_drive/HCW_S2_23082021/TCW_S10_09Sep2021/PhotometryData_M3_M2_TCW_S10_09Sep2021.csv,/mnt/h0/kb/data/external_drive/HCW_S2_23082021/TCW_S10_09Sep2021/DI1_M3_M2_TCW_S10_09Sep2021.csv,TRUE,TRUE,raw_behavior_data/_iblrig_taskData.raw.jsonable,268,267,-18.92382064,-1
49,ZFM-03065,2021-09-09,5HT,38c3ebde-c45d-442e-ac61-f42161cfc984,probe03,Region1G,,0,,/mnt/h0/kb/data/one/mainenlab/Subjects/ZFM-03065/2021-09-09/001/raw_photometry_data/raw_photometry.csv,/mnt/h0/kb/data/external_drive/HCW_S2_23082021/TCW_S10_09Sep2021/PhotometryData_M3_M2_TCW_S10_09Sep2021.csv,/mnt/h0/kb/data/external_drive/HCW_S2_23082021/TCW_S10_09Sep2021/DI0_M3_M2_TCW_S10_09Sep2021.csv,TRUE,TRUE,raw_behavior_data/_iblrig_taskData.raw.jsonable,472,471,-3.406563247,-1
50,ZFM-03059,2021-09-10,5HT,68f894bf-2268-4773-aa8d-ac8ab168320e,probe01,Region1G,,0,,/mnt/h0/kb/data/one/mainenlab/Subjects/ZFM-03059/2021-09-10/001/raw_photometry_data/raw_photometry.csv,/mnt/h0/kb/data/external_drive/HCW_S2_23082021/TCW_S11_10Sep2021/PhotometryData_M1_M4_TCW_S11_10Sep2021.csv,/mnt/h0/kb/data/external_drive/HCW_S2_23082021/TCW_S11_10Sep2021/DI0_M1_M4_TCW_S11_10Sep2021.csv,TRUE,TRUE,raw_behavior_data/_iblrig_taskData.raw.jsonable,245,245,-13.8063374,0
51,ZFM-03061,2021-09-10,5HT,e8180709-33f2-4f1f-87a8-af597c9c7260,probe04,Region4G,,1,,/mnt/h0/kb/data/one/mainenlab/Subjects/ZFM-03061/2021-09-10/001/raw_photometry_data/raw_photometry.csv,/mnt/h0/kb/data/external_drive/HCW_S2_23082021/TCW_S11_10Sep2021/PhotometryData_M1_M4_TCW_S11_10Sep2021.csv,/mnt/h0/kb/data/external_drive/HCW_S2_23082021/TCW_S11_10Sep2021/DI1_M1_M4_TCW_S11_10Sep2021.csv,TRUE,TRUE,raw_behavior_data/_iblrig_taskData.raw.jsonable,266,265,-7.106941572,-1
52,ZFM-03061,2021-09-10,5HT,e8180709-33f2-4f1f-87a8-af597c9c7260,probe05,Region6G,,1,,/mnt/h0/kb/data/one/mainenlab/Subjects/ZFM-03061/2021-09-10/001/raw_photometry_data/raw_photometry.csv,/mnt/h0/kb/data/external_drive/HCW_S2_23082021/TCW_S11_10Sep2021/PhotometryData_M1_M4_TCW_S11_10Sep2021.csv,/mnt/h0/kb/data/external_drive/HCW_S2_23082021/TCW_S11_10Sep2021/DI1_M1_M4_TCW_S11_10Sep2021.csv,TRUE,TRUE,raw_behavior_data/_iblrig_taskData.raw.jsonable,266,265,-7.106941572,-1
53,ZFM-03062,2021-09-10,5HT,f7bc369d-2408-4d23-a586-c58363b2a02b,probe02,Region4G,,1,new,/mnt/h0/kb/data/external_drive/HCW_S2_23082021/TCW_S11_10Sep2021/PhotometryData_M3_M2_TCW_S11_10Sep2021.csv,/mnt/h0/kb/data/external_drive/HCW_S2_23082021/TCW_S11_10Sep2021/PhotometryData_M3_M2_TCW_S11_10Sep2021.csv,/mnt/h0/kb/data/external_drive/HCW_S2_23082021/TCW_S11_10Sep2021/DI1_M3_M2_TCW_S11_10Sep2021.csv,TRUE,TRUE,raw_behavior_data/_iblrig_taskData.raw.jsonable,121,120,-4.879086299,-1
54,ZFM-03065,2021-09-10,5HT,32eaad6d-fd35-46e9-b7cb-22656d8e3375,probe03,Region1G,,0,,/mnt/h0/kb/data/one/mainenlab/Subjects/ZFM-03065/2021-09-10/001/raw_photometry_data/raw_photometry.csv,/mnt/h0/kb/data/external_drive/HCW_S2_23082021/TCW_S11_10Sep2021/PhotometryData_M3_M2_TCW_S11_10Sep2021.csv,/mnt/h0/kb/data/external_drive/HCW_S2_23082021/TCW_S11_10Sep2021/DI0_M3_M2_TCW_S11_10Sep2021.csv,TRUE,TRUE,raw_behavior_data/_iblrig_taskData.raw.jsonable,420,419,-7.118417244,-1
55,ZFM-03059,2021-09-13,5HT,e9bdcf2b-d0db-42f8-8dfe-3bb82711ff68,probe01,Region1G,,0,,/mnt/h0/kb/data/one/mainenlab/Subjects/ZFM-03059/2021-09-13/001/raw_photometry_data/raw_photometry.csv,/mnt/h0/kb/data/external_drive/HCW_S2_23082021/TCW_S12_13Sep2021/PhotometryData_M1_M4_TCW_S12_13Sep2021.csv,/mnt/h0/kb/data/external_drive/HCW_S2_23082021/TCW_S12_13Sep2021/DI0_M1_M4_TCW_S12_13Sep2021.csv,TRUE,TRUE,raw_behavior_data/_iblrig_taskData.raw.jsonable,499,499,-13.22362291,0
56,ZFM-03061,2021-09-13,5HT,54629413-fda5-4bbc-b88f-e8a30ccf9ba3,probe04,Region4G,,1,,/mnt/h0/kb/data/one/mainenlab/Subjects/ZFM-03061/2021-09-13/001/raw_photometry_data/raw_photometry.csv,/mnt/h0/kb/data/external_drive/HCW_S2_23082021/TCW_S12_13Sep2021/PhotometryData_M1_M4_TCW_S12_13Sep2021.csv,/mnt/h0/kb/data/external_drive/HCW_S2_23082021/TCW_S12_13Sep2021/DI1_M1_M4_TCW_S12_13Sep2021.csv,TRUE,TRUE,raw_behavior_data/_iblrig_taskData.raw.jsonable,321,320,-9.152621149,-1
57,ZFM-03061,2021-09-13,5HT,54629413-fda5-4bbc-b88f-e8a30ccf9ba3,probe05,Region6G,,1,,/mnt/h0/kb/data/one/mainenlab/Subjects/ZFM-03061/2021-09-13/001/raw_photometry_data/raw_photometry.csv,/mnt/h0/kb/data/external_drive/HCW_S2_23082021/TCW_S12_13Sep2021/PhotometryData_M1_M4_TCW_S12_13Sep2021.csv,/mnt/h0/kb/data/external_drive/HCW_S2_23082021/TCW_S12_13Sep2021/DI1_M1_M4_TCW_S12_13Sep2021.csv,TRUE,TRUE,raw_behavior_data/_iblrig_taskData.raw.jsonable,321,320,-9.152621149,-1
58,ZFM-03062,2021-09-13,5HT,035fa1d0-cc18-49fc-860f-044d57e4de25,probe02,Region4G,,1,,/mnt/h0/kb/data/one/mainenlab/Subjects/ZFM-03062/2021-09-13/001/raw_photometry_data/raw_photometry.csv,/mnt/h0/kb/data/external_drive/HCW_S2_23082021/TCW_S12_13Sep2021/PhotometryData_M3_M2_TCW_S12_13Sep2021.csv,/mnt/h0/kb/data/external_drive/HCW_S2_23082021/TCW_S12_13Sep2021/DI1_M3_M2_TCW_S12_13Sep2021.csv,TRUE,TRUE,raw_behavior_data/_iblrig_taskData.raw.jsonable,480,479,1.312094648,-1
59,ZFM-03065,2021-09-13,5HT,72e564aa-8416-48fb-a2b9-f9d23e6c7e4b,probe03,Region1G,,0,,/mnt/h0/kb/data/one/mainenlab/Subjects/ZFM-03065/2021-09-13/001/raw_photometry_data/raw_photometry.csv,/mnt/h0/kb/data/external_drive/HCW_S2_23082021/TCW_S12_13Sep2021/PhotometryData_M3_M2_TCW_S12_13Sep2021.csv,/mnt/h0/kb/data/external_drive/HCW_S2_23082021/TCW_S12_13Sep2021/DI0_M3_M2_TCW_S12_13Sep2021.csv,TRUE,TRUE,raw_behavior_data/_iblrig_taskData.raw.jsonable,462,461,-21.89339357,-1
60,ZFM-03059,2021-09-14,5HT,f869242e-d1f9-4b7e-a83d-7c794ca6ebbe,probe01,Region1G,,0,,/mnt/h0/kb/data/one/mainenlab/Subjects/ZFM-03059/2021-09-14/001/raw_photometry_data/raw_photometry.csv,/mnt/h0/kb/data/external_drive/HCW_S2_23082021/TCW_S13_14Sep2021/PhotometryData_M1_M4_TCW_S13_14Sep2021.csv,/mnt/h0/kb/data/external_drive/HCW_S2_23082021/TCW_S13_14Sep2021/DI0_M1_M4_TCW_S13_14Sep2021.csv,TRUE,TRUE,raw_behavior_data/_iblrig_taskData.raw.jsonable,307,306,6.148708075,-1
61,ZFM-03061,2021-09-14,5HT,39f5f80b-ac56-460c-a10b-a92e00cfd5e4,probe04,Region4G,,1,,/mnt/h0/kb/data/one/mainenlab/Subjects/ZFM-03061/2021-09-14/001/raw_photometry_data/raw_photometry.csv,/mnt/h0/kb/data/external_drive/HCW_S2_23082021/TCW_S13_14Sep2021/PhotometryData_M1_M4_TCW_S13_14Sep2021.csv,/mnt/h0/kb/data/external_drive/HCW_S2_23082021/TCW_S13_14Sep2021/DI1_M1_M4_TCW_S13_14Sep2021.csv,TRUE,TRUE,raw_behavior_data/_iblrig_taskData.raw.jsonable,281,280,17.55458825,-1
62,ZFM-03061,2021-09-14,5HT,39f5f80b-ac56-460c-a10b-a92e00cfd5e4,probe05,Region6G,,1,,/mnt/h0/kb/data/one/mainenlab/Subjects/ZFM-03061/2021-09-14/001/raw_photometry_data/raw_photometry.csv,/mnt/h0/kb/data/external_drive/HCW_S2_23082021/TCW_S13_14Sep2021/PhotometryData_M1_M4_TCW_S13_14Sep2021.csv,/mnt/h0/kb/data/external_drive/HCW_S2_23082021/TCW_S13_14Sep2021/DI1_M1_M4_TCW_S13_14Sep2021.csv,TRUE,TRUE,raw_behavior_data/_iblrig_taskData.raw.jsonable,281,280,17.55458825,-1
63,ZFM-03062,2021-09-14,5HT,8d1f87d1-58bf-4ac9-bc3b-9291ccc17535,probe02,Region4G,,1,,/mnt/h0/kb/data/external_drive/HCW_S2_23082021/Sorted_Files/2021-09-14/PhotometryData_M3_M2_TCW_S13_14Sep2021.csv,/mnt/h0/kb/data/external_drive/HCW_S2_23082021/TCW_S13_14Sep2021/PhotometryData_M3_M2_TCW_S13_14Sep2021.csv,/mnt/h0/kb/data/external_drive/HCW_S2_23082021/TCW_S13_14Sep2021/DI1_M3_M2_TCW_S13_14Sep2021.csv,TRUE,TRUE,raw_behavior_data/_iblrig_taskData.raw.jsonable,298,297,-14.63647829,-1
64,ZFM-03065,2021-09-14,5HT,a44f72af-755f-4d58-b9bb-c5b345bcd788,probe03,Region1G,,0,,/mnt/h0/kb/data/one/mainenlab/Subjects/ZFM-03065/2021-09-14/001/raw_photometry_data/raw_photometry.csv,/mnt/h0/kb/data/external_drive/HCW_S2_23082021/TCW_S13_14Sep2021/PhotometryData_M3_M2_TCW_S13_14Sep2021.csv,/mnt/h0/kb/data/external_drive/HCW_S2_23082021/TCW_S13_14Sep2021/DI0_M3_M2_TCW_S13_14Sep2021.csv,TRUE,TRUE,raw_behavior_data/_iblrig_taskData.raw.jsonable,463,462,0.2415418193,-1
65,ZFM-03059,2021-09-15,5HT,929662b6-4182-4ee7-8a50-ec788520c9e2,probe01,Region1G,,0,,/mnt/h0/kb/data/one/mainenlab/Subjects/ZFM-03059/2021-09-15/001/raw_photometry_data/raw_photometry.csv,/mnt/h0/kb/data/external_drive/HCW_S2_23082021/TCW_S14_15Sep2021/PhotometryData_M1_M4_TCW_S14_15Sep2021.csv,/mnt/h0/kb/data/external_drive/HCW_S2_23082021/TCW_S14_15Sep2021/DI0_M1_M4_TCW_S14_15Sep2021.csv,TRUE,TRUE,raw_behavior_data/_iblrig_taskData.raw.jsonable,377,376,-28.5267791,-1
66,ZFM-03061,2021-09-15,5HT,b1169c12-b9ab-4b7f-8731-32732dde116e,probe04,Region4G,,1,,/mnt/h0/kb/data/one/mainenlab/Subjects/ZFM-03061/2021-09-15/001/raw_photometry_data/raw_photometry.csv,/mnt/h0/kb/data/external_drive/HCW_S2_23082021/TCW_S14_15Sep2021/PhotometryData_M1_M4_TCW_S14_15Sep2021.csv,/mnt/h0/kb/data/external_drive/HCW_S2_23082021/TCW_S14_15Sep2021/DI1_M1_M4_TCW_S14_15Sep2021.csv,TRUE,TRUE,raw_behavior_data/_iblrig_taskData.raw.jsonable,255,254,-13.26494435,-1
67,ZFM-03061,2021-09-15,5HT,b1169c12-b9ab-4b7f-8731-32732dde116e,probe05,Region6G,,1,,/mnt/h0/kb/data/one/mainenlab/Subjects/ZFM-03061/2021-09-15/001/raw_photometry_data/raw_photometry.csv,/mnt/h0/kb/data/external_drive/HCW_S2_23082021/TCW_S14_15Sep2021/PhotometryData_M1_M4_TCW_S14_15Sep2021.csv,/mnt/h0/kb/data/external_drive/HCW_S2_23082021/TCW_S14_15Sep2021/DI1_M1_M4_TCW_S14_15Sep2021.csv,TRUE,TRUE,raw_behavior_data/_iblrig_taskData.raw.jsonable,255,254,-13.26494435,-1
68,ZFM-03062,2021-09-15,5HT,619cbbfc-299a-4cdf-92ab-e81c9ef6fbfe,probe02,Region4G,,1,,/mnt/h0/kb/data/one/mainenlab/Subjects/ZFM-03062/2021-09-15/001/raw_photometry_data/raw_photometry.csv,/mnt/h0/kb/data/external_drive/HCW_S2_23082021/TCW_S14_15Sep2021/PhotometryData_M3_M2_TCW_S14_15Sep2021.csv,/mnt/h0/kb/data/external_drive/HCW_S2_23082021/TCW_S14_15Sep2021/DI1_M3_M2_TCW_S14_15Sep2021.csv,TRUE,TRUE,raw_behavior_data/_iblrig_taskData.raw.jsonable,314,313,-10.49817064,-1
69,ZFM-03065,2021-09-15,5HT,4aaa7935-f74d-4797-a26d-598448328795,probe03,Region1G,,0,,/mnt/h0/kb/data/one/mainenlab/Subjects/ZFM-03065/2021-09-15/002/raw_photometry_data/raw_photometry.csv,/mnt/h0/kb/data/external_drive/HCW_S2_23082021/TCW_S14_15Sep2021/PhotometryData_M3_M2_TCW_S14_15Sep2021.csv,/mnt/h0/kb/data/external_drive/HCW_S2_23082021/TCW_S14_15Sep2021/DI0_M3_M2_TCW_S14_15Sep2021.csv,TRUE,TRUE,raw_behavior_data/_iblrig_taskData.raw.jsonable,470,469,-18.29951232,-1
70,ZFM-03059,2021-09-16,5HT,db7b2ae8-4c68-4b3f-9851-9c87a3360569,probe01,Region1G,,0,,/mnt/h0/kb/data/one/mainenlab/Subjects/ZFM-03059/2021-09-16/001/raw_photometry_data/raw_photometry.csv,/mnt/h0/kb/data/external_drive/HCW_S2_23082021/TCW_S15_16Sep2021/PhotometryData_M1_M4_TCW_S15_16Sep2021.csv,/mnt/h0/kb/data/external_drive/HCW_S2_23082021/TCW_S15_16Sep2021/DI0_M1_M4_TCW_S15_16Sep2021.csv,TRUE,TRUE,raw_behavior_data/_iblrig_taskData.raw.jsonable,487,486,-12.00348466,-1
71,ZFM-03061,2021-09-16,5HT,a2fd41dd-fdc4-4fd7-af82-d683efe815b5,probe04,Region4G,,1,,/mnt/h0/kb/data/one/mainenlab/Subjects/ZFM-03061/2021-09-16/001/raw_photometry_data/raw_photometry.csv,/mnt/h0/kb/data/external_drive/HCW_S2_23082021/TCW_S15_16Sep2021/PhotometryData_M1_M4_TCW_S15_16Sep2021.csv,/mnt/h0/kb/data/external_drive/HCW_S2_23082021/TCW_S15_16Sep2021/DI1_M1_M4_TCW_S15_16Sep2021.csv,TRUE,TRUE,raw_behavior_data/_iblrig_taskData.raw.jsonable,255,254,-22.15616863,-1
72,ZFM-03061,2021-09-16,5HT,a2fd41dd-fdc4-4fd7-af82-d683efe815b5,probe05,Region6G,,1,,/mnt/h0/kb/data/one/mainenlab/Subjects/ZFM-03061/2021-09-16/001/raw_photometry_data/raw_photometry.csv,/mnt/h0/kb/data/external_drive/HCW_S2_23082021/TCW_S15_16Sep2021/PhotometryData_M1_M4_TCW_S15_16Sep2021.csv,/mnt/h0/kb/data/external_drive/HCW_S2_23082021/TCW_S15_16Sep2021/DI1_M1_M4_TCW_S15_16Sep2021.csv,TRUE,TRUE,raw_behavior_data/_iblrig_taskData.raw.jsonable,255,254,-22.15616863,-1
73,ZFM-03062,2021-09-16,5HT,64cda8cf-5a4b-4da0-b9d1-5757c9ad0d7f,probe02,Region4G,,1,,/mnt/h0/kb/data/one/mainenlab/Subjects/ZFM-03062/2021-09-16/001/raw_photometry_data/raw_photometry.csv,/mnt/h0/kb/data/external_drive/HCW_S2_23082021/TCW_S15_16Sep2021/PhotometryData_M3_M2_TCW_S15_16Sep2021.csv,/mnt/h0/kb/data/external_drive/HCW_S2_23082021/TCW_S15_16Sep2021/DI1_M3_M2_TCW_S15_16Sep2021.csv,TRUE,TRUE,raw_behavior_data/_iblrig_taskData.raw.jsonable,325,325,-9.674833378,0
74,ZFM-03065,2021-09-16,5HT,8d9a50bf-8ec7-41f6-a435-de88a6176b06,probe03,Region1G,,0,,/mnt/h0/kb/data/one/mainenlab/Subjects/ZFM-03065/2021-09-16/001/raw_photometry_data/raw_photometry.csv,/mnt/h0/kb/data/external_drive/HCW_S2_23082021/TCW_S15_16Sep2021/PhotometryData_M3_M2_TCW_S15_16Sep2021.csv,/mnt/h0/kb/data/external_drive/HCW_S2_23082021/TCW_S15_16Sep2021/DI0_M3_M2_TCW_S15_16Sep2021.csv,TRUE,TRUE,raw_behavior_data/_iblrig_taskData.raw.jsonable,454,453,-5.113464715,-1
75,ZFM-03059,2021-09-17,5HT,b7811cca-e73d-452c-bed5-a918cbee7aa5,probe01,Region1G,,0,,/mnt/h0/kb/data/one/mainenlab/Subjects/ZFM-03059/2021-09-17/001/raw_photometry_data/raw_photometry.csv,/mnt/h0/kb/data/external_drive/HCW_S2_23082021/TCW_S16_17Sep2021/PhotometryData_M1_M4_TCW_S16_17Sep2021.csv,/mnt/h0/kb/data/external_drive/HCW_S2_23082021/TCW_S16_17Sep2021/DI0_M1_M4_TCW_S16_17Sep2021.csv,TRUE,TRUE,raw_behavior_data/_iblrig_taskData.raw.jsonable,738,737,-1.46483355,-1
76,ZFM-03061,2021-09-17,5HT,eb87e5ba-ecbd-4659-87ae-0ec6269cdc5f,probe04,Region4G,,1,,/mnt/h0/kb/data/one/mainenlab/Subjects/ZFM-03061/2021-09-17/001/raw_photometry_data/raw_photometry.csv,/mnt/h0/kb/data/external_drive/HCW_S2_23082021/TCW_S16_17Sep2021/PhotometryData_M1_M4_TCW_S16_17Sep2021.csv,/mnt/h0/kb/data/external_drive/HCW_S2_23082021/TCW_S16_17Sep2021/DI1_M1_M4_TCW_S16_17Sep2021.csv,TRUE,TRUE,raw_behavior_data/_iblrig_taskData.raw.jsonable,243,242,-2.934577415,-1
77,ZFM-03061,2021-09-17,5HT,eb87e5ba-ecbd-4659-87ae-0ec6269cdc5f,probe05,Region6G,,1,,/mnt/h0/kb/data/one/mainenlab/Subjects/ZFM-03061/2021-09-17/001/raw_photometry_data/raw_photometry.csv,/mnt/h0/kb/data/external_drive/HCW_S2_23082021/TCW_S16_17Sep2021/PhotometryData_M1_M4_TCW_S16_17Sep2021.csv,/mnt/h0/kb/data/external_drive/HCW_S2_23082021/TCW_S16_17Sep2021/DI1_M1_M4_TCW_S16_17Sep2021.csv,TRUE,TRUE,raw_behavior_data/_iblrig_taskData.raw.jsonable,243,242,-2.934577415,-1
78,ZFM-03062,2021-09-17,5HT,a0eab3c3-e882-4e6d-912b-400563d506eb,probe02,Region4G,,1,,/mnt/h0/kb/data/one/mainenlab/Subjects/ZFM-03062/2021-09-17/001/raw_photometry_data/raw_photometry.csv,/mnt/h0/kb/data/external_drive/HCW_S2_23082021/TCW_S16_17Sep2021/PhotometryData_M3_M2_TCW_S16_17Sep2021.csv,/mnt/h0/kb/data/external_drive/HCW_S2_23082021/TCW_S16_17Sep2021/DI1_M3_M2_TCW_S16_17Sep2021.csv,TRUE,TRUE,raw_behavior_data/_iblrig_taskData.raw.jsonable,386,385,-3.323667231,-1
79,ZFM-03065,2021-09-17,5HT,cfde85f3-e385-46e8-9068-ec7c1d6387d7,probe03,Region1G,,0,,/mnt/h0/kb/data/one/mainenlab/Subjects/ZFM-03065/2021-09-17/001/raw_photometry_data/raw_photometry.csv,/mnt/h0/kb/data/external_drive/HCW_S2_23082021/TCW_S16_17Sep2021/PhotometryData_M3_M2_TCW_S16_17Sep2021.csv,/mnt/h0/kb/data/external_drive/HCW_S2_23082021/TCW_S16_17Sep2021/DI0_M3_M2_TCW_S16_17Sep2021.csv,TRUE,TRUE,raw_behavior_data/_iblrig_taskData.raw.jsonable,397,396,1.556561922,-1
80,ZFM-03059,2021-09-20,5HT,fb11c0f9-f93f-4803-9a67-371dfb56bdd8,probe01,Region1G,,0,,/mnt/h0/kb/data/one/mainenlab/Subjects/ZFM-03059/2021-09-20/001/raw_photometry_data/raw_photometry.csv,/mnt/h0/kb/data/external_drive/HCW_S2_23082021/TCW_S17_20Sep2021/PhotometryData_M1_M4_TCW_S17_20Sep2021_2.csv,/mnt/h0/kb/data/external_drive/HCW_S2_23082021/TCW_S17_20Sep2021/DI0_M1_M4_TCW_S17_20Sep2021_2.csv,TRUE,TRUE,raw_behavior_data/_iblrig_taskData.raw.jsonable,570,569,1.116334659,-1
81,ZFM-03061,2021-09-20,5HT,ba59b4de-cc3a-4983-b2d6-f7e809b478bb,probe04,Region4G,,1,,/mnt/h0/kb/data/one/mainenlab/Subjects/ZFM-03061/2021-09-20/001/raw_photometry_data/raw_photometry.csv,/mnt/h0/kb/data/external_drive/HCW_S2_23082021/TCW_S17_20Sep2021/PhotometryData_M1_M4_TCW_S17_20Sep2021_2.csv,/mnt/h0/kb/data/external_drive/HCW_S2_23082021/TCW_S17_20Sep2021/DI1_M1_M4_TCW_S17_20Sep2021_2.csv,TRUE,TRUE,raw_behavior_data/_iblrig_taskData.raw.jsonable,354,353,-19.82930052,-1
82,ZFM-03061,2021-09-20,5HT,ba59b4de-cc3a-4983-b2d6-f7e809b478bb,probe05,Region6G,,1,,/mnt/h0/kb/data/one/mainenlab/Subjects/ZFM-03061/2021-09-20/001/raw_photometry_data/raw_photometry.csv,/mnt/h0/kb/data/external_drive/HCW_S2_23082021/TCW_S17_20Sep2021/PhotometryData_M1_M4_TCW_S17_20Sep2021_2.csv,/mnt/h0/kb/data/external_drive/HCW_S2_23082021/TCW_S17_20Sep2021/DI1_M1_M4_TCW_S17_20Sep2021_2.csv,TRUE,TRUE,raw_behavior_data/_iblrig_taskData.raw.jsonable,354,353,-19.82930052,-1
83,ZFM-03062,2021-09-20,5HT,61f39a24-482b-47c0-a1a0-a5541a268f1b,probe02,Region4G,,1,there are 2 sessions because the task stopped in both rigs for mice 62 and 65,/mnt/h0/kb/data/external_drive/HCW_S2_23082021/TCW_S17_20Sep2021/PhotometryData_M3_M2_TCW_S17_20Sep2021_2.csv,/mnt/h0/kb/data/external_drive/HCW_S2_23082021/TCW_S17_20Sep2021/PhotometryData_M3_M2_TCW_S17_20Sep2021_2.csv,/mnt/h0/kb/data/external_drive/HCW_S2_23082021/TCW_S17_20Sep2021/DI1_M3_M2_TCW_S17_20Sep2021_2.csv,TRUE,TRUE,raw_behavior_data/_iblrig_taskData.raw.jsonable,97,53,-31.4626948,-44
84,ZFM-03062,2021-09-20,5HT,fc54cee6-17cb-4c80-b347-a3d109890d1a,probe02,Region4G,,1,there are 2 sessions because the task stopped in both rigs for mice 62 and 65,/mnt/h0/kb/data/external_drive/HCW_S2_23082021/TCW_S17_20Sep2021/PhotometryData_M3_M2_TCW_S17_20Sep2021.csv,/mnt/h0/kb/data/external_drive/HCW_S2_23082021/TCW_S17_20Sep2021/PhotometryData_M3_M2_TCW_S17_20Sep2021.csv,/mnt/h0/kb/data/external_drive/HCW_S2_23082021/TCW_S17_20Sep2021/DI1_M3_M2_TCW_S17_20Sep2021.csv,TRUE,TRUE,raw_behavior_data/_iblrig_taskData.raw.jsonable,54,96,-192.6721575,42
85,ZFM-03065,2021-09-20,5HT,8322c953-3562-416f-9fb3-97a7c6f7ce4f,probe03,Region1G,,0,there are 2 sessions because the task stopped in both rigs for mice 62 and 65,/mnt/h0/kb/data/external_drive/HCW_S2_23082021/TCW_S17_20Sep2021/PhotometryData_M3_M2_TCW_S17_20Sep2021_2.csv,/mnt/h0/kb/data/external_drive/HCW_S2_23082021/TCW_S17_20Sep2021/PhotometryData_M3_M2_TCW_S17_20Sep2021_2.csv,/mnt/h0/kb/data/external_drive/HCW_S2_23082021/TCW_S17_20Sep2021/DI0_M3_M2_TCW_S17_20Sep2021_2.csv,TRUE,TRUE,raw_behavior_data/_iblrig_taskData.raw.jsonable,254,92,-71.28548933,-162
86,ZFM-03065,2021-09-20,5HT,5d7c9434-3656-4d35-9388-c1b3105090cb,probe03,Region1G,,0,there are 2 sessions because the task stopped in both rigs for mice 62 and 65,/mnt/h0/kb/data/external_drive/HCW_S2_23082021/TCW_S17_20Sep2021/PhotometryData_M3_M2_TCW_S17_20Sep2021.csv,/mnt/h0/kb/data/external_drive/HCW_S2_23082021/TCW_S17_20Sep2021/PhotometryData_M3_M2_TCW_S17_20Sep2021.csv,/mnt/h0/kb/data/external_drive/HCW_S2_23082021/TCW_S17_20Sep2021/DI0_M3_M2_TCW_S17_20Sep2021.csv,TRUE,TRUE,raw_behavior_data/_iblrig_taskData.raw.jsonable,93,254,-13.97803386,161
87,ZFM-03059,2021-09-21,5HT,e3d2b346-ebf3-492c-a0fa-997f464e47f8,probe01,Region1G,,0,,/mnt/h0/kb/data/one/mainenlab/Subjects/ZFM-03059/2021-09-21/001/raw_photometry_data/raw_photometry.csv,/mnt/h0/kb/data/external_drive/HCW_S2_23082021/TCW_S18_21Sep2021/PhotometryData_M1_M4_TCW_S18_21Sep2021.csv,/mnt/h0/kb/data/external_drive/HCW_S2_23082021/TCW_S18_21Sep2021/DI0_M1_M4_TCW_S18_21Sep2021.csv,TRUE,TRUE,raw_behavior_data/_iblrig_taskData.raw.jsonable,704,703,-13.94901722,-1
88,ZFM-03061,2021-09-21,5HT,50fd9088-2a75-4821-803b-cccbcf6e8b08,probe04,Region4G,,1,,/mnt/h0/kb/data/external_drive/HCW_S2_23082021/Sorted_Files/2021-09-21/PhotometryData_M1_M4_TCW_S18_21Sep2021.csv,/mnt/h0/kb/data/external_drive/HCW_S2_23082021/TCW_S18_21Sep2021/PhotometryData_M1_M4_TCW_S18_21Sep2021.csv,/mnt/h0/kb/data/external_drive/HCW_S2_23082021/TCW_S18_21Sep2021/DI1_M1_M4_TCW_S18_21Sep2021.csv,TRUE,TRUE,raw_behavior_data/_iblrig_taskData.raw.jsonable,417,416,-8.712180986,-1
89,ZFM-03061,2021-09-21,5HT,50fd9088-2a75-4821-803b-cccbcf6e8b08,probe05,Region6G,,1,,/mnt/h0/kb/data/external_drive/HCW_S2_23082021/Sorted_Files/2021-09-21/PhotometryData_M1_M4_TCW_S18_21Sep2021.csv,/mnt/h0/kb/data/external_drive/HCW_S2_23082021/TCW_S18_21Sep2021/PhotometryData_M1_M4_TCW_S18_21Sep2021.csv,/mnt/h0/kb/data/external_drive/HCW_S2_23082021/TCW_S18_21Sep2021/DI1_M1_M4_TCW_S18_21Sep2021.csv,TRUE,TRUE,raw_behavior_data/_iblrig_taskData.raw.jsonable,417,416,-8.712180986,-1
90,ZFM-03062,2021-09-21,5HT,c4fddc77-29f7-4884-a2db-b71baca7f6be,probe02,Region4G,,1,,/mnt/h0/kb/data/one/mainenlab/Subjects/ZFM-03062/2021-09-21/001/raw_photometry_data/raw_photometry.csv,/mnt/h0/kb/data/external_drive/HCW_S2_23082021/TCW_S18_21Sep2021/PhotometryData_M3_M2_TCW_S18_21Sep2021.csv,/mnt/h0/kb/data/external_drive/HCW_S2_23082021/TCW_S18_21Sep2021/DI1_M3_M2_TCW_S18_21Sep2021.csv,TRUE,TRUE,raw_behavior_data/_iblrig_taskData.raw.jsonable,648,647,15.82506148,-1
91,ZFM-03065,2021-09-21,5HT,c3d7c3bb-31be-47b3-a5e2-ad8d1f0e8c99,probe03,Region1G,,0,,/mnt/h0/kb/data/one/mainenlab/Subjects/ZFM-03065/2021-09-21/001/raw_photometry_data/raw_photometry.csv,/mnt/h0/kb/data/external_drive/HCW_S2_23082021/TCW_S18_21Sep2021/PhotometryData_M3_M2_TCW_S18_21Sep2021.csv,/mnt/h0/kb/data/external_drive/HCW_S2_23082021/TCW_S18_21Sep2021/DI0_M3_M2_TCW_S18_21Sep2021.csv,TRUE,TRUE,raw_behavior_data/_iblrig_taskData.raw.jsonable,689,688,-7.1457919,-1
92,ZFM-03059,2021-09-22,5HT,1311c222-8c0d-4a75-b786-5af429d2fa89,probe01,Region1G,,0,,/mnt/h0/kb/data/one/mainenlab/Subjects/ZFM-03059/2021-09-22/001/raw_photometry_data/raw_photometry.csv,/mnt/h0/kb/data/external_drive/HCW_S2_23082021/TCW_S19_22Sep2021/PhotometryData_M1_M4_TCW_S19_22Sep2021.csv,/mnt/h0/kb/data/external_drive/HCW_S2_23082021/TCW_S19_22Sep2021/DI0_M1_M4_TCW_S19_22Sep2021.csv,TRUE,TRUE,raw_behavior_data/_iblrig_taskData.raw.jsonable,724,723,-14.10726224,-1
93,ZFM-03061,2021-09-22,5HT,8b934e5d-6853-46a7-aa13-7aaedc843313,probe04,Region4G,,1,,/mnt/h0/kb/data/one/mainenlab/Subjects/ZFM-03061/2021-09-22/001/raw_photometry_data/raw_photometry.csv,/mnt/h0/kb/data/external_drive/HCW_S2_23082021/TCW_S19_22Sep2021/PhotometryData_M1_M4_TCW_S19_22Sep2021.csv,/mnt/h0/kb/data/external_drive/HCW_S2_23082021/TCW_S19_22Sep2021/DI1_M1_M4_TCW_S19_22Sep2021.csv,TRUE,TRUE,raw_behavior_data/_iblrig_taskData.raw.jsonable,487,486,-5.815953794,-1
94,ZFM-03061,2021-09-22,5HT,8b934e5d-6853-46a7-aa13-7aaedc843313,probe05,Region6G,,1,,/mnt/h0/kb/data/one/mainenlab/Subjects/ZFM-03061/2021-09-22/001/raw_photometry_data/raw_photometry.csv,/mnt/h0/kb/data/external_drive/HCW_S2_23082021/TCW_S19_22Sep2021/PhotometryData_M1_M4_TCW_S19_22Sep2021.csv,/mnt/h0/kb/data/external_drive/HCW_S2_23082021/TCW_S19_22Sep2021/DI1_M1_M4_TCW_S19_22Sep2021.csv,TRUE,TRUE,raw_behavior_data/_iblrig_taskData.raw.jsonable,487,486,-5.815953794,-1
95,ZFM-03062,2021-09-22,5HT,9ab0b667-ca50-4cac-a262-d6a5d33d338f,probe02,Region4G,,1,,/mnt/h0/kb/data/one/mainenlab/Subjects/ZFM-03062/2021-09-22/001/raw_photometry_data/raw_photometry.csv,/mnt/h0/kb/data/external_drive/HCW_S2_23082021/TCW_S19_22Sep2021/PhotometryData_M3_M2_TCW_S19_22Sep2021.csv,/mnt/h0/kb/data/external_drive/HCW_S2_23082021/TCW_S19_22Sep2021/DI1_M3_M2_TCW_S19_22Sep2021.csv,TRUE,TRUE,raw_behavior_data/_iblrig_taskData.raw.jsonable,497,496,-8.708334201,-1
96,ZFM-03065,2021-09-22,5HT,a73054fc-6dc8-4392-8ea9-2b259d0ef381,probe03,Region1G,,0,,/mnt/h0/kb/data/external_drive/HCW_S2_23082021/Sorted_Files/2021-09-22/PhotometryData_M3_M2_TCW_S19_22Sep2021.csv,/mnt/h0/kb/data/external_drive/HCW_S2_23082021/TCW_S19_22Sep2021/PhotometryData_M3_M2_TCW_S19_22Sep2021.csv,/mnt/h0/kb/data/external_drive/HCW_S2_23082021/TCW_S19_22Sep2021/DI0_M3_M2_TCW_S19_22Sep2021.csv,TRUE,TRUE,raw_behavior_data/_iblrig_taskData.raw.jsonable,527,526,-14.32638298,-1
97,ZFM-03059,2021-09-23,5HT,b0dae33d-ce97-463d-b59d-f60243e03a18,probe01,Region1G,,0,,/mnt/h0/kb/data/one/mainenlab/Subjects/ZFM-03059/2021-09-23/002/raw_photometry_data/raw_photometry.csv,/mnt/h0/kb/data/external_drive/HCW_S2_23082021/TCW_S20_23Sep2021/PhotometryData_M1_M4_TCW_S20_23Sep2021.csv,/mnt/h0/kb/data/external_drive/HCW_S2_23082021/TCW_S20_23Sep2021/DI0_M1_M4_TCW_S20_23Sep2021.csv,TRUE,TRUE,raw_behavior_data/_iblrig_taskData.raw.jsonable,812,811,69.72539537,-1
98,ZFM-03061,2021-09-23,5HT,d61e88c8-3197-4164-9797-59fc1440602a,probe04,Region4G,,1,,/mnt/h0/kb/data/one/mainenlab/Subjects/ZFM-03061/2021-09-23/001/raw_photometry_data/raw_photometry.csv,/mnt/h0/kb/data/external_drive/HCW_S2_23082021/TCW_S20_23Sep2021/PhotometryData_M1_M4_TCW_S20_23Sep2021.csv,/mnt/h0/kb/data/external_drive/HCW_S2_23082021/TCW_S20_23Sep2021/DI1_M1_M4_TCW_S20_23Sep2021.csv,TRUE,TRUE,raw_behavior_data/_iblrig_taskData.raw.jsonable,470,469,-16.68927717,-1
99,ZFM-03061,2021-09-23,5HT,d61e88c8-3197-4164-9797-59fc1440602a,probe05,Region6G,,1,,/mnt/h0/kb/data/one/mainenlab/Subjects/ZFM-03061/2021-09-23/001/raw_photometry_data/raw_photometry.csv,/mnt/h0/kb/data/external_drive/HCW_S2_23082021/TCW_S20_23Sep2021/PhotometryData_M1_M4_TCW_S20_23Sep2021.csv,/mnt/h0/kb/data/external_drive/HCW_S2_23082021/TCW_S20_23Sep2021/DI1_M1_M4_TCW_S20_23Sep2021.csv,TRUE,TRUE,raw_behavior_data/_iblrig_taskData.raw.jsonable,470,469,-16.68927717,-1
100,ZFM-03065,2021-09-23,5HT,e90afd0d-efab-41a5-bf10-56b46bb245f9,probe03,Region1G,,0,,/mnt/h0/kb/data/external_drive/HCW_S2_23082021/Sorted_Files/2021-09-23/PhotometryData_M3_M2_TCW_S20_23Sep2021_2.csv,/mnt/h0/kb/data/external_drive/HCW_S2_23082021/TCW_S20_23Sep2021/PhotometryData_M3_M2_TCW_S20_23Sep2021_2.csv,/mnt/h0/kb/data/external_drive/HCW_S2_23082021/TCW_S20_23Sep2021/DI0_M3_M2_TCW_S20_23Sep2021_2.csv,TRUE,TRUE,raw_behavior_data/_iblrig_taskData.raw.jsonable,530,529,-19.95223195,-1
101,ZFM-03059,2021-09-24,5HT,4300bfb5-3668-4deb-8387-fa0b75c09fd1,probe01,Region1G,,0,,/mnt/h0/kb/data/one/mainenlab/Subjects/ZFM-03059/2021-09-24/001/raw_photometry_data/raw_photometry.csv,/mnt/h0/kb/data/external_drive/HCW_S2_23082021/Sorted_Files/2021-09-24/PhotometryData_M1_M4_TCW_S21_24Sep2021.csv',/mnt/h0/kb/data/external_drive/HCW_S2_23082021/Sorted_Files/2021-09-24/DI0_M1_M4_TCW_S21_24Sep2021.csv,TRUE,TRUE,raw_behavior_data/_iblrig_taskData.raw.jsonable,999,998,-4.183208004,-1
102,ZFM-03061,2021-09-24,5HT,8957b21f-3ed3-4536-98a0-0093851acb35,probe04,Region4G,,1,,/mnt/h0/kb/data/one/mainenlab/Subjects/ZFM-03061/2021-09-24/001/raw_photometry_data/raw_photometry.csv,,/mnt/h0/kb/data/external_drive/HCW_S2_23082021/Sorted_Files/2021-09-24/DI1_M1_M4_TCW_S21_24Sep2021.csv,TRUE,TRUE,raw_behavior_data/_iblrig_taskData.raw.jsonable,512,511,46.99485504,-1
103,ZFM-03061,2021-09-24,5HT,8957b21f-3ed3-4536-98a0-0093851acb35,probe05,Region6G,,1,,/mnt/h0/kb/data/one/mainenlab/Subjects/ZFM-03061/2021-09-24/001/raw_photometry_data/raw_photometry.csv,,/mnt/h0/kb/data/external_drive/HCW_S2_23082021/Sorted_Files/2021-09-24/DI1_M1_M4_TCW_S21_24Sep2021.csv,TRUE,TRUE,raw_behavior_data/_iblrig_taskData.raw.jsonable,512,511,46.99485504,-1
104,ZFM-03059,2021-09-27,5HT,1cff6fce-eefa-43f0-bea7-d0c8bbc1152a,probe01,Region1G,,0,,/mnt/h0/kb/data/one/mainenlab/Subjects/ZFM-03059/2021-09-27/001/raw_photometry_data/raw_photometry.csv,,/mnt/h0/kb/data/external_drive/HCW_S2_23082021/Sorted_Files/2021-09-27/DI0_M1_M4_TCW_S22_27Sep2021.csv,TRUE,TRUE,raw_behavior_data/_iblrig_taskData.raw.jsonable,445,444,17.18039726,-1
105,ZFM-03061,2021-09-27,5HT,842d7f51-c0e1-4b0d-968e-7a0c25e06c5e,probe04,Region4G,,1,,/mnt/h0/kb/data/one/mainenlab/Subjects/ZFM-03061/2021-09-27/001/raw_photometry_data/raw_photometry.csv,,/mnt/h0/kb/data/external_drive/HCW_S2_23082021/Sorted_Files/2021-09-27/DI1_M1_M4_TCW_S22_27Sep2021.csv,TRUE,TRUE,raw_behavior_data/_iblrig_taskData.raw.jsonable,483,482,93.0824768,-1
106,ZFM-03061,2021-09-27,5HT,842d7f51-c0e1-4b0d-968e-7a0c25e06c5e,probe05,Region6G,,1,,/mnt/h0/kb/data/one/mainenlab/Subjects/ZFM-03061/2021-09-27/001/raw_photometry_data/raw_photometry.csv,,/mnt/h0/kb/data/external_drive/HCW_S2_23082021/Sorted_Files/2021-09-27/DI1_M1_M4_TCW_S22_27Sep2021.csv,TRUE,TRUE,raw_behavior_data/_iblrig_taskData.raw.jsonable,483,482,93.0824768,-1
107,ZFM-03059,2021-09-28,5HT,00dd4f06-6365-4f28-a961-b4085d7bbebc,probe01,Region1G,,0,,/mnt/h0/kb/data/one/mainenlab/Subjects/ZFM-03059/2021-09-28/002/raw_photometry_data/raw_photometry.csv,,/mnt/h0/kb/data/external_drive/HCW_S2_23082021/Sorted_Files/2021-09-28/DI0_M1_M4_TCW_S23_28Sep2021.csv,TRUE,TRUE,raw_behavior_data/_iblrig_taskData.raw.jsonable,517,516,-3.932047436,-1
108,ZFM-03061,2021-09-28,5HT,0eb07488-aceb-4ae3-8959-f71770b0decb,probe04,Region4G,,1,,/mnt/h0/kb/data/one/mainenlab/Subjects/ZFM-03061/2021-09-28/001/raw_photometry_data/raw_photometry.csv,,/mnt/h0/kb/data/external_drive/HCW_S2_23082021/Sorted_Files/2021-09-28/DI1_M1_M4_TCW_S23_28Sep2021.csv,TRUE,TRUE,raw_behavior_data/_iblrig_taskData.raw.jsonable,406,405,-1.072630054,-1
109,ZFM-03061,2021-09-28,5HT,0eb07488-aceb-4ae3-8959-f71770b0decb,probe05,Region6G,,1,,/mnt/h0/kb/data/one/mainenlab/Subjects/ZFM-03061/2021-09-28/001/raw_photometry_data/raw_photometry.csv,,/mnt/h0/kb/data/external_drive/HCW_S2_23082021/Sorted_Files/2021-09-28/DI1_M1_M4_TCW_S23_28Sep2021.csv,TRUE,TRUE,raw_behavior_data/_iblrig_taskData.raw.jsonable,406,405,-1.072630054,-1
110,ZFM-03062,2021-09-28,5HT,1899aeec-2e05-4cae-bcb5-3b4c15c991cc,probe02,Region4G,,1,,/mnt/h0/kb/data/one/mainenlab/Subjects/ZFM-03062/2021-09-28/002/raw_photometry_data/raw_photometry.csv,,/mnt/h0/kb/data/external_drive/HCW_S2_23082021/Sorted_Files/2021-09-28/DI1_M3_M2_TCW_S23_28Sep2021.csv,TRUE,TRUE,raw_behavior_data/_iblrig_taskData.raw.jsonable,713,712,0.1388238742,-1
111,ZFM-03065,2021-09-28,5HT,be987d37-5cd8-4e4f-8dc2-d8a452e84abb,probe03,Region1G,,0,,/mnt/h0/kb/data/one/mainenlab/Subjects/ZFM-03065/2021-09-28/001/raw_photometry_data/raw_photometry.csv,,/mnt/h0/kb/data/external_drive/HCW_S2_23082021/Sorted_Files/2021-09-28/DI0_M3_M2_TCW_S23_28Sep2021.csv,TRUE,TRUE,raw_behavior_data/_iblrig_taskData.raw.jsonable,500,500,-14.00237247,0
112,ZFM-03059,2021-09-29,5HT,53cf11cf-030b-4f3d-b8cc-27c506c61e04,probe01,Region1G,,0,,/mnt/h0/kb/data/one/mainenlab/Subjects/ZFM-03059/2021-09-29/001/raw_photometry_data/raw_photometry.csv,,/mnt/h0/kb/data/external_drive/HCW_S2_23082021/Sorted_Files/2021-09-29/DI0_M1_M4_TCW_S24_29Sep2021.csv,TRUE,TRUE,raw_behavior_data/_iblrig_taskData.raw.jsonable,627,626,-12.7560003,-1
113,ZFM-03061,2021-09-29,5HT,85914000-ae15-4886-9acb-3cec15c4c052,probe04,Region4G,,1,,/mnt/h0/kb/data/one/mainenlab/Subjects/ZFM-03061/2021-09-29/001/raw_photometry_data/raw_photometry.csv,,/mnt/h0/kb/data/external_drive/HCW_S2_23082021/Sorted_Files/2021-09-29/DI1_M1_M4_TCW_S24_29Sep2021.csv,TRUE,TRUE,raw_behavior_data/_iblrig_taskData.raw.jsonable,545,544,-5.807746337,-1
114,ZFM-03061,2021-09-29,5HT,85914000-ae15-4886-9acb-3cec15c4c052,probe05,Region6G,,1,,/mnt/h0/kb/data/one/mainenlab/Subjects/ZFM-03061/2021-09-29/001/raw_photometry_data/raw_photometry.csv,,/mnt/h0/kb/data/external_drive/HCW_S2_23082021/Sorted_Files/2021-09-29/DI1_M1_M4_TCW_S24_29Sep2021.csv,TRUE,TRUE,raw_behavior_data/_iblrig_taskData.raw.jsonable,545,544,-5.807746337,-1
115,ZFM-03062,2021-09-29,5HT,eda254d7-ff17-47fb-9641-bfd3afecb27f,probe02,Region4G,,1,,/mnt/h0/kb/data/one/mainenlab/Subjects/ZFM-03062/2021-09-29/003/raw_photometry_data/raw_photometry.csv,,/mnt/h0/kb/data/external_drive/HCW_S2_23082021/Sorted_Files/2021-09-29/DI1_M3_M2_TCW_S24_29Sep2021.csv,TRUE,TRUE,raw_behavior_data/_iblrig_taskData.raw.jsonable,537,536,93.49134119,-1
116,ZFM-03059,2021-09-30,5HT,b357d763-464e-473e-a114-a1a0a6d4d610,probe01,Region1G,,0,,/mnt/h0/kb/data/one/mainenlab/Subjects/ZFM-03059/2021-09-30/001/raw_photometry_data/raw_photometry.csv,,/mnt/h0/kb/data/external_drive/HCW_S2_23082021/Sorted_Files/2021-09-30/DI0_M1_M4_TCW_S25_30Sep2021.csv,TRUE,TRUE,raw_behavior_data/_iblrig_taskData.raw.jsonable,464,463,109.3024921,-1
117,ZFM-03061,2021-09-30,5HT,58754e26-f2b6-4633-b5ba-bbe0876c1fec,probe04,Region4G,,1,,/mnt/h0/kb/data/one/mainenlab/Subjects/ZFM-03061/2021-09-30/001/raw_photometry_data/raw_photometry.csv,,/mnt/h0/kb/data/external_drive/HCW_S2_23082021/Sorted_Files/2021-09-30/DI1_M1_M4_TCW_S25_30Sep2021.csv,TRUE,TRUE,raw_behavior_data/_iblrig_taskData.raw.jsonable,461,461,-9.800050109,0
118,ZFM-03061,2021-09-30,5HT,58754e26-f2b6-4633-b5ba-bbe0876c1fec,probe05,Region6G,,1,,/mnt/h0/kb/data/one/mainenlab/Subjects/ZFM-03061/2021-09-30/001/raw_photometry_data/raw_photometry.csv,,/mnt/h0/kb/data/external_drive/HCW_S2_23082021/Sorted_Files/2021-09-30/DI1_M1_M4_TCW_S25_30Sep2021.csv,TRUE,TRUE,raw_behavior_data/_iblrig_taskData.raw.jsonable,461,461,-9.800050109,0
119,ZFM-03062,2021-09-30,5HT,b3408c7b-7ea9-46af-bcaf-a42e5c13cfa5,probe02,Region1G,,1,,/mnt/h0/kb/data/one/mainenlab/Subjects/ZFM-03062/2021-09-30/001/raw_photometry_data/raw_photometry.csv,,/mnt/h0/kb/data/external_drive/HCW_S2_23082021/Sorted_Files/2021-09-30/DI1_M3_M2_TCW_S25_30Sep2021.csv,TRUE,TRUE,raw_behavior_data/_iblrig_taskData.raw.jsonable,799,798,-7.354977497,-1
120,ZFM-03065,2021-09-30,5HT,e963b780-2d49-481b-9494-6af04ebce5eb,probe03,Region1G,,0,,/mnt/h0/kb/data/one/mainenlab/Subjects/ZFM-03065/2021-09-30/001/raw_photometry_data/raw_photometry.csv,,/mnt/h0/kb/data/external_drive/HCW_S2_23082021/Sorted_Files/2021-09-30/DI0_M3_M2_TCW_S25_30Sep2021.csv,TRUE,TRUE,raw_behavior_data/_iblrig_taskData.raw.jsonable,653,652,-20.18902584,-1
121,ZFM-03059,2021-10-01,5HT,5aae8e75-9750-454e-95af-ebead163606c,probe01,Region1G,,0,,/mnt/h0/kb/data/one/mainenlab/Subjects/ZFM-03059/2021-10-01/002/raw_photometry_data/raw_photometry.csv,,/mnt/h0/kb/data/external_drive/HCW_S2_23082021/Sorted_Files/2021-10-01/DI0_M1_M4_TCW_S26_01Oct2021.csv,TRUE,TRUE,raw_behavior_data/_iblrig_taskData.raw.jsonable,929,928,1.7318389,-1
122,ZFM-03061,2021-10-01,5HT,ff7faea1-4b90-401d-9f16-2838b20db1a0,probe04,Region4G,,1,,/mnt/h0/kb/data/one/mainenlab/Subjects/ZFM-03061/2021-10-01/001/raw_photometry_data/raw_photometry.csv,,/mnt/h0/kb/data/external_drive/HCW_S2_23082021/Sorted_Files/2021-10-01/DI1_M1_M4_TCW_S26_01Oct2021.csv,TRUE,TRUE,raw_behavior_data/_iblrig_taskData.raw.jsonable,696,695,-14.32238403,-1
123,ZFM-03061,2021-10-01,5HT,ff7faea1-4b90-401d-9f16-2838b20db1a0,probe05,Region6G,,1,,/mnt/h0/kb/data/one/mainenlab/Subjects/ZFM-03061/2021-10-01/001/raw_photometry_data/raw_photometry.csv,,/mnt/h0/kb/data/external_drive/HCW_S2_23082021/Sorted_Files/2021-10-01/DI1_M1_M4_TCW_S26_01Oct2021.csv,TRUE,TRUE,raw_behavior_data/_iblrig_taskData.raw.jsonable,696,695,-14.32238403,-1
124,ZFM-03062,2021-10-01,5HT,8718a6b4-64a2-45a0-b3ae-40c197c7a3bf,probe02,Region4G,,1,,/mnt/h0/kb/data/one/mainenlab/Subjects/ZFM-03062/2021-10-01/003/raw_photometry_data/raw_photometry.csv,,/mnt/h0/kb/data/external_drive/HCW_S2_23082021/Sorted_Files/2021-10-01/DI1_M3_M2_TCW_S26_01Oct2021.csv,TRUE,TRUE,raw_behavior_data/_iblrig_taskData.raw.jsonable,469,468,-11.05811767,-1
125,ZFM-03059,2021-10-04,5HT,a8108cf7-35c1-4a3a-b712-7b1cf4a8f75b,probe01,Region1G,,0,,/mnt/h0/kb/data/one/mainenlab/Subjects/ZFM-03059/2021-10-04/001/raw_photometry_data/raw_photometry.csv,,/mnt/h0/kb/data/external_drive/HCW_S2_23082021/Sorted_Files/2021-10-04/DI0_M1_M4_TCW_S27_04Oct2021_2.csv,TRUE,TRUE,raw_behavior_data/_iblrig_taskData.raw.jsonable,658,657,1.701549959,-1
126,ZFM-03061,2021-10-04,5HT,efeb393d-112a-4ea1-8bef-a4040efc6553,probe04,Region4G,,1,,/mnt/h0/kb/data/one/mainenlab/Subjects/ZFM-03061/2021-10-04/001/raw_photometry_data/raw_photometry.csv,,/mnt/h0/kb/data/external_drive/HCW_S2_23082021/Sorted_Files/2021-10-04/DI1_M1_M4_TCW_S27_04Oct2021_2.csv,TRUE,TRUE,raw_behavior_data/_iblrig_taskData.raw.jsonable,466,465,76.09908124,-1
127,ZFM-03061,2021-10-04,5HT,efeb393d-112a-4ea1-8bef-a4040efc6553,probe05,Region6G,,1,,/mnt/h0/kb/data/one/mainenlab/Subjects/ZFM-03061/2021-10-04/001/raw_photometry_data/raw_photometry.csv,,/mnt/h0/kb/data/external_drive/HCW_S2_23082021/Sorted_Files/2021-10-04/DI1_M1_M4_TCW_S27_04Oct2021_2.csv,TRUE,TRUE,raw_behavior_data/_iblrig_taskData.raw.jsonable,466,465,76.09908124,-1
128,ZFM-03062,2021-10-04,5HT,61a76e83-0b01-4b4a-a2eb-89cd1d2ffa0f,probe02,Region4G,,1,had to restart the task,/mnt/h0/kb/data/one/mainenlab/Subjects/ZFM-03062/2021-10-04/002/raw_photometry_data/raw_photometry.csv,,/mnt/h0/kb/data/external_drive/HCW_S2_23082021/Sorted_Files/2021-10-04/DI1_M3_M2_TCW_S27_04Oct2021_2.csv,TRUE,TRUE,raw_behavior_data/_iblrig_taskData.raw.jsonable,601,600,43.82175436,-1
130,ZFM-03059,2021-10-05,5HT,b387dd2b-61c4-4e2f-9572-389d40f93fc3,probe01,Region1G,,0,,/mnt/h0/kb/data/one/mainenlab/Subjects/ZFM-03059/2021-10-05/002/raw_photometry_data/raw_photometry.csv,,/mnt/h0/kb/data/external_drive/HCW_S2_23082021/Sorted_Files/2021-10-05/DI0_M1_M4_TCW_S28_05Oct2021.csv,TRUE,TRUE,raw_behavior_data/_iblrig_taskData.raw.jsonable,993,992,-8.704036872,-1
131,ZFM-03061,2021-10-05,5HT,5a1bc69f-4f66-4772-a2a4-285490915f42,probe04,Region4G,,1,,/mnt/h0/kb/data/one/mainenlab/Subjects/ZFM-03061/2021-10-05/001/raw_photometry_data/raw_photometry.csv,,/mnt/h0/kb/data/external_drive/HCW_S2_23082021/Sorted_Files/2021-10-05/DI1_M1_M4_TCW_S28_05Oct2021.csv,TRUE,TRUE,raw_behavior_data/_iblrig_taskData.raw.jsonable,769,768,-14.98116502,-1
132,ZFM-03061,2021-10-05,5HT,5a1bc69f-4f66-4772-a2a4-285490915f42,probe05,Region6G,,1,,/mnt/h0/kb/data/one/mainenlab/Subjects/ZFM-03061/2021-10-05/001/raw_photometry_data/raw_photometry.csv,,/mnt/h0/kb/data/external_drive/HCW_S2_23082021/Sorted_Files/2021-10-05/DI1_M1_M4_TCW_S28_05Oct2021.csv,TRUE,TRUE,raw_behavior_data/_iblrig_taskData.raw.jsonable,769,768,-14.98116502,-1
133,ZFM-03062,2021-10-05,5HT,a6fcb474-3ff3-4ce0-b96e-94fc365b4788,probe02,Region4G,,1,,/mnt/h0/kb/data/one/mainenlab/Subjects/ZFM-03062/2021-10-05/003/raw_photometry_data/raw_photometry.csv,,/mnt/h0/kb/data/external_drive/HCW_S2_23082021/Sorted_Files/2021-10-05/DI1_M3_M2_TCW_S28_05Oct2021.csv,TRUE,TRUE,raw_behavior_data/_iblrig_taskData.raw.jsonable,795,794,41.47671025,-1
135,ZFM-03059,2021-10-07,5HT,46f4232d-eaed-4e99-9302-4a216c07fd29,probe01,Region1G,,0,,/mnt/h0/kb/data/one/mainenlab/Subjects/ZFM-03059/2021-10-07/002/raw_photometry_data/raw_photometry.csv,,/mnt/h0/kb/data/external_drive/HCW_S2_23082021/Sorted_Files/2021-10-07/DI0_M1_M4_TCW_S29_07Oct2021.csv,TRUE,TRUE,raw_behavior_data/_iblrig_taskData.raw.jsonable,756,755,-10.33395933,-1
136,ZFM-03061,2021-10-07,5HT,9a66082a-44d6-4bba-b747-c3151cdabcd3,probe04,Region4G,,1,,/mnt/h0/kb/data/one/mainenlab/Subjects/ZFM-03061/2021-10-07/002/raw_photometry_data/raw_photometry.csv,,/mnt/h0/kb/data/external_drive/HCW_S2_23082021/Sorted_Files/2021-10-07/DI1_M1_M4_TCW_S29_07Oct2021.csv,TRUE,TRUE,raw_behavior_data/_iblrig_taskData.raw.jsonable,682,681,-8.139831191,-1
137,ZFM-03061,2021-10-07,5HT,9a66082a-44d6-4bba-b747-c3151cdabcd3,probe05,Region6G,,1,,/mnt/h0/kb/data/one/mainenlab/Subjects/ZFM-03061/2021-10-07/002/raw_photometry_data/raw_photometry.csv,,/mnt/h0/kb/data/external_drive/HCW_S2_23082021/Sorted_Files/2021-10-07/DI1_M1_M4_TCW_S29_07Oct2021.csv,TRUE,TRUE,raw_behavior_data/_iblrig_taskData.raw.jsonable,682,681,-8.139831191,-1
138,ZFM-03062,2021-10-07,5HT,9f34c914-63dc-402f-9684-2776885d6f80,probe02,Region4G,,1,,/mnt/h0/kb/data/one/mainenlab/Subjects/ZFM-03062/2021-10-07/001/raw_photometry_data/raw_photometry.csv,,/mnt/h0/kb/data/external_drive/HCW_S2_23082021/Sorted_Files/2021-10-07/DI1_M3_M2_TCW_S29_07Oct2021.csv,TRUE,TRUE,raw_behavior_data/_iblrig_taskData.raw.jsonable,843,842,-11.94742745,-1
140,ZFM-03059,2021-10-08,5HT,7f3b9633-851a-47e5-b7f8-c92bbbb01cc5,probe01,Region1G,,0,,/mnt/h0/kb/data/one/mainenlab/Subjects/ZFM-03059/2021-10-08/001/raw_photometry_data/raw_photometry.csv,,/mnt/h0/kb/data/external_drive/HCW_S2_23082021/Sorted_Files/2021-10-08/DI0_M1_M4_TCW_S30_08Oct2021.csv,TRUE,TRUE,raw_behavior_data/_iblrig_taskData.raw.jsonable,587,586,5.864509699,-1
141,ZFM-03061,2021-10-08,5HT,4e622a26-418d-4384-b354-64d453959365,probe04,Region4G,,1,,/mnt/h0/kb/data/one/mainenlab/Subjects/ZFM-03061/2021-10-08/001/raw_photometry_data/raw_photometry.csv,,/mnt/h0/kb/data/external_drive/HCW_S2_23082021/Sorted_Files/2021-10-08/DI1_M1_M4_TCW_S30_08Oct2021.csv,TRUE,TRUE,raw_behavior_data/_iblrig_taskData.raw.jsonable,1003,1002,2.403056538,-1
142,ZFM-03061,2021-10-08,5HT,4e622a26-418d-4384-b354-64d453959365,probe05,Region6G,,1,,/mnt/h0/kb/data/one/mainenlab/Subjects/ZFM-03061/2021-10-08/001/raw_photometry_data/raw_photometry.csv,,/mnt/h0/kb/data/external_drive/HCW_S2_23082021/Sorted_Files/2021-10-08/DI1_M1_M4_TCW_S30_08Oct2021.csv,TRUE,TRUE,raw_behavior_data/_iblrig_taskData.raw.jsonable,1003,1002,2.403056538,-1
143,ZFM-03059,2021-10-09,5HT,f6d846da-6a63-4c5a-9d32-f572ef565e4f,probe01,Region1G,,0,,/mnt/h0/kb/data/one/mainenlab/Subjects/ZFM-03059/2021-10-09/002/raw_photometry_data/raw_photometry.csv,,/mnt/h0/kb/data/external_drive/HCW_S2_23082021/Sorted_Files/2021-10-09/DI0_M1_M4_TCW_S31_09Oct2021_realM3M2.csv,TRUE,TRUE,raw_behavior_data/_iblrig_taskData.raw.jsonable,48,1176,-53.38588974,1128
144,ZFM-03059,2021-10-11,5HT,8e90ac76-47c7-441b-b370-204a8002abd8,probe01,Region1G,,0,,/mnt/h0/kb/data/one/mainenlab/Subjects/ZFM-03059/2021-10-11/002/raw_photometry_data/raw_photometry.csv,,/mnt/h0/kb/data/external_drive/HCW_S2_23082021/Sorted_Files/2021-10-11/DI0_M1_M4_TCW_S32_11Oct2021.csv,TRUE,TRUE,raw_behavior_data/_iblrig_taskData.raw.jsonable,634,633,0.3332837901,-1
145,ZFM-03061,2021-10-11,5HT,a0ceb181-addd-44a2-b0d3-7e5dc1789d54,probe04,Region4G,,1,,/mnt/h0/kb/data/one/mainenlab/Subjects/ZFM-03061/2021-10-11/002/raw_photometry_data/raw_photometry.csv,,/mnt/h0/kb/data/external_drive/HCW_S2_23082021/Sorted_Files/2021-10-11/DI1_M1_M4_TCW_S32_11Oct2021.csv,TRUE,TRUE,raw_behavior_data/_iblrig_taskData.raw.jsonable,677,676,-3.689476435,-1
146,ZFM-03061,2021-10-11,5HT,a0ceb181-addd-44a2-b0d3-7e5dc1789d54,probe05,Region6G,,1,,/mnt/h0/kb/data/one/mainenlab/Subjects/ZFM-03061/2021-10-11/002/raw_photometry_data/raw_photometry.csv,,/mnt/h0/kb/data/external_drive/HCW_S2_23082021/Sorted_Files/2021-10-11/DI1_M1_M4_TCW_S32_11Oct2021.csv,TRUE,TRUE,raw_behavior_data/_iblrig_taskData.raw.jsonable,677,676,-3.689476435,-1
147,ZFM-03062,2021-10-11,5HT,eabbc0e9-2c4d-4c44-a557-58c4277f6c66,probe02,Region4G,,1,,/mnt/h0/kb/data/one/mainenlab/Subjects/ZFM-03062/2021-10-11/002/raw_photometry_data/raw_photometry.csv,,/mnt/h0/kb/data/external_drive/HCW_S2_23082021/Sorted_Files/2021-10-11/DI1_M3_M2_TCW_S32_11Oct2021.csv,TRUE,TRUE,raw_behavior_data/_iblrig_taskData.raw.jsonable,520,519,-16.69421797,-1
149,ZFM-03059,2021-10-12,5HT,b2f1186e-8c04-46c9-b4a7-e5e9785ff0ca,probe01,Region1G,,0,,/mnt/h0/kb/data/one/mainenlab/Subjects/ZFM-03059/2021-10-12/001/raw_photometry_data/raw_photometry.csv,,/mnt/h0/kb/data/external_drive/HCW_S2_23082021/Sorted_Files/2021-10-12/DI0_M1_M4_TCW_S33_12Oct2021.csv,TRUE,TRUE,raw_behavior_data/_iblrig_taskData.raw.jsonable,912,911,-1.216733303,-1
150,ZFM-03061,2021-10-12,5HT,5ca239fe-e7aa-4a90-920c-bb54e6612ba4,probe04,Region4G,,1,,/mnt/h0/kb/data/one/mainenlab/Subjects/ZFM-03061/2021-10-12/002/raw_photometry_data/raw_photometry.csv,,/mnt/h0/kb/data/external_drive/HCW_S2_23082021/Sorted_Files/2021-10-12/DI1_M1_M4_TCW_S33_12Oct2021.csv,TRUE,TRUE,raw_behavior_data/_iblrig_taskData.raw.jsonable,838,837,-0.9142853852,-1
151,ZFM-03061,2021-10-12,5HT,5ca239fe-e7aa-4a90-920c-bb54e6612ba4,probe05,Region6G,,1,,/mnt/h0/kb/data/one/mainenlab/Subjects/ZFM-03061/2021-10-12/002/raw_photometry_data/raw_photometry.csv,,/mnt/h0/kb/data/external_drive/HCW_S2_23082021/Sorted_Files/2021-10-12/DI1_M1_M4_TCW_S33_12Oct2021.csv,TRUE,TRUE,raw_behavior_data/_iblrig_taskData.raw.jsonable,838,837,-0.9142853852,-1
152,ZFM-03062,2021-10-12,5HT,3bb2a363-6931-4cb8-bd1f-cf87161e834a,probe02,Region4G,,1,,/mnt/h0/kb/data/one/mainenlab/Subjects/ZFM-03062/2021-10-12/001/raw_photometry_data/raw_photometry.csv,,/mnt/h0/kb/data/external_drive/HCW_S2_23082021/Sorted_Files/2021-10-12/DI1_M3_M2_TCW_S33_12Oct2021.csv,TRUE,TRUE,raw_behavior_data/_iblrig_taskData.raw.jsonable,564,564,-7.529239146,0
153,ZFM-03059,2021-10-13,5HT,42860da1-2565-4339-aa76-978d0314642a,probe01,Region1G,,0,,/mnt/h0/kb/data/one/mainenlab/Subjects/ZFM-03059/2021-10-13/001/raw_photometry_data/raw_photometry.csv,,/mnt/h0/kb/data/external_drive/HCW_S2_23082021/Sorted_Files/2021-10-13/DI0_M1_M4_TCW_S34_13Oct2021.csv,TRUE,TRUE,raw_behavior_data/_iblrig_taskData.raw.jsonable,615,614,5.391893181,-1
154,ZFM-03061,2021-10-13,5HT,4df96f43-0f30-41dd-a166-b556da3db050,probe04,Region4G,,1,,/mnt/h0/kb/data/one/mainenlab/Subjects/ZFM-03061/2021-10-13/003/raw_photometry_data/raw_photometry.csv,,/mnt/h0/kb/data/external_drive/HCW_S2_23082021/Sorted_Files/2021-10-13/DI1_M1_M4_TCW_S34_13Oct2021.csv,TRUE,TRUE,raw_behavior_data/_iblrig_taskData.raw.jsonable,494,493,-6.181397459,-1
155,ZFM-03061,2021-10-13,5HT,4df96f43-0f30-41dd-a166-b556da3db050,probe05,Region6G,,1,,/mnt/h0/kb/data/one/mainenlab/Subjects/ZFM-03061/2021-10-13/003/raw_photometry_data/raw_photometry.csv,,/mnt/h0/kb/data/external_drive/HCW_S2_23082021/Sorted_Files/2021-10-13/DI1_M1_M4_TCW_S34_13Oct2021.csv,TRUE,TRUE,raw_behavior_data/_iblrig_taskData.raw.jsonable,494,493,-6.181397459,-1
156,ZFM-03062,2021-10-13,5HT,3213b233-37c7-4208-b411-0147fd8e3935,probe02,Region4G,,1,2 files; split session? ,/mnt/h0/kb/data/one/mainenlab/Subjects/ZFM-03062/2021-10-13/005/raw_photometry_data/raw_photometry.csv,,/mnt/h0/kb/data/external_drive/HCW_S2_23082021/Sorted_Files/2021-10-13/DI1_M3_M2_TCW_S34_13Oct2021_2.csv,TRUE,TRUE,raw_behavior_data/_iblrig_taskData.raw.jsonable,299,298,-1.253654546,-1
157,ZFM-03059,2021-10-14,5HT,56e88910-7f1c-4d65-b720-85c9a770d6aa,probe01,Region1G,,0,,/mnt/h0/kb/data/one/mainenlab/Subjects/ZFM-03059/2021-10-14/001/raw_photometry_data/raw_photometry.csv,,/mnt/h0/kb/data/external_drive/HCW_S2_23082021/Sorted_Files/2021-10-14/DI0_M1_M4_TCW_S35_14Oct2021.csv,TRUE,TRUE,raw_behavior_data/_iblrig_taskData.raw.jsonable,758,758,6.460558151,0
158,ZFM-03061,2021-10-14,5HT,9aac585c-4d5c-42d1-acac-0d9ab0ff4a9a,probe04,Region4G,,1,,/mnt/h0/kb/data/one/mainenlab/Subjects/ZFM-03061/2021-10-14/002/raw_photometry_data/raw_photometry.csv,,/mnt/h0/kb/data/external_drive/HCW_S2_23082021/Sorted_Files/2021-10-14/DI1_M1_M4_TCW_S35_14Oct2021.csv,TRUE,TRUE,raw_behavior_data/_iblrig_taskData.raw.jsonable,776,775,-8.259604771,-1
159,ZFM-03061,2021-10-14,5HT,9aac585c-4d5c-42d1-acac-0d9ab0ff4a9a,probe05,Region6G,,1,,/mnt/h0/kb/data/one/mainenlab/Subjects/ZFM-03061/2021-10-14/002/raw_photometry_data/raw_photometry.csv,,/mnt/h0/kb/data/external_drive/HCW_S2_23082021/Sorted_Files/2021-10-14/DI1_M1_M4_TCW_S35_14Oct2021.csv,TRUE,TRUE,raw_behavior_data/_iblrig_taskData.raw.jsonable,776,775,-8.259604771,-1
160,ZFM-03062,2021-10-14,5HT,7b45b0f5-b116-4084-89c9-b53968ed8544,probe02,Region4G,,1,,/mnt/h0/kb/data/one/mainenlab/Subjects/ZFM-03062/2021-10-14/002/raw_photometry_data/raw_photometry.csv,,/mnt/h0/kb/data/external_drive/HCW_S2_23082021/Sorted_Files/2021-10-14/DI1_M3_M2_TCW_S35_14Oct2021.csv,TRUE,TRUE,raw_behavior_data/_iblrig_taskData.raw.jsonable,661,660,9.526123593,-1
161,ZFM-03059,2021-10-15,5HT,934798fb-006b-4cd4-a546-1b896aa4c212,probe01,Region1G,,0,,/mnt/h0/kb/data/one/mainenlab/Subjects/ZFM-03059/2021-10-15/001/raw_photometry_data/raw_photometry.csv,,/mnt/h0/kb/data/external_drive/HCW_S2_23082021/Sorted_Files/2021-10-15/DI0_M1_M4_TCW_S36_15Oct2021.csv,TRUE,TRUE,raw_behavior_data/_iblrig_taskData.raw.jsonable,1100,1099,-0.4473016676,-1
162,ZFM-03061,2021-10-15,5HT,af95e228-7c1c-4dfb-b006-2ee5de75945a,probe04,Region4G,,1,,/mnt/h0/kb/data/one/mainenlab/Subjects/ZFM-03061/2021-10-15/004/raw_photometry_data/raw_photometry.csv,,/mnt/h0/kb/data/external_drive/HCW_S2_23082021/Sorted_Files/2021-10-15/DI1_M1_M4_TCW_S36_15Oct2021.csv,TRUE,TRUE,raw_behavior_data/_iblrig_taskData.raw.jsonable,1116,1116,-10.40539079,0
163,ZFM-03061,2021-10-15,5HT,af95e228-7c1c-4dfb-b006-2ee5de75945a,probe05,Region6G,,1,,/mnt/h0/kb/data/one/mainenlab/Subjects/ZFM-03061/2021-10-15/004/raw_photometry_data/raw_photometry.csv,,/mnt/h0/kb/data/external_drive/HCW_S2_23082021/Sorted_Files/2021-10-15/DI1_M1_M4_TCW_S36_15Oct2021.csv,TRUE,TRUE,raw_behavior_data/_iblrig_taskData.raw.jsonable,1116,1116,-10.40539079,0
164,ZFM-03062,2021-10-15,5HT,165551a2-11f6-445c-b16f-db6faa319bb6,probe02,Region4G,,1,,/mnt/h0/kb/data/one/mainenlab/Subjects/ZFM-03062/2021-10-15/004/raw_photometry_data/raw_photometry.csv,,/mnt/h0/kb/data/external_drive/HCW_S2_23082021/Sorted_Files/2021-10-15/DI1_M3_M2_TCW_S36_15Oct2021.csv,TRUE,TRUE,raw_behavior_data/_iblrig_taskData.raw.jsonable,968,967,-10.10158436,-1
,ZFM-03059,2021-10-19,5HT,d6629588-d238-4433-ad46-8ab6feb4cd0a,probe01,Region1G,,0,,/mnt/h0/kb/data/external_drive/HCW_S2_23082021/Sorted_Files/2021-10-19/PhotometryData_M1_M4_TCW_S37_19Oct2021.csv,,/mnt/h0/kb/data/external_drive/HCW_S2_23082021/Sorted_Files/2021-10-19/DI0_M1_M4_TCW_S37_19Oct2021.csv,TRUE,TRUE,raw_behavior_data/_iblrig_taskData.raw.jsonable,304,159,5.289206583,-145
165,ZFM-03061,2021-10-19,5HT,9c06e82c-ca97-4cb6-9653-cc4dee3956a3,probe04,Region4G,,1,,/mnt/h0/kb/data/one/mainenlab/Subjects/ZFM-03061/2021-10-19/001/raw_photometry_data/raw_photometry.csv,,/mnt/h0/kb/data/external_drive/HCW_S2_23082021/Sorted_Files/2021-10-19/DI1_M1_M4_TCW_S37_19Oct2021.csv,TRUE,TRUE,raw_behavior_data/_iblrig_taskData.raw.jsonable,535,534,-9.882971725,-1
166,ZFM-03061,2021-10-19,5HT,9c06e82c-ca97-4cb6-9653-cc4dee3956a3,probe05,Region6G,,1,,/mnt/h0/kb/data/one/mainenlab/Subjects/ZFM-03061/2021-10-19/001/raw_photometry_data/raw_photometry.csv,,/mnt/h0/kb/data/external_drive/HCW_S2_23082021/Sorted_Files/2021-10-19/DI1_M1_M4_TCW_S37_19Oct2021.csv,TRUE,TRUE,raw_behavior_data/_iblrig_taskData.raw.jsonable,535,534,-9.882971725,-1
167,ZFM-03062,2021-10-19,5HT,2a0e87d4-7832-48a4-8cbc-690558a96773,probe02,Region4G,,1,,/mnt/h0/kb/data/one/mainenlab/Subjects/ZFM-03062/2021-10-19/001/raw_photometry_data/raw_photometry.csv,,/mnt/h0/kb/data/external_drive/HCW_S2_23082021/Sorted_Files/2021-10-19/DI1_M3_M2_TCW_S37_19Oct2021.csv,TRUE,TRUE,raw_behavior_data/_iblrig_taskData.raw.jsonable,542,541,-10.40304925,-1
168,ZFM-03059,2021-10-20,5HT,5c5a5525-cde9-41bc-95b9-90a3a0c7bce3,probe01,Region4G,,1,,/mnt/h0/kb/data/one/mainenlab/Subjects/ZFM-03059/2021-10-20/002/raw_photometry_data/raw_photometry.csv,,/mnt/h0/kb/data/external_drive/HCW_S2_23082021/Sorted_Files/2021-10-20/DI1_M1_TCW_S38_20Oct2021.csv,TRUE,TRUE,raw_behavior_data/_iblrig_taskData.raw.jsonable,878,877,-3.604422686,-1
169,ZFM-03061,2021-10-20,5HT,db67e1db-7f5d-4095-b25c-f19a844f8b14,probe04,Region4G,,1,,/mnt/h0/kb/data/one/mainenlab/Subjects/ZFM-03061/2021-10-20/003/raw_photometry_data/raw_photometry.csv,,/mnt/h0/kb/data/external_drive/HCW_S2_23082021/Sorted_Files/2021-10-20/DI1_M1_M4_TCW_S38_20Oct2021.csv,TRUE,TRUE,raw_behavior_data/_iblrig_taskData.raw.jsonable,532,531,7.944979806,-1
170,ZFM-03061,2021-10-20,5HT,db67e1db-7f5d-4095-b25c-f19a844f8b14,probe05,Region6G,,1,,/mnt/h0/kb/data/one/mainenlab/Subjects/ZFM-03061/2021-10-20/003/raw_photometry_data/raw_photometry.csv,,/mnt/h0/kb/data/external_drive/HCW_S2_23082021/Sorted_Files/2021-10-20/DI1_M1_M4_TCW_S38_20Oct2021.csv,TRUE,TRUE,raw_behavior_data/_iblrig_taskData.raw.jsonable,532,531,7.944979806,-1
171,ZFM-03062,2021-10-20,5HT,89cc1df7-b043-4f94-804d-35b5d004fce0,probe02,Region4G,,1,,/mnt/h0/kb/data/one/mainenlab/Subjects/ZFM-03062/2021-10-20/001/raw_photometry_data/raw_photometry.csv,,/mnt/h0/kb/data/external_drive/HCW_S2_23082021/Sorted_Files/2021-10-20/DI1_M2_TCW_S38_20Oct2021.csv,TRUE,TRUE,raw_behavior_data/_iblrig_taskData.raw.jsonable,653,653,-12.08077316,0
172,ZFM-03059,2021-10-21,5HT,94e1f61f-57e2-4792-a901-d0baa7096b87,probe01,Region1G,,1,,/mnt/h0/kb/data/one/mainenlab/Subjects/ZFM-03059/2021-10-21/001/raw_photometry_data/raw_photometry.csv,,/mnt/h0/kb/data/external_drive/HCW_S2_23082021/Sorted_Files/2021-10-21/DI1_M1_TCW_S39_21Oct2021.csv,TRUE,TRUE,raw_behavior_data/_iblrig_taskData.raw.jsonable,604,603,-9.165714906,-1
173,ZFM-03061,2021-10-21,5HT,d7962d31-9e15-453c-8459-56926781234c,probe04,Region4G,,1,,/mnt/h0/kb/data/one/mainenlab/Subjects/ZFM-03061/2021-10-21/001/raw_photometry_data/raw_photometry.csv,,/mnt/h0/kb/data/external_drive/HCW_S2_23082021/Sorted_Files/2021-10-21/DI1_M4_TCW_S39_21Oct2021.csv,TRUE,TRUE,raw_behavior_data/_iblrig_taskData.raw.jsonable,495,494,-15.42350038,-1
174,ZFM-03061,2021-10-21,5HT,d7962d31-9e15-453c-8459-56926781234c,probe05,Region6G,,1,,/mnt/h0/kb/data/one/mainenlab/Subjects/ZFM-03061/2021-10-21/001/raw_photometry_data/raw_photometry.csv,,/mnt/h0/kb/data/external_drive/HCW_S2_23082021/Sorted_Files/2021-10-21/DI1_M4_TCW_S39_21Oct2021.csv,TRUE,TRUE,raw_behavior_data/_iblrig_taskData.raw.jsonable,495,494,-15.42350038,-1
175,ZFM-03062,2021-10-21,5HT,9bb84712-7236-413d-8899-1a1cba80ff73,probe02,Region4G,,1,,/mnt/h0/kb/data/one/mainenlab/Subjects/ZFM-03062/2021-10-21/001/raw_photometry_data/raw_photometry.csv,,/mnt/h0/kb/data/external_drive/HCW_S2_23082021/Sorted_Files/2021-10-21/DI1_M2_TCW_S39_21Oct2021.csv,TRUE,TRUE,raw_behavior_data/_iblrig_taskData.raw.jsonable,635,634,5.516459478,-1
176,ZFM-03059,2021-10-22,5HT,075a551f-ae82-4b9a-b659-fe94b638b7aa,probe01,Region1G,,1,,/mnt/h0/kb/data/one/mainenlab/Subjects/ZFM-03059/2021-10-22/001/raw_photometry_data/raw_photometry.csv,,/mnt/h0/kb/data/external_drive/HCW_S2_23082021/Sorted_Files/2021-10-22/DI1_M1_TCW_S40_22Oct2021.csv,TRUE,TRUE,raw_behavior_data/_iblrig_taskData.raw.jsonable,570,569,1.571648571,-1
177,ZFM-03061,2021-10-22,5HT,ec99a9cb-0920-482f-92dd-2d508e3db62b,probe04,Region4G,,1,,/mnt/h0/kb/data/one/mainenlab/Subjects/ZFM-03061/2021-10-22/004/raw_photometry_data/raw_photometry.csv,,/mnt/h0/kb/data/external_drive/HCW_S2_23082021/Sorted_Files/2021-10-22/DI1_M4_TCW_S40_22Oct2021.csv,TRUE,TRUE,raw_behavior_data/_iblrig_taskData.raw.jsonable,553,552,-13.25434555,-1
178,ZFM-03061,2021-10-22,5HT,ec99a9cb-0920-482f-92dd-2d508e3db62b,probe05,Region6G,,1,,/mnt/h0/kb/data/one/mainenlab/Subjects/ZFM-03061/2021-10-22/004/raw_photometry_data/raw_photometry.csv,,/mnt/h0/kb/data/external_drive/HCW_S2_23082021/Sorted_Files/2021-10-22/DI1_M4_TCW_S40_22Oct2021.csv,TRUE,TRUE,raw_behavior_data/_iblrig_taskData.raw.jsonable,553,552,-13.25434555,-1
179,ZFM-03062,2021-10-22,5HT,d3f588fc-fe29-499f-b347-3be9bc24a60f,probe02,Region4G,,1,,/mnt/h0/kb/data/one/mainenlab/Subjects/ZFM-03062/2021-10-22/001/raw_photometry_data/raw_photometry.csv,,/mnt/h0/kb/data/external_drive/HCW_S2_23082021/Sorted_Files/2021-10-22/DI1_M2_TCW_S40_22Oct2021.csv,TRUE,TRUE,raw_behavior_data/_iblrig_taskData.raw.jsonable,769,768,5.710811535,-1
180,ZFM-03059,2021-10-25,5HT,f8f1854d-9056-4f42-80b4-1af6443d81cf,probe01,Region1G,,1,,/mnt/h0/kb/data/one/mainenlab/Subjects/ZFM-03059/2021-10-25/001/raw_photometry_data/raw_photometry.csv,,/mnt/h0/kb/data/external_drive/HCW_S2_23082021/Sorted_Files/2021-10-25/DI1_M1_TCW_S41_25Oct2021.csv,TRUE,TRUE,raw_behavior_data/_iblrig_taskData.raw.jsonable,389,389,-11.35995402,0
181,ZFM-03061,2021-10-25,5HT,0969bacf-a7da-4d1b-9911-39cc47b424c9,probe04,Region4G,,1,,/mnt/h0/kb/data/one/mainenlab/Subjects/ZFM-03061/2021-10-25/001/raw_photometry_data/raw_photometry.csv,,/mnt/h0/kb/data/external_drive/HCW_S2_23082021/Sorted_Files/2021-10-25/DI1_M4_TCW_S41_25Oct2021.csv,TRUE,TRUE,raw_behavior_data/_iblrig_taskData.raw.jsonable,1032,1032,2.716494533,0
182,ZFM-03061,2021-10-25,5HT,0969bacf-a7da-4d1b-9911-39cc47b424c9,probe05,Region6G,,1,,/mnt/h0/kb/data/one/mainenlab/Subjects/ZFM-03061/2021-10-25/001/raw_photometry_data/raw_photometry.csv,,/mnt/h0/kb/data/external_drive/HCW_S2_23082021/Sorted_Files/2021-10-25/DI1_M4_TCW_S41_25Oct2021.csv,TRUE,TRUE,raw_behavior_data/_iblrig_taskData.raw.jsonable,1032,1032,2.716494533,0
183,ZFM-03062,2021-10-25,5HT,a61e44a9-c38a-487a-b0e6-fc3905597356,probe02,Region4G,,1,,/mnt/h0/kb/data/one/mainenlab/Subjects/ZFM-03062/2021-10-25/001/raw_photometry_data/raw_photometry.csv,,/mnt/h0/kb/data/external_drive/HCW_S2_23082021/Sorted_Files/2021-10-25/DI1_M2_TCW_S41_25Oct2021.csv,TRUE,TRUE,raw_behavior_data/_iblrig_taskData.raw.jsonable,838,837,3.532781379,-1
184,ZFM-03059,2021-10-26,5HT,3cafedfc-b78b-48ba-9bce-0402b71bbe90,probe01,Region1G,,1,,/mnt/h0/kb/data/one/mainenlab/Subjects/ZFM-03059/2021-10-26/001/raw_photometry_data/raw_photometry.csv,,/mnt/h0/kb/data/external_drive/HCW_S2_23082021/Sorted_Files/2021-10-26/DI1_M1_TCW_S42_26Oct2021.csv,TRUE,TRUE,raw_behavior_data/_iblrig_taskData.raw.jsonable,997,997,-10.50119001,0
185,ZFM-03061,2021-10-26,5HT,d97aa626-72aa-4bb6-8a83-af8e2ce5fa8f,probe04,Region1G,,1,new,/mnt/h0/kb/data/one/mainenlab/Subjects/ZFM-03061/2021-10-26/001/raw_photometry_data/raw_photometry.csv,,/mnt/h0/kb/data/external_drive/HCW_S2_23082021/Sorted_Files/2021-10-26/DI1_M4_TCW_S42_26Oct2021.csv,TRUE,TRUE,raw_behavior_data/_iblrig_taskData.raw.jsonable,444,444,-18.70391514,0
186,ZFM-03061,2021-10-26,5HT,d97aa626-72aa-4bb6-8a83-af8e2ce5fa8f,probe05,Region4G,,1,,/mnt/h0/kb/data/one/mainenlab/Subjects/ZFM-03061/2021-10-26/001/raw_photometry_data/raw_photometry.csv,,/mnt/h0/kb/data/external_drive/HCW_S2_23082021/Sorted_Files/2021-10-26/DI1_M4_TCW_S42_26Oct2021.csv,TRUE,TRUE,raw_behavior_data/_iblrig_taskData.raw.jsonable,444,444,-18.70391514,0
188,ZFM-03062,2021-10-26,5HT,4b391d5d-238d-4f1c-afaf-68e04b8a012b,probe02,Region4G,,1,,/mnt/h0/kb/data/one/mainenlab/Subjects/ZFM-03062/2021-10-26/002/raw_photometry_data/raw_photometry.csv,,/mnt/h0/kb/data/external_drive/HCW_S2_23082021/Sorted_Files/2021-10-26/DI1_M2_TCW_S42_26Oct2021.csv,TRUE,TRUE,raw_behavior_data/_iblrig_taskData.raw.jsonable,696,695,-5.052643562,-1
189,ZFM-03059,2021-10-27,5HT,2c34d9fb-4556-4740-9a29-1e419544bb72,probe01,Region1G,,1,,/mnt/h0/kb/data/one/mainenlab/Subjects/ZFM-03059/2021-10-27/001/raw_photometry_data/raw_photometry.csv,,/mnt/h0/kb/data/external_drive/HCW_S2_23082021/Sorted_Files/2021-10-27/DI1_M1_TCW_S43_27Oct2021.csv,TRUE,TRUE,raw_behavior_data/_iblrig_taskData.raw.jsonable,808,808,-11.45204631,0
190,ZFM-03061,2021-10-27,5HT,9bd4a155-c529-4ad9-b719-36b866b30ee4,probe04,Region1G,,1,,/mnt/h0/kb/data/one/mainenlab/Subjects/ZFM-03061/2021-10-27/002/raw_photometry_data/raw_photometry.csv,,/mnt/h0/kb/data/external_drive/HCW_S2_23082021/Sorted_Files/2021-10-27/DI1_M4_TCW_S43_27Oct2021.csv,TRUE,TRUE,raw_behavior_data/_iblrig_taskData.raw.jsonable,441,441,-14.10745634,0
191,ZFM-03061,2021-10-27,5HT,9bd4a155-c529-4ad9-b719-36b866b30ee4,probe05,Region4G,,1,,/mnt/h0/kb/data/one/mainenlab/Subjects/ZFM-03061/2021-10-27/002/raw_photometry_data/raw_photometry.csv,,/mnt/h0/kb/data/external_drive/HCW_S2_23082021/Sorted_Files/2021-10-27/DI1_M4_TCW_S43_27Oct2021.csv,TRUE,TRUE,raw_behavior_data/_iblrig_taskData.raw.jsonable,441,441,-14.10745634,0
193,ZFM-03062,2021-10-27,5HT,5551bebd-5777-480d-aa25-d46cf4d2292d,probe02,Region4G,,1,,/mnt/h0/kb/data/one/mainenlab/Subjects/ZFM-03062/2021-10-27/002/raw_photometry_data/raw_photometry.csv,,/mnt/h0/kb/data/external_drive/HCW_S2_23082021/Sorted_Files/2021-10-27/DI1_M2_TCW_S43_27Oct2021.csv,TRUE,TRUE,raw_behavior_data/_iblrig_taskData.raw.jsonable,1092,1091,2.8543388,-1
194,ZFM-03059,2021-10-28,5HT,f3da93ab-d90b-45b2-b818-2cea6df53983,probe01,Region1G,,1,,/mnt/h0/kb/data/one/mainenlab/Subjects/ZFM-03059/2021-10-28/001/raw_photometry_data/raw_photometry.csv,,/mnt/h0/kb/data/external_drive/HCW_S2_23082021/Sorted_Files/2021-10-28/DI1_M1_TCW_S44_28Oct2021.csv,TRUE,TRUE,raw_behavior_data/_iblrig_taskData.raw.jsonable,662,662,-25.78667666,0
195,ZFM-03061,2021-10-28,5HT,8dcdea72-afb1-4e3b-9e2e-0424a795adf2,probe04,Region1G,,1,solved,/mnt/h0/kb/data/one/mainenlab/Subjects/ZFM-03061/2021-10-28/001/raw_photometry_data/raw_photometry.csv,,/mnt/h0/kb/data/external_drive/HCW_S2_23082021/Sorted_Files/2021-10-28/DI1_M4_TCW_S44_28Oct2021.csv,TRUE,TRUE,raw_behavior_data/_iblrig_taskData.raw.jsonable,289,289,2.760874175,0
196,ZFM-03061,2021-10-28,5HT,8dcdea72-afb1-4e3b-9e2e-0424a795adf2,probe05,Region4G,,1,solved,/mnt/h0/kb/data/one/mainenlab/Subjects/ZFM-03061/2021-10-28/001/raw_photometry_data/raw_photometry.csv,,/mnt/h0/kb/data/external_drive/HCW_S2_23082021/Sorted_Files/2021-10-28/DI1_M4_TCW_S44_28Oct2021.csv,TRUE,TRUE,raw_behavior_data/_iblrig_taskData.raw.jsonable,289,289,2.760874175,0
199,ZFM-03062,2021-10-28,5HT,2dffbfb5-3002-4539-b13a-dd4cd50149a0,probe02,Region6G,,1,solved,/mnt/h0/kb/data/one/mainenlab/Subjects/ZFM-03062/2021-10-28/001/raw_photometry_data/raw_photometry.csv,,/mnt/h0/kb/data/external_drive/HCW_S2_23082021/Sorted_Files/2021-10-28/DI1_M2_TCW_S44_28Oct2021.csv,TRUE,TRUE,raw_behavior_data/_iblrig_taskData.raw.jsonable,661,660,-13.0306156,-1
200,ZFM-03059,2021-10-29,5HT,086d3b97-a2b9-4df9-a29f-9eee1ea4fb51,probe01,Region1G,,1,,/mnt/h0/kb/data/one/mainenlab/Subjects/ZFM-03059/2021-10-29/002/raw_photometry_data/raw_photometry.csv,,/mnt/h0/kb/data/external_drive/HCW_S2_23082021/Sorted_Files/2021-10-29/DI1_M1_TCW_S45_29Oct2021_2.csv,TRUE,TRUE,raw_behavior_data/_iblrig_taskData.raw.jsonable,650,649,-15.64231053,-1
201,ZFM-03061,2021-10-29,5HT,49d39c6a-11cc-4fd3-99c5-c612849bfa3b,probe04,Region1G,,1,doubt,/mnt/h0/kb/data/one/mainenlab/Subjects/ZFM-03061/2021-10-29/004/raw_photometry_data/raw_photometry.csv,,/mnt/h0/kb/data/external_drive/HCW_S2_23082021/Sorted_Files/2021-10-29/DI1_M4_TCW_S45_29Oct2021.csv,TRUE,TRUE,raw_behavior_data/_iblrig_taskData.raw.jsonable,887,887,-10.36655726,0
202,ZFM-03061,2021-10-29,5HT,49d39c6a-11cc-4fd3-99c5-c612849bfa3b,probe05,Region4G,,1,doubt,/mnt/h0/kb/data/one/mainenlab/Subjects/ZFM-03061/2021-10-29/004/raw_photometry_data/raw_photometry.csv,,/mnt/h0/kb/data/external_drive/HCW_S2_23082021/Sorted_Files/2021-10-29/DI1_M4_TCW_S45_29Oct2021.csv,TRUE,TRUE,raw_behavior_data/_iblrig_taskData.raw.jsonable,887,887,-10.36655726,0
204,ZFM-03062,2021-10-29,5HT,6714d921-e53c-42c9-8950-3a36a5cca2fd,probe02,Region4G,,1,,/mnt/h0/kb/data/one/mainenlab/Subjects/ZFM-03062/2021-10-29/001/raw_photometry_data/raw_photometry.csv,,/mnt/h0/kb/data/external_drive/HCW_S2_23082021/Sorted_Files/2021-10-29/DI1_M2_TCW_S45_29Oct2021.csv,TRUE,TRUE,raw_behavior_data/_iblrig_taskData.raw.jsonable,1254,1253,-10.23542572,-1
205,ZFM-03061,2021-11-03,5HT,c8a880e2-4657-4945-9ec8-f2643cceeff9,probe04,Region1G,,1,doubt,/mnt/h0/kb/data/one/mainenlab/Subjects/ZFM-03061/2021-11-03/005/raw_photometry_data/raw_photometry.csv,,/mnt/h0/kb/data/external_drive/HCW_S2_23082021/Sorted_Files/2021-11-03/DI1_M4_TCW_S46_30Nov2021.csv,TRUE,TRUE,raw_behavior_data/_iblrig_taskData.raw.jsonable,489,489,-17.28791795,0
206,ZFM-03061,2021-11-03,5HT,c8a880e2-4657-4945-9ec8-f2643cceeff9,probe05,Region4G,,1,doubt,/mnt/h0/kb/data/one/mainenlab/Subjects/ZFM-03061/2021-11-03/005/raw_photometry_data/raw_photometry.csv,,/mnt/h0/kb/data/external_drive/HCW_S2_23082021/Sorted_Files/2021-11-03/DI1_M4_TCW_S46_30Nov2021.csv,TRUE,TRUE,raw_behavior_data/_iblrig_taskData.raw.jsonable,489,489,-17.28791795,0
208,ZFM-03059,2021-11-05,5HT,83d09945-8060-48e5-97a4-f86b3762591d,probe01,Region1G,,1,,/mnt/h0/kb/data/one/mainenlab/Subjects/ZFM-03059/2021-11-05/001/raw_photometry_data/raw_photometry.csv,,/mnt/h0/kb/data/external_drive/HCW_S2_23082021/Sorted_Files/2021-11-05/DI1_M1_TCW_S46_05Nov2021.csv,TRUE,TRUE,raw_behavior_data/_iblrig_taskData.raw.jsonable,1380,1380,-5.846441808,0
209,ZFM-03447,2021-11-06,DA,8656db14-e23c-41a6-af0e-1d5918ac3727,probe06,Region1G,,1,,/mnt/h0/kb/data/one/mainenlab/Subjects/ZFM-03447/2021-11-06/001/raw_photometry_data/raw_photometry.csv,/mnt/h0/kb/data/external_drive/HCW_S2_23082021/DA/TCW_S02_06Nov2021/PhotometryData_D1_TCW_S02_06Nov2021.csv,/mnt/h0/kb/data/external_drive/HCW_S2_23082021/DA/TCW_S02_06Nov2021/DI1_D1_TCW_S02_06Nov2021.csv,TRUE,TRUE,raw_behavior_data/_iblrig_taskData.raw.jsonable,228,227,0.7610657913,-1
210,ZFM-03448,2021-11-06,DA,9fa78eec-5b00-4050-b83c-059b89f7e46d,probe07,Region1G,,1,,/mnt/h0/kb/data/one/mainenlab/Subjects/ZFM-03448/2021-11-06/002/raw_photometry_data/raw_photometry.csv,/mnt/h0/kb/data/external_drive/HCW_S2_23082021/DA/TCW_S02_06Nov2021/PhotometryData_D2_TCW_S02_06Nov2021.csv,/mnt/h0/kb/data/external_drive/HCW_S2_23082021/DA/TCW_S02_06Nov2021/DI1_D2_TCW_S02_06Nov2021.csv,TRUE,TRUE,raw_behavior_data/_iblrig_taskData.raw.jsonable,262,261,-7.894088559,-1
211,ZFM-03450,2021-11-06,DA,706049c7-8d9b-4e8f-8f0f-809ea910e1b0,probe08,Region1G,,1,,/mnt/h0/kb/data/one/mainenlab/Subjects/ZFM-03450/2021-11-06/001/raw_photometry_data/raw_photometry.csv,/mnt/h0/kb/data/external_drive/HCW_S2_23082021/DA/TCW_S02_06Nov2021/PhotometryData_D3_TCW_S02_06Nov2021.csv,/mnt/h0/kb/data/external_drive/HCW_S2_23082021/DA/TCW_S02_06Nov2021/DI1_D3_TCW_S02_06Nov2021.csv,TRUE,TRUE,raw_behavior_data/_iblrig_taskData.raw.jsonable,219,218,-21.19387021,-1
212,ZFM-03450,2021-11-06,DA,706049c7-8d9b-4e8f-8f0f-809ea910e1b0,probe09,Region4G,,1,,/mnt/h0/kb/data/one/mainenlab/Subjects/ZFM-03450/2021-11-06/001/raw_photometry_data/raw_photometry.csv,/mnt/h0/kb/data/external_drive/HCW_S2_23082021/DA/TCW_S02_06Nov2021/PhotometryData_D3_TCW_S02_06Nov2021.csv,/mnt/h0/kb/data/external_drive/HCW_S2_23082021/DA/TCW_S02_06Nov2021/DI1_D3_TCW_S02_06Nov2021.csv,TRUE,TRUE,raw_behavior_data/_iblrig_taskData.raw.jsonable,219,218,-21.19387021,-1
213,ZFM-03447,2021-11-08,DA,8475d56f-1f95-413b-adb2-144c117ef92f,probe06,Region4G,,1,,/mnt/h0/kb/data/one/mainenlab/Subjects/ZFM-03447/2021-11-08/001/raw_photometry_data/raw_photometry.csv,/mnt/h0/kb/data/external_drive/HCW_S2_23082021/DA/TCW_S04_08Nov2021/PhotometryData_D1_TCW_S04_08Nov2021.csv,/mnt/h0/kb/data/external_drive/HCW_S2_23082021/DA/TCW_S04_08Nov2021/DI1_D1_TCW_S04_08Nov2021.csv,TRUE,TRUE,raw_behavior_data/_iblrig_taskData.raw.jsonable,255,254,-10.05751076,-1
214,ZFM-03448,2021-11-08,DA,6353fc85-434d-4fa6-8154-7d376106e455,probe07,Region4G,,1,,/mnt/h0/kb/data/one/mainenlab/Subjects/ZFM-03448/2021-11-08/001/raw_photometry_data/raw_photometry.csv,/mnt/h0/kb/data/external_drive/HCW_S2_23082021/DA/TCW_S04_08Nov2021/PhotometryData_D2_TCW_S04_08Nov2021.csv,/mnt/h0/kb/data/external_drive/HCW_S2_23082021/DA/TCW_S04_08Nov2021/DI1_D2_TCW_S04_08Nov2021.csv,TRUE,TRUE,raw_behavior_data/_iblrig_taskData.raw.jsonable,293,292,6.511977405,-1
215,ZFM-03450,2021-11-08,DA,b33dbb1d-d484-4893-8c23-b276da55aee4,probe08,Region4G,,1,,/mnt/h0/kb/data/one/mainenlab/Subjects/ZFM-03450/2021-11-08/001/raw_photometry_data/raw_photometry.csv,/mnt/h0/kb/data/external_drive/HCW_S2_23082021/DA/TCW_S04_08Nov2021/PhotometryData_D3_TCW_S04_08Nov2021.csv,/mnt/h0/kb/data/external_drive/HCW_S2_23082021/DA/TCW_S04_08Nov2021/DI1_D3_TCW_S04_08Nov2021.csv,TRUE,TRUE,raw_behavior_data/_iblrig_taskData.raw.jsonable,255,254,-11.3023858,-1
216,ZFM-03450,2021-11-08,DA,b33dbb1d-d484-4893-8c23-b276da55aee4,probe09,Region6G,,1,,/mnt/h0/kb/data/one/mainenlab/Subjects/ZFM-03450/2021-11-08/001/raw_photometry_data/raw_photometry.csv,/mnt/h0/kb/data/external_drive/HCW_S2_23082021/DA/TCW_S04_08Nov2021/PhotometryData_D3_TCW_S04_08Nov2021.csv,/mnt/h0/kb/data/external_drive/HCW_S2_23082021/DA/TCW_S04_08Nov2021/DI1_D3_TCW_S04_08Nov2021.csv,TRUE,TRUE,raw_behavior_data/_iblrig_taskData.raw.jsonable,255,254,-11.3023858,-1
217,ZFM-03447,2021-11-10,DA,f6271673-7bee-4d47-b5bf-cb2c5f3ca869,probe06,Region4G,,1,,/mnt/h0/kb/data/one/mainenlab/Subjects/ZFM-03447/2021-11-10/002/raw_photometry_data/raw_photometry.csv,/mnt/h0/kb/data/external_drive/HCW_S2_23082021/DA/TCW_S05_10Nov2021/PhotometryData_D1_TCW_S05_10Nov2021_2.csv,/mnt/h0/kb/data/external_drive/HCW_S2_23082021/DA/TCW_S05_10Nov2021/DI1_D1_TCW_S05_10Nov2021_2.csv,TRUE,TRUE,raw_behavior_data/_iblrig_taskData.raw.jsonable,121,120,-93.40449536,-1
218,ZFM-03448,2021-11-10,DA,cab30b9f-fa1d-4f39-86f2-58e9265bd9f4,probe07,Region4G,,1,,,/mnt/h0/kb/data/external_drive/HCW_S2_23082021/DA/TCW_S05_10Nov2021/PhotometryData_D2_TCW_S05_10Nov2021.csv,/mnt/h0/kb/data/external_drive/HCW_S2_23082021/DA/TCW_S05_10Nov2021/DI1_D2_TCW_S05_10Nov2021.csv,TRUE,TRUE,raw_behavior_data/_iblrig_taskData.raw.jsonable,,,,
220,ZFM-03447,2021-11-11,DA,350e9ddf-a0f7-4ff8-b1d9-00f1ee8640d9,probe06,Region4G,,1,,/mnt/h0/kb/data/one/mainenlab/Subjects/ZFM-03447/2021-11-11/001/raw_photometry_data/raw_photometry.csv,/mnt/h0/kb/data/external_drive/HCW_S2_23082021/DA/TCW_S06_11Nov2021/PhotometryData_D1_TCW_S06_11Nov2021.csv,/mnt/h0/kb/data/external_drive/HCW_S2_23082021/DA/TCW_S06_11Nov2021/DI1_D1_TCW_S06_11Nov2021.csv,TRUE,TRUE,raw_behavior_data/_iblrig_taskData.raw.jsonable,345,344,-5.928760615,-1
221,ZFM-03448,2021-11-11,DA,fa5a25e2-fb81-4436-9a76-1c34a620fb9b,probe07,Region4G,,1,2 sessions; 1st session = 84trials,,/mnt/h0/kb/data/external_drive/HCW_S2_23082021/DA/TCW_S06_11Nov2021/PhotometryData_D2_TCW_S06_11Nov2021.csv,/mnt/h0/kb/data/external_drive/HCW_S2_23082021/DA/TCW_S06_11Nov2021/DI1_D2_TCW_S06_11Nov2021.csv,TRUE,TRUE,raw_behavior_data/_iblrig_taskData.raw.jsonable,,,,
222,ZFM-03448,2021-11-11,DA,2cbdbc6f-3060-4fe1-9b86-79011f7bc9cb,probe07,Region4G,,1,2 sessions; this is the 2nd session ,,/mnt/h0/kb/data/external_drive/HCW_S2_23082021/DA/TCW_S06_11Nov2021/PhotometryData_D2_D3_TCW_S06_11Nov2021.csv,/mnt/h0/kb/data/external_drive/HCW_S2_23082021/DA/TCW_S06_11Nov2021/DI1_D2_TCW_S06_11Nov2021_2.csv,TRUE,TRUE,raw_behavior_data/_iblrig_taskData.raw.jsonable,,,,
223,ZFM-03450,2021-11-11,DA,409ee2ac-11ca-41a7-93fa-b5ac44e049f8,probe09,Region1G,,0,,/mnt/h0/kb/data/one/mainenlab/Subjects/ZFM-03450/2021-11-11/002/raw_photometry_data/raw_photometry.csv,/mnt/h0/kb/data/external_drive/HCW_S2_23082021/DA/TCW_S06_11Nov2021/PhotometryData_D2_D3_TCW_S06_11Nov2021.csv,/mnt/h0/kb/data/external_drive/HCW_S2_23082021/DA/TCW_S06_11Nov2021/DI0_D3_TCW_S06_11Nov2021.csv,TRUE,TRUE,raw_behavior_data/_iblrig_taskData.raw.jsonable,58,57,6.564379986,-1
224,ZFM-03450,2021-11-11,DA,409ee2ac-11ca-41a7-93fa-b5ac44e049f8,probe08,Region6G,,0,,/mnt/h0/kb/data/one/mainenlab/Subjects/ZFM-03450/2021-11-11/002/raw_photometry_data/raw_photometry.csv,/mnt/h0/kb/data/external_drive/HCW_S2_23082021/DA/TCW_S06_11Nov2021/PhotometryData_D2_D3_TCW_S06_11Nov2021.csv,/mnt/h0/kb/data/external_drive/HCW_S2_23082021/DA/TCW_S06_11Nov2021/DI0_D3_TCW_S06_11Nov2021.csv,TRUE,TRUE,raw_behavior_data/_iblrig_taskData.raw.jsonable,58,57,6.564379986,-1
225,ZFM-03447,2021-11-18,DA,fc004b9a-3e07-4778-96d0-71d15a5f101d,probe06,Region4G,,0,,/mnt/h0/kb/data/one/mainenlab/Subjects/ZFM-03447/2021-11-18/001/raw_photometry_data/raw_photometry.csv,/mnt/h0/kb/data/external_drive/HCW_S2_23082021/DA/TCW_S09_18Nov2021/PhotometryData_D1_D2_TCW_S09_18Nov2021.csv,/mnt/h0/kb/data/external_drive/HCW_S2_23082021/DA/TCW_S09_18Nov2021/DI0_D1_D2_TCW_S09_18Nov2021.csv,TRUE,TRUE,raw_behavior_data/_iblrig_taskData.raw.jsonable,620,619,-12.09296125,-1
226,ZFM-03448,2021-11-18,DA,65aaafdc-b179-4468-b109-1f0a52c7068d,probe07,Region6G,,1,,,/mnt/h0/kb/data/external_drive/HCW_S2_23082021/DA/TCW_S09_18Nov2021/PhotometryData_D3_D2_TCW_S09_18Nov2021_2.csv,/mnt/h0/kb/data/external_drive/HCW_S2_23082021/DA/TCW_S09_18Nov2021/DI1_D3_D2_TCW_S09_18Nov2021.csv,TRUE,TRUE,raw_behavior_data/_iblrig_taskData.raw.jsonable,,,,
227,ZFM-03450,2021-11-18,DA,1b54177a-d6d2-41e5-867b-ee9a63f6d5a7,probe08,Region1G,,0,,/mnt/h0/kb/data/one/mainenlab/Subjects/ZFM-03450/2021-11-18/002/raw_photometry_data/raw_photometry.csv,/mnt/h0/kb/data/external_drive/HCW_S2_23082021/DA/TCW_S09_18Nov2021/PhotometryData_D3_D2_TCW_S09_18Nov2021_2.csv,/mnt/h0/kb/data/external_drive/HCW_S2_23082021/DA/TCW_S09_18Nov2021/DI0_D3_D2_TCW_S09_18Nov2021_2.csv,TRUE,TRUE,raw_behavior_data/_iblrig_taskData.raw.jsonable,215,214,-24.23330165,-1
228,ZFM-03450,2021-11-18,DA,1b54177a-d6d2-41e5-867b-ee9a63f6d5a7,probe09,Region4G,,0,,/mnt/h0/kb/data/one/mainenlab/Subjects/ZFM-03450/2021-11-18/002/raw_photometry_data/raw_photometry.csv,/mnt/h0/kb/data/external_drive/HCW_S2_23082021/DA/TCW_S09_18Nov2021/PhotometryData_D3_D2_TCW_S09_18Nov2021_2.csv,/mnt/h0/kb/data/external_drive/HCW_S2_23082021/DA/TCW_S09_18Nov2021/DI0_D3_D2_TCW_S09_18Nov2021_2.csv,TRUE,TRUE,raw_behavior_data/_iblrig_taskData.raw.jsonable,215,214,-24.23330165,-1
229,ZFM-03447,2021-11-19,DA,a5fbdff2-ab21-49b7-be37-2e3d50e6d7d5,probe06,Region4G,,1,,,/mnt/h0/kb/data/external_drive/HCW_S2_23082021/DA/TCW_S10_19Nov2021/PhotometryData_D1_D2_TCW_S10_19Nov2021.csv,/mnt/h0/kb/data/external_drive/HCW_S2_23082021/DA/TCW_S10_19Nov2021/DI1_D1_D2_TCW_S10_19Nov2021.csv,TRUE,TRUE,raw_behavior_data/_iblrig_taskData.raw.jsonable,,,,
230,ZFM-03448,2021-11-19,DA,bf0bc61a-d0d4-4e30-9268-9f1c8de29952,probe07,Region1G,,0,,/mnt/h0/kb/data/one/mainenlab/Subjects/ZFM-03448/2021-11-19/003/raw_photometry_data/raw_photometry.csv,/mnt/h0/kb/data/external_drive/HCW_S2_23082021/DA/TCW_S10_19Nov2021/PhotometryData_D1_D2_TCW_S10_19Nov2021.csv,/mnt/h0/kb/data/external_drive/HCW_S2_23082021/DA/TCW_S10_19Nov2021/DI0_D1_D2_TCW_S10_19Nov2021.csv,TRUE,TRUE,raw_behavior_data/_iblrig_taskData.raw.jsonable,473,634,-15.84581676,161
231,ZFM-03450,2021-11-19,DA,0717df63-aa43-479b-aa59-202e10f30e3f,probe09,Region1G,,0,,/mnt/h0/kb/data/one/mainenlab/Subjects/ZFM-03450/2021-11-19/001/raw_photometry_data/raw_photometry.csv,/mnt/h0/kb/data/external_drive/HCW_S2_23082021/DA/TCW_S10_19Nov2021/PhotometryData_D3_TCW_S10_19Nov2021.csv,/mnt/h0/kb/data/external_drive/HCW_S2_23082021/DA/TCW_S10_19Nov2021/DI0_D3_TCW_S10_19Nov2021.csv,TRUE,TRUE,raw_behavior_data/_iblrig_taskData.raw.jsonable,171,171,2.71042815,0
232,ZFM-03450,2021-11-19,DA,0717df63-aa43-479b-aa59-202e10f30e3f,probe08,Region4G,,0,,/mnt/h0/kb/data/one/mainenlab/Subjects/ZFM-03450/2021-11-19/001/raw_photometry_data/raw_photometry.csv,/mnt/h0/kb/data/external_drive/HCW_S2_23082021/DA/TCW_S10_19Nov2021/PhotometryData_D3_TCW_S10_19Nov2021.csv,/mnt/h0/kb/data/external_drive/HCW_S2_23082021/DA/TCW_S10_19Nov2021/DI0_D3_TCW_S10_19Nov2021.csv,TRUE,TRUE,raw_behavior_data/_iblrig_taskData.raw.jsonable,171,171,2.71042815,0
233,ZFM-03447,2021-11-20,DA,d4a1fa36-00e8-4309-b070-d96fee4da6d8,probe06,Region7G,,0,,/mnt/h0/kb/data/one/mainenlab/Subjects/ZFM-03447/2021-11-20/001/raw_photometry_data/raw_photometry.csv,/mnt/h0/kb/data/external_drive/HCW_S2_23082021/DA/TCW_S11_20Nov2021/PhotometryData_D1_D2_TCW_S11_20Nov2021.csv,/mnt/h0/kb/data/external_drive/HCW_S2_23082021/DA/TCW_S11_20Nov2021/DI0_D1_D2_TCW_S11_20Nov2021.csv,TRUE,TRUE,raw_behavior_data/_iblrig_taskData.raw.jsonable,630,630,-8.03643874,0
234,ZFM-03448,2021-11-20,DA,8fbdb816-4cb7-4cb6-a83d-a403c40c865b,probe07,Region4G,,1,,/mnt/h0/kb/data/one/mainenlab/Subjects/ZFM-03448/2021-11-20/002/raw_photometry_data/raw_photometry.csv,/mnt/h0/kb/data/external_drive/HCW_S2_23082021/DA/TCW_S11_20Nov2021/PhotometryData_D1_D2_TCW_S11_20Nov2021.csv,/mnt/h0/kb/data/external_drive/HCW_S2_23082021/DA/TCW_S11_20Nov2021/DI1_D1_D2_TCW_S11_20Nov2021.csv,TRUE,TRUE,raw_behavior_data/_iblrig_taskData.raw.jsonable,698,291,-35.82612861,-407
235,ZFM-03450,2021-11-20,DA,bdfdec12-fa65-4cca-ab1f-c6f8c94ec204,probe09,Region4G,,0,,/mnt/h0/kb/data/one/mainenlab/Subjects/ZFM-03450/2021-11-20/001/raw_photometry_data/raw_photometry.csv,/mnt/h0/kb/data/external_drive/HCW_S2_23082021/DA/TCW_S11_20Nov2021/PhotometryData_D3_TCW_S11_20Nov2021.csv,/mnt/h0/kb/data/external_drive/HCW_S2_23082021/DA/TCW_S11_20Nov2021/DI0_D3_TCW_S11_20Nov2021.csv,TRUE,TRUE,raw_behavior_data/_iblrig_taskData.raw.jsonable,187,187,-0.160669486,0
236,ZFM-03450,2021-11-20,DA,bdfdec12-fa65-4cca-ab1f-c6f8c94ec204,probe08,Region7G,,0,,/mnt/h0/kb/data/one/mainenlab/Subjects/ZFM-03450/2021-11-20/001/raw_photometry_data/raw_photometry.csv,/mnt/h0/kb/data/external_drive/HCW_S2_23082021/DA/TCW_S11_20Nov2021/PhotometryData_D3_TCW_S11_20Nov2021.csv,/mnt/h0/kb/data/external_drive/HCW_S2_23082021/DA/TCW_S11_20Nov2021/DI0_D3_TCW_S11_20Nov2021.csv,TRUE,TRUE,raw_behavior_data/_iblrig_taskData.raw.jsonable,187,187,-0.160669486,0
237,ZFM-03447,2021-11-21,DA,8e6a30d3-087b-4cc7-a867-548f651492ee,probe06,Region7G,,0,,,/mnt/h0/kb/data/external_drive/HCW_S2_23082021/DA/TCW_S12_21Nov2021/PhotometryData_D1_D2_TCW_S12_21Nov2021.csv,/mnt/h0/kb/data/external_drive/HCW_S2_23082021/DA/TCW_S12_21Nov2021/DI0_D1_D2_TCW_S12_21Nov2021.csv,TRUE,TRUE,raw_behavior_data/_iblrig_taskData.raw.jsonable,,,,
238,ZFM-03448,2021-11-21,DA,46c1d179-3cc5-4d3f-aebf-3eeb7ab86b96,probe07,Region4G,,1,stim freeze in the 1st session,,/mnt/h0/kb/data/external_drive/HCW_S2_23082021/DA/TCW_S12_21Nov2021/PhotometryData_D1_D2_TCW_S12_21Nov2021.csv,/mnt/h0/kb/data/external_drive/HCW_S2_23082021/DA/TCW_S12_21Nov2021/DI1_D1_D2_TCW_S12_21Nov2021.csv,TRUE,TRUE,raw_behavior_data/_iblrig_taskData.raw.jsonable,,,,
239,ZFM-03448,2021-11-21,DA,aad8c23e-a563-441e-94ad-c7fda38a699b,probe07,Region7G,,1,2nd session; I removed the mouse and used another patch cord branch,,/mnt/h0/kb/data/external_drive/HCW_S2_23082021/DA/TCW_S12_21Nov2021/PhotometryData_D3_D2_TCW_S12_21Nov2021.csv,/mnt/h0/kb/data/external_drive/HCW_S2_23082021/DA/TCW_S12_21Nov2021/DI1_D3_D2_TCW_S12_21Nov2021.csv,TRUE,TRUE,raw_behavior_data/_iblrig_taskData.raw.jsonable,,,,
240,ZFM-03450,2021-11-21,DA,27c464a4-5cc3-41b5-b944-a93570658466,probe09,Region1G,,0,,/mnt/h0/kb/data/one/mainenlab/Subjects/ZFM-03450/2021-11-21/001/raw_photometry_data/raw_photometry.csv,/mnt/h0/kb/data/external_drive/HCW_S2_23082021/DA/TCW_S12_21Nov2021/PhotometryData_D3_D2_TCW_S12_21Nov2021.csv,/mnt/h0/kb/data/external_drive/HCW_S2_23082021/DA/TCW_S12_21Nov2021/DI0_D3_D2_TCW_S12_21Nov2021.csv,TRUE,TRUE,raw_behavior_data/_iblrig_taskData.raw.jsonable,255,254,1.418432824,-1
241,ZFM-03450,2021-11-21,DA,27c464a4-5cc3-41b5-b944-a93570658466,probe08,Region4G,,0,,/mnt/h0/kb/data/one/mainenlab/Subjects/ZFM-03450/2021-11-21/001/raw_photometry_data/raw_photometry.csv,/mnt/h0/kb/data/external_drive/HCW_S2_23082021/DA/TCW_S12_21Nov2021/PhotometryData_D3_D2_TCW_S12_21Nov2021.csv,/mnt/h0/kb/data/external_drive/HCW_S2_23082021/DA/TCW_S12_21Nov2021/DI0_D3_D2_TCW_S12_21Nov2021.csv,TRUE,TRUE,raw_behavior_data/_iblrig_taskData.raw.jsonable,255,254,1.418432824,-1
242,ZFM-03447,2021-11-22,DA,2c67c0b2-881d-4fa0-8a6e-ba91b3f65bd1,probe06,Region7G,,0,,/mnt/h0/kb/data/one/mainenlab/Subjects/ZFM-03447/2021-11-22/002/raw_photometry_data/raw_photometry.csv,/mnt/h0/kb/data/external_drive/HCW_S2_23082021/DA/TCW_S13_22Nov2021/PhotometryData_D1_D2_TCW_S13_22Nov2021.csv,/mnt/h0/kb/data/external_drive/HCW_S2_23082021/DA/TCW_S13_22Nov2021/DI0_D1_D2_TCW_S13_22Nov2021.csv,TRUE,TRUE,raw_behavior_data/_iblrig_taskData.raw.jsonable,408,407,-13.16822604,-1
243,ZFM-03448,2021-11-22,DA,1fea5830-c4a1-4920-b4de-f2a06f86bbeb,probe07,Region4G,,1,,/mnt/h0/kb/data/one/mainenlab/Subjects/ZFM-03448/2021-11-22/002/raw_photometry_data/raw_photometry.csv,/mnt/h0/kb/data/external_drive/HCW_S2_23082021/DA/TCW_S13_22Nov2021/PhotometryData_D1_D2_TCW_S13_22Nov2021.csv,/mnt/h0/kb/data/external_drive/HCW_S2_23082021/DA/TCW_S13_22Nov2021/DI1_D1_D2_TCW_S13_22Nov2021.csv,TRUE,TRUE,raw_behavior_data/_iblrig_taskData.raw.jsonable,547,546,-26.44359769,-1
244,ZFM-03450,2021-11-22,DA,ab97cc43-df02-4195-a826-07c2561248d2,probe08,Region4G,,0,,/mnt/h0/kb/data/one/mainenlab/Subjects/ZFM-03450/2021-11-22/001/raw_photometry_data/raw_photometry.csv,/mnt/h0/kb/data/external_drive/HCW_S2_23082021/DA/TCW_S13_22Nov2021/PhotometryData_D3_TCW_S13_22Nov2021.csv,/mnt/h0/kb/data/external_drive/HCW_S2_23082021/DA/TCW_S13_22Nov2021/DI0_D3_TCW_S13_22Nov2021.csv,TRUE,TRUE,raw_behavior_data/_iblrig_taskData.raw.jsonable,161,160,-11.72995876,-1
245,ZFM-03450,2021-11-22,DA,ab97cc43-df02-4195-a826-07c2561248d2,probe09,Region7G,,0,,/mnt/h0/kb/data/one/mainenlab/Subjects/ZFM-03450/2021-11-22/001/raw_photometry_data/raw_photometry.csv,/mnt/h0/kb/data/external_drive/HCW_S2_23082021/DA/TCW_S13_22Nov2021/PhotometryData_D3_TCW_S13_22Nov2021.csv,/mnt/h0/kb/data/external_drive/HCW_S2_23082021/DA/TCW_S13_22Nov2021/DI0_D3_TCW_S13_22Nov2021.csv,TRUE,TRUE,raw_behavior_data/_iblrig_taskData.raw.jsonable,161,160,-11.72995876,-1
246,ZFM-03447,2021-11-24,DA,bc07fab1-8bd6-45ab-997a-aa519950167f,probe06,Region7G,,0,,,/mnt/h0/kb/data/external_drive/HCW_S2_23082021/DA/TCW_S14_24Nov2021/PhotometryData_D1_D2_TCW_S14_24Nov2021.csv,/mnt/h0/kb/data/external_drive/HCW_S2_23082021/DA/TCW_S14_24Nov2021/DI0_D1_D2_TCW_S14_24Nov2021.csv,TRUE,TRUE,raw_behavior_data/_iblrig_taskData.raw.jsonable,,,,
247,ZFM-03448,2021-11-24,DA,fd0d6ee3-59ca-4312-a93c-bc3111c3092b,probe07,Region4G,,1,,/mnt/h0/kb/data/one/mainenlab/Subjects/ZFM-03448/2021-11-24/001/raw_photometry_data/raw_photometry.csv,/mnt/h0/kb/data/external_drive/HCW_S2_23082021/DA/TCW_S14_24Nov2021/PhotometryData_D1_D2_TCW_S14_24Nov2021.csv,/mnt/h0/kb/data/external_drive/HCW_S2_23082021/DA/TCW_S14_24Nov2021/DI1_D1_D2_TCW_S14_24Nov2021.csv,TRUE,TRUE,raw_behavior_data/_iblrig_taskData.raw.jsonable,709,708,8.181532309,-1
248,ZFM-03450,2021-11-24,DA,dfaedc96-324e-4bc7-9df2-29f28639d152,probe08,Region4G,,0,,,/mnt/h0/kb/data/external_drive/HCW_S2_23082021/DA/TCW_S14_24Nov2021/PhotometryData_D3_TCW_S14_24Nov2021.csv,/mnt/h0/kb/data/external_drive/HCW_S2_23082021/DA/TCW_S14_24Nov2021/DI0_D3_TCW_S14_24Nov2021.csv,TRUE,TRUE,raw_behavior_data/_iblrig_taskData.raw.jsonable,,,,
249,ZFM-03450,2021-11-24,DA,dfaedc96-324e-4bc7-9df2-29f28639d152,probe09,Region7G,,0,,,/mnt/h0/kb/data/external_drive/HCW_S2_23082021/DA/TCW_S14_24Nov2021/PhotometryData_D3_TCW_S14_24Nov2021.csv,/mnt/h0/kb/data/external_drive/HCW_S2_23082021/DA/TCW_S14_24Nov2021/DI0_D3_TCW_S14_24Nov2021.csv,TRUE,TRUE,raw_behavior_data/_iblrig_taskData.raw.jsonable,,,,
251,ZFM-03447,2021-11-25,DA,2712e1d5-bee5-4e6c-ac2d-8e5108e8b510,probe06,Region7G,,0,,,/mnt/h0/kb/data/external_drive/HCW_S2_23082021/DA/TCW_S15_25Nov2021/PhotometryData_D1_D2_TCW_S15_25Nov2021.csv,/mnt/h0/kb/data/external_drive/HCW_S2_23082021/DA/TCW_S15_25Nov2021/DI0_D1_D2_TCW_S15_25Nov2021.csv,TRUE,TRUE,raw_behavior_data/_iblrig_taskData.raw.jsonable,,,,
252,ZFM-03450,2021-11-25,DA,d0516853-2de9-461b-8eb7-dad41835bfbf,probe08,Region4G,,0,,,/mnt/h0/kb/data/external_drive/HCW_S2_23082021/DA/TCW_S15_25Nov2021/PhotometryData_D3_TCW_S15_25Nov2021.csv,/mnt/h0/kb/data/external_drive/HCW_S2_23082021/DA/TCW_S15_25Nov2021/DI0_D3_TCW_S15_25Nov2021.csv,TRUE,TRUE,raw_behavior_data/_iblrig_taskData.raw.jsonable,,,,
253,ZFM-03450,2021-11-25,DA,d0516853-2de9-461b-8eb7-dad41835bfbf,probe09,Region7G,,0,,,/mnt/h0/kb/data/external_drive/HCW_S2_23082021/DA/TCW_S15_25Nov2021/PhotometryData_D3_TCW_S15_25Nov2021.csv,/mnt/h0/kb/data/external_drive/HCW_S2_23082021/DA/TCW_S15_25Nov2021/DI0_D3_TCW_S15_25Nov2021.csv,TRUE,TRUE,raw_behavior_data/_iblrig_taskData.raw.jsonable,,,,
254,ZFM-03447,2021-11-26,DA,adc9515f-00f8-4537-bf83-5ae92b18c25f,probe06,Region7G,,0,,/mnt/h0/kb/data/one/mainenlab/Subjects/ZFM-03447/2021-11-26/001/raw_photometry_data/raw_photometry.csv,/mnt/h0/kb/data/external_drive/HCW_S2_23082021/DA/TCW_S16_26Nov2021/PhotometryData_D1_D2_TCW_S16_26Nov2021.csv,/mnt/h0/kb/data/external_drive/HCW_S2_23082021/DA/TCW_S16_26Nov2021/DI0_D1_D2_TCW_S16_26Nov2021.csv,TRUE,TRUE,raw_behavior_data/_iblrig_taskData.raw.jsonable,469,468,-12.4221236,-1
255,ZFM-03448,2021-11-26,DA,9b77e235-e9c3-4a11-a8fb-f7d5b436f023,probe07,Region4G,,1,,/mnt/h0/kb/data/one/mainenlab/Subjects/ZFM-03448/2021-11-26/001/raw_photometry_data/raw_photometry.csv,/mnt/h0/kb/data/external_drive/HCW_S2_23082021/DA/TCW_S16_26Nov2021/PhotometryData_D1_D2_TCW_S16_26Nov2021.csv,/mnt/h0/kb/data/external_drive/HCW_S2_23082021/DA/TCW_S16_26Nov2021/DI1_D1_D2_TCW_S16_26Nov2021.csv,TRUE,TRUE,raw_behavior_data/_iblrig_taskData.raw.jsonable,883,882,-11.89999256,-1
256,ZFM-03450,2021-11-26,DA,ad9dbfa4-ceaa-48c7-a4bd-40a7316aeedd,probe08,Region4G,,1,,/mnt/h0/kb/data/one/mainenlab/Subjects/ZFM-03450/2021-11-26/002/raw_photometry_data/raw_photometry.csv,/mnt/h0/kb/data/external_drive/HCW_S2_23082021/DA/TCW_S16_26Nov2021/PhotometryData_D3_TCW_S16_26Nov2021_2.csv,/mnt/h0/kb/data/external_drive/HCW_S2_23082021/DA/TCW_S16_26Nov2021/DI1_D3_TCW_S16_26Nov2021_2.csv,TRUE,TRUE,raw_behavior_data/_iblrig_taskData.raw.jsonable,152,151,-13.59997155,-1
257,ZFM-03450,2021-11-26,DA,ad9dbfa4-ceaa-48c7-a4bd-40a7316aeedd,probe09,Region7G,,1,,/mnt/h0/kb/data/one/mainenlab/Subjects/ZFM-03450/2021-11-26/002/raw_photometry_data/raw_photometry.csv,/mnt/h0/kb/data/external_drive/HCW_S2_23082021/DA/TCW_S16_26Nov2021/PhotometryData_D3_TCW_S16_26Nov2021_2.csv,/mnt/h0/kb/data/external_drive/HCW_S2_23082021/DA/TCW_S16_26Nov2021/DI1_D3_TCW_S16_26Nov2021_2.csv,TRUE,TRUE,raw_behavior_data/_iblrig_taskData.raw.jsonable,152,151,-13.59997155,-1
258,ZFM-03447,2021-11-27,DA,c46433c5-aeba-4c6a-ac26-8bbbf431d198,probe06,Region7G,,0,,,/mnt/h0/kb/data/external_drive/HCW_S2_23082021/DA/TCW_S17_27Nov2021/PhotometryData_D1_D2_TCW_S17_27Nov2021.csv,/mnt/h0/kb/data/external_drive/HCW_S2_23082021/DA/TCW_S17_27Nov2021/DI0_D1_D2_TCW_S17_27Nov2021.csv,TRUE,TRUE,raw_behavior_data/_iblrig_taskData.raw.jsonable,,,,
259,ZFM-03448,2021-11-27,DA,9377cb93-077e-4301-9a5d-718b91244c25,probe07,Region4G,,1,,/mnt/h0/kb/data/one/mainenlab/Subjects/ZFM-03448/2021-11-27/001/raw_photometry_data/raw_photometry.csv,/mnt/h0/kb/data/external_drive/HCW_S2_23082021/DA/TCW_S17_27Nov2021/PhotometryData_D1_D2_TCW_S17_27Nov2021.csv,/mnt/h0/kb/data/external_drive/HCW_S2_23082021/DA/TCW_S17_27Nov2021/DI1_D1_D2_TCW_S17_27Nov2021.csv,TRUE,TRUE,raw_behavior_data/_iblrig_taskData.raw.jsonable,364,363,-2.605713798,-1
260,ZFM-03450,2021-11-27,DA,3e675f34-9b6f-47b4-9064-e9c9c5e17872,probe08,Region4G,,0,,/mnt/h0/kb/data/one/mainenlab/Subjects/ZFM-03450/2021-11-27/001/raw_photometry_data/raw_photometry.csv,/mnt/h0/kb/data/external_drive/HCW_S2_23082021/DA/TCW_S17_27Nov2021/PhotometryData_D3_TCW_S17_27Nov2021.csv,/mnt/h0/kb/data/external_drive/HCW_S2_23082021/DA/TCW_S17_27Nov2021/DI0_D3_TCW_S17_27Nov2021.csv,TRUE,TRUE,raw_behavior_data/_iblrig_taskData.raw.jsonable,198,197,6.328963832,-1
261,ZFM-03450,2021-11-27,DA,3e675f34-9b6f-47b4-9064-e9c9c5e17872,probe09,Region7G,,0,,/mnt/h0/kb/data/one/mainenlab/Subjects/ZFM-03450/2021-11-27/001/raw_photometry_data/raw_photometry.csv,/mnt/h0/kb/data/external_drive/HCW_S2_23082021/DA/TCW_S17_27Nov2021/PhotometryData_D3_TCW_S17_27Nov2021.csv,/mnt/h0/kb/data/external_drive/HCW_S2_23082021/DA/TCW_S17_27Nov2021/DI0_D3_TCW_S17_27Nov2021.csv,TRUE,TRUE,raw_behavior_data/_iblrig_taskData.raw.jsonable,198,197,6.328963832,-1
262,ZFM-03447,2021-11-29,DA,72765062-4203-4a23-ae49-4ac7749a38b4,probe06,Region7G,,0,,,/mnt/h0/kb/data/external_drive/HCW_S2_23082021/DA/TCW_S18_29Nov2021/PhotometryData_D1_D2_TCW_S18_29Nov2021.csv,/mnt/h0/kb/data/external_drive/HCW_S2_23082021/DA/TCW_S18_29Nov2021/DI0_D1_D2_TCW_S18_29Nov2021.csv,TRUE,TRUE,raw_behavior_data/_iblrig_taskData.raw.jsonable,,,,
263,ZFM-03448,2021-11-29,DA,1ad9c491-0b92-4aae-9748-4da6512440ca,probe07,Region4G,,1,,,/mnt/h0/kb/data/external_drive/HCW_S2_23082021/DA/TCW_S18_29Nov2021/PhotometryData_D1_D2_TCW_S18_29Nov2021.csv,/mnt/h0/kb/data/external_drive/HCW_S2_23082021/DA/TCW_S18_29Nov2021/DI1_D1_D2_TCW_S18_29Nov2021.csv,TRUE,TRUE,raw_behavior_data/_iblrig_taskData.raw.jsonable,,,,
264,ZFM-03450,2021-11-29,DA,fc04c4b8-4f4d-49ef-a311-19b0771349d5,probe09,Region4G,,1,,,/mnt/h0/kb/data/external_drive/HCW_S2_23082021/DA/TCW_S18_29Nov2021/PhotometryData_D3_TCW_S18_29Nov2021.csv,/mnt/h0/kb/data/external_drive/HCW_S2_23082021/DA/TCW_S18_29Nov2021/DI1_D3_TCW_S18_29Nov2021.csv,TRUE,FALSE,,,,,
265,ZFM-03450,2021-11-29,DA,fc04c4b8-4f4d-49ef-a311-19b0771349d5,probe08,Region7G,,1,,,/mnt/h0/kb/data/external_drive/HCW_S2_23082021/DA/TCW_S18_29Nov2021/PhotometryData_D3_TCW_S18_29Nov2021.csv,/mnt/h0/kb/data/external_drive/HCW_S2_23082021/DA/TCW_S18_29Nov2021/DI1_D3_TCW_S18_29Nov2021.csv,TRUE,FALSE,,,,,
266,ZFM-03447,2021-12-02,DA,fa8b1e10-ae9f-49c8-922f-c9f0743c9cf7,probe06,Region7G,,0,,/mnt/h0/kb/data/one/mainenlab/Subjects/ZFM-03447/2021-12-02/002/raw_photometry_data/raw_photometry.csv,/mnt/h0/kb/data/external_drive/HCW_S2_23082021/DA/TCW_S20_02Dec2021/PhotometryData_D1_D3_TCW_S20_02Dec2021.csv,/mnt/h0/kb/data/external_drive/HCW_S2_23082021/DA/TCW_S20_02Dec2021/DI0_D1_D3_TCW_S20_02Dec2021.csv,TRUE,TRUE,raw_behavior_data/_iblrig_taskData.raw.jsonable,467,466,2.336943968,-1
267,ZFM-03448,2021-12-02,DA,14549cfb-6355-4325-ac85-1c8510707675,probe07,Region7G,,1,,,/mnt/h0/kb/data/external_drive/HCW_S2_23082021/DA/TCW_S20_02Dec2021/PhotometryData_D2_TCW_S20_02Dec2021.csv,/mnt/h0/kb/data/external_drive/HCW_S2_23082021/DA/TCW_S20_02Dec2021/DI1_D2_TCW_S20_02Dec2021.csv,TRUE,TRUE,raw_behavior_data/_iblrig_taskData.raw.jsonable,,,,
268,ZFM-03450,2021-12-02,DA,7b892482-f0a1-45c0-a52c-146c3ee8f450,probe08,Region1G,,1,,/mnt/h0/kb/data/one/mainenlab/Subjects/ZFM-03450/2021-12-02/002/raw_photometry_data/raw_photometry.csv,/mnt/h0/kb/data/external_drive/HCW_S2_23082021/DA/TCW_S20_02Dec2021/PhotometryData_D1_D3_TCW_S20_02Dec2021.csv,/mnt/h0/kb/data/external_drive/HCW_S2_23082021/DA/TCW_S20_02Dec2021/DI1_D1_D3_TCW_S20_02Dec2021.csv,TRUE,TRUE,raw_behavior_data/_iblrig_taskData.raw.jsonable,143,142,-5.271311663,-1
269,ZFM-03450,2021-12-02,DA,7b892482-f0a1-45c0-a52c-146c3ee8f450,probe09,Region4G,,1,,/mnt/h0/kb/data/one/mainenlab/Subjects/ZFM-03450/2021-12-02/002/raw_photometry_data/raw_photometry.csv,/mnt/h0/kb/data/external_drive/HCW_S2_23082021/DA/TCW_S20_02Dec2021/PhotometryData_D1_D3_TCW_S20_02Dec2021.csv,/mnt/h0/kb/data/external_drive/HCW_S2_23082021/DA/TCW_S20_02Dec2021/DI1_D1_D3_TCW_S20_02Dec2021.csv,TRUE,TRUE,raw_behavior_data/_iblrig_taskData.raw.jsonable,143,142,-5.271311663,-1
270,ZFM-03447,2021-12-07,DA,4fcc8c4a-6eba-47e1-b8ab-4461cafe9424,probe06,Region4G,,0,,,/mnt/h0/kb/data/external_drive/HCW_S2_23082021/DA/TCW_S23_07Dec2021/PhotometryData_D1_D2_TCW_S23_07Dec2021.csv,/mnt/h0/kb/data/external_drive/HCW_S2_23082021/DA/TCW_S23_07Dec2021/DI0_D1_D2_TCW_S23_07Dec2021.csv,TRUE,TRUE,raw_behavior_data/_iblrig_taskData.raw.jsonable,,,,
271,ZFM-03448,2021-12-07,DA,563bda29-4e75-4ed0-b455-e95a69c82132,probe07,Region7G,,1,,/mnt/h0/kb/data/one/mainenlab/Subjects/ZFM-03448/2021-12-07/001/raw_photometry_data/raw_photometry.csv,/mnt/h0/kb/data/external_drive/HCW_S2_23082021/DA/TCW_S23_07Dec2021/PhotometryData_D1_D2_TCW_S23_07Dec2021.csv,/mnt/h0/kb/data/external_drive/HCW_S2_23082021/DA/TCW_S23_07Dec2021/DI1_D1_D2_TCW_S23_07Dec2021.csv,TRUE,TRUE,raw_behavior_data/_iblrig_taskData.raw.jsonable,553,552,-8.724983997,-1
272,ZFM-03450,2021-12-07,DA,60df886d-703b-4413-b4c7-dbfa3fa69561,probe08,Region4G,,0,,,/mnt/h0/kb/data/external_drive/HCW_S2_23082021/DA/TCW_S23_07Dec2021/PhotometryData_D3_TCW_S23_07Dec2021.csv,/mnt/h0/kb/data/external_drive/HCW_S2_23082021/DA/TCW_S23_07Dec2021/DI0_D3_TCW_S23_07Dec2021.csv,TRUE,TRUE,raw_behavior_data/_iblrig_taskData.raw.jsonable,,,,
273,ZFM-03450,2021-12-07,DA,60df886d-703b-4413-b4c7-dbfa3fa69561,probe09,Region7G,,0,,,/mnt/h0/kb/data/external_drive/HCW_S2_23082021/DA/TCW_S23_07Dec2021/PhotometryData_D3_TCW_S23_07Dec2021.csv,/mnt/h0/kb/data/external_drive/HCW_S2_23082021/DA/TCW_S23_07Dec2021/DI0_D3_TCW_S23_07Dec2021.csv,TRUE,TRUE,raw_behavior_data/_iblrig_taskData.raw.jsonable,,,,
274,ZFM-03447,2021-12-09,DA,d294a666-15b4-4573-8335-93cfa402749c,probe06,Region7G,,0,stimfreeze,/mnt/h0/kb/data/one/mainenlab/Subjects/ZFM-03447/2021-12-09/002/raw_photometry_data/raw_photometry.csv,/mnt/h0/kb/data/external_drive/HCW_S2_23082021/DA/TCW_S24_09Dec2021/PhotometryData_D1_D2_TCW_S24_09Dec2021.csv,/mnt/h0/kb/data/external_drive/HCW_S2_23082021/DA/TCW_S24_09Dec2021/DI0_D1_TCW_S24_09Dec2021.csv,TRUE,TRUE,raw_behavior_data/_iblrig_taskData.raw.jsonable,346,346,-3.998817121,0
275,ZFM-03448,2021-12-09,DA,11587d64-3155-4511-96ce-cdd3360b3437,probe07,Region4G,,1,stimfreeze,/mnt/h0/kb/data/one/mainenlab/Subjects/ZFM-03448/2021-12-09/001/raw_photometry_data/raw_photometry.csv,/mnt/h0/kb/data/external_drive/HCW_S2_23082021/DA/TCW_S24_09Dec2021/PhotometryData_D1_D2_TCW_S24_09Dec2021.csv,/mnt/h0/kb/data/external_drive/HCW_S2_23082021/DA/TCW_S24_09Dec2021/DI1_D2_TCW_S24_09Dec2021.csv,TRUE,TRUE,raw_behavior_data/_iblrig_taskData.raw.jsonable,535,535,8.603791786,0
276,ZFM-03447,2021-12-10,DA,110a243d-aba1-4ff7-b822-305412029194,probe06,Region7G,,0,,,/mnt/h0/kb/data/external_drive/HCW_S2_23082021/DA/TCW_S25_10Dec2021/PhotometryData_D1_D2_TCW_S25_10Dec2021.csv,/mnt/h0/kb/data/external_drive/HCW_S2_23082021/DA/TCW_S25_10Dec2021/DI0_D1_TCW_S25_10Dec2021.csv,TRUE,TRUE,raw_behavior_data/_iblrig_taskData.raw.jsonable,,,,
277,ZFM-03448,2021-12-10,DA,7c70fe57-183d-4a31-8f14-779fd0bddcf9,probe07,Region4G,,1,,/mnt/h0/kb/data/one/mainenlab/Subjects/ZFM-03448/2021-12-10/001/raw_photometry_data/raw_photometry.csv,/mnt/h0/kb/data/external_drive/HCW_S2_23082021/DA/TCW_S25_10Dec2021/PhotometryData_D1_D2_TCW_S25_10Dec2021.csv,/mnt/h0/kb/data/external_drive/HCW_S2_23082021/DA/TCW_S25_10Dec2021/DI1_D2_TCW_S25_10Dec2021.csv,TRUE,TRUE,raw_behavior_data/_iblrig_taskData.raw.jsonable,331,330,-14.47947843,-1
278,ZFM-03447,2021-12-13,DA,57e283ed-2888-41f9-ae4f-eea191170ff5,probe06,Region7G,,0,,,/mnt/h0/kb/data/external_drive/HCW_S2_23082021/DA/TCW_S26_13Dec2021/PhotometryData_D1_D2_D3_TCW_S26_13Dec2021.csv,/mnt/h0/kb/data/external_drive/HCW_S2_23082021/DA/TCW_S26_13Dec2021/DI0_D1_TCW_S26_13Dec2021.csv,TRUE,TRUE,raw_behavior_data/_iblrig_taskData.raw.jsonable,,,,
279,ZFM-03448,2021-12-13,DA,2c9cffdb-7b36-49ab-acf4-0f91de05626b,probe07,Region4G,,1,,/mnt/h0/kb/data/one/mainenlab/Subjects/ZFM-03448/2021-12-13/001/raw_photometry_data/raw_photometry.csv,/mnt/h0/kb/data/external_drive/HCW_S2_23082021/DA/TCW_S26_13Dec2021/PhotometryData_D1_D2_D3_TCW_S26_13Dec2021.csv,/mnt/h0/kb/data/external_drive/HCW_S2_23082021/DA/TCW_S26_13Dec2021/DI1_D2_TCW_S26_13Dec2021.csv,TRUE,TRUE,raw_behavior_data/_iblrig_taskData.raw.jsonable,806,805,-9.975491475,-1
280,ZFM-03447,2021-12-16,DA,211cd76e-e353-4b04-9b66-b565cc5ae5e3,probe06,Region7G,,0,,,/mnt/h0/kb/data/external_drive/HCW_S2_23082021/DA/TCW_S29_16Dec2021/PhotometryData_D1_D2_D3_TCW_S29_16Dec2021.csv,/mnt/h0/kb/data/external_drive/HCW_S2_23082021/DA/TCW_S29_16Dec2021/DI0_D1_TCW_S29_16Dec2021.csv,TRUE,TRUE,raw_behavior_data/_iblrig_taskData.raw.jsonable,,,,
281,ZFM-03448,2021-12-16,DA,0c2723f1-482e-47d2-9240-2e9769b94733,probe07,Region4G,,1,,,/mnt/h0/kb/data/external_drive/HCW_S2_23082021/DA/TCW_S29_16Dec2021/PhotometryData_D1_D2_D3_TCW_S29_16Dec2021.csv,/mnt/h0/kb/data/external_drive/HCW_S2_23082021/DA/TCW_S29_16Dec2021/DI1_D2_TCW_S29_16Dec2021.csv,TRUE,TRUE,raw_behavior_data/_iblrig_taskData.raw.jsonable,,,,
282,ZFM-03059,2021-12-22,5HT,575ed752-1626-49cb-b574-299ef2066431,probe01,Region4G,,0,,,/mnt/h0/kb/data/external_drive/HCW_S2_23082021/DA/TCW_S30_22Dec2021/PhotometryData_M1_D3_TCW_S30_22Dec2021.csv,/mnt/h0/kb/data/external_drive/HCW_S2_23082021/DA/TCW_S30_22Dec2021/DI0_M1_D3_TCW_S30_22Dec2021.csv,TRUE,TRUE,raw_behavior_data/_iblrig_taskData.raw.jsonable,,,,
283,ZFM-03447,2021-12-22,DA,f0a4d6d8-724d-4c7c-af7f-78b8ef0df7b3,probe06,Region4G,,1,,,/mnt/h0/kb/data/external_drive/HCW_S2_23082021/DA/TCW_S30_22Dec2021/PhotometryData_D1_D2_D3_TCW_S30_22Dec2021.csv,/mnt/h0/kb/data/external_drive/HCW_S2_23082021/DA/TCW_S30_22Dec2021/DI0_D1_TCW_S30_22Dec2021.csv,TRUE,TRUE,raw_behavior_data/_iblrig_taskData.raw.jsonable,,,,
284,ZFM-03448,2021-12-22,DA,2fda2952-9473-428d-9290-dc3d45e0a458,probe07,Region1G,,0,,/mnt/h0/kb/data/one/mainenlab/Subjects/ZFM-03448/2021-12-22/002/raw_photometry_data/raw_photometry.csv,/mnt/h0/kb/data/external_drive/HCW_S2_23082021/DA/TCW_S30_22Dec2021/PhotometryData_D1_D2_D3_TCW_S30_22Dec2021.csv,/mnt/h0/kb/data/external_drive/HCW_S2_23082021/DA/TCW_S30_22Dec2021/DI1_D2_TCW_S30_22Dec2021.csv,TRUE,TRUE,raw_behavior_data/_iblrig_taskData.raw.jsonable,507,1046,0.5484733226,539
285,ZFM-03450,2021-12-22,DA,e3f37de4-b021-45b0-acd4-16b86c1ff563,probe08,Region1G,,1,,/mnt/h0/kb/data/one/mainenlab/Subjects/ZFM-03450/2021-12-22/002/raw_photometry_data/raw_photometry.csv,/mnt/h0/kb/data/external_drive/HCW_S2_23082021/DA/TCW_S30_22Dec2021/PhotometryData_M1_D3_TCW_S30_22Dec2021.csv,/mnt/h0/kb/data/external_drive/HCW_S2_23082021/DA/TCW_S30_22Dec2021/DI1_M1_D3_TCW_S30_22Dec2021.csv,TRUE,TRUE,raw_behavior_data/_iblrig_taskData.raw.jsonable,33,88,-33.4325489,55
286,ZFM-03450,2021-12-22,DA,e3f37de4-b021-45b0-acd4-16b86c1ff563,probe09,Region7G,,1,,/mnt/h0/kb/data/one/mainenlab/Subjects/ZFM-03450/2021-12-22/002/raw_photometry_data/raw_photometry.csv,/mnt/h0/kb/data/external_drive/HCW_S2_23082021/DA/TCW_S30_22Dec2021/PhotometryData_M1_D3_TCW_S30_22Dec2021.csv,/mnt/h0/kb/data/external_drive/HCW_S2_23082021/DA/TCW_S30_22Dec2021/DI1_M1_D3_TCW_S30_22Dec2021.csv,TRUE,TRUE,raw_behavior_data/_iblrig_taskData.raw.jsonable,33,88,-33.4325489,55
287,ZFM-03059,2022-01-03,5HT,18381ae9-05fe-4eb8-8c27-fd1d8d1cb0bf,probe01,Region4G,,0,,/mnt/h0/kb/data/one/mainenlab/Subjects/ZFM-03059/2022-01-03/001/raw_photometry_data/raw_photometry.csv,/mnt/h0/kb/data/external_drive/HCW_S2_23082021/DA/TCW_S31_03Jan2022/PhotometryData_M1_TCW_S31_03Jan2022.csv,/mnt/h0/kb/data/external_drive/HCW_S2_23082021/DA/TCW_S31_03Jan2022/DI0_M1_TCW_S31_03Jan2022.csv,TRUE,TRUE,raw_behavior_data/_iblrig_taskData.raw.jsonable,190,189,5.235660941,-1
288,ZFM-03447,2022-01-03,DA,21d0fe60-f6da-429d-ab90-30345b2fdec3,probe06,Region4G,,0,,,/mnt/h0/kb/data/external_drive/HCW_S2_23082021/DA/TCW_S31_03Jan2022/PhotometryData_D1_D2_D3_TCW_S31_03Jan2022.csv,/mnt/h0/kb/data/external_drive/HCW_S2_23082021/DA/TCW_S31_03Jan2022/DI0_D1_D2_D3_TCW_S31_03Jan2022.csv,TRUE,TRUE,raw_behavior_data/_iblrig_taskData.raw.jsonable,,,,
289,ZFM-03448,2022-01-03,DA,9885a174-af09-411c-a2ec-04dd727dcdd2,probe07,Region1G,,1,,/mnt/h0/kb/data/one/mainenlab/Subjects/ZFM-03448/2022-01-03/001/raw_photometry_data/raw_photometry.csv,/mnt/h0/kb/data/external_drive/HCW_S2_23082021/DA/TCW_S31_03Jan2022/PhotometryData_D1_D2_D3_TCW_S31_03Jan2022.csv,/mnt/h0/kb/data/external_drive/HCW_S2_23082021/DA/TCW_S31_03Jan2022/DI1_D1_D2_D3_TCW_S31_03Jan2022.csv,TRUE,TRUE,raw_behavior_data/_iblrig_taskData.raw.jsonable,232,231,-18.84879254,-1
290,ZFM-03059,2022-01-04,5HT,bff3ba86-e4be-4b6b-a0ed-056263859c00,probe01,Region1G,,0,,/mnt/h0/kb/data/one/mainenlab/Subjects/ZFM-03059/2022-01-04/001/raw_photometry_data/raw_photometry.csv,/mnt/h0/kb/data/external_drive/HCW_S2_23082021/DA/TCW_S32_04Jan2022/PhotometryData_D3_M1_TCW_S32_04Jan2022.csv,/mnt/h0/kb/data/external_drive/HCW_S2_23082021/DA/TCW_S32_04Jan2022/DI0_D3_M1_TCW_S32_04Jan2022.csv,TRUE,TRUE,raw_behavior_data/_iblrig_taskData.raw.jsonable,606,605,-2.302276698,-1
291,ZFM-03447,2022-01-04,DA,1188cf92-e377-414b-a261-722f407e5c0d,probe06,Region1G,,0,,/mnt/h0/kb/data/one/mainenlab/Subjects/ZFM-03447/2022-01-04/001/raw_photometry_data/raw_photometry.csv,/mnt/h0/kb/data/external_drive/HCW_S2_23082021/DA/TCW_S32_04Jan2022/PhotometryData_D1_D2_D3_TCW_S32_04Jan2022.csv,/mnt/h0/kb/data/external_drive/HCW_S2_23082021/DA/TCW_S32_04Jan2022/DI0_D1_D2_D3_TCW_S32_04Jan2022.csv,TRUE,TRUE,raw_behavior_data/_iblrig_taskData.raw.jsonable,377,376,-9.539169498,-1
292,ZFM-03448,2022-01-04,DA,80b47579-d12f-48d5-86d4-6bac64932be4,probe07,Region4G,,1,,/mnt/h0/kb/data/one/mainenlab/Subjects/ZFM-03448/2022-01-04/001/raw_photometry_data/raw_photometry.csv,/mnt/h0/kb/data/external_drive/HCW_S2_23082021/DA/TCW_S32_04Jan2022/PhotometryData_D1_D2_D3_TCW_S32_04Jan2022.csv,/mnt/h0/kb/data/external_drive/HCW_S2_23082021/DA/TCW_S32_04Jan2022/DI1_D1_D2_D3_TCW_S32_04Jan2022.csv,TRUE,TRUE,raw_behavior_data/_iblrig_taskData.raw.jsonable,595,594,0.7691295126,-1
293,ZFM-03450,2022-01-04,DA,5824caa6-73db-41fe-94b6-0cb211d5fda8,probe09,Region1G,,1,,/mnt/h0/kb/data/one/mainenlab/Subjects/ZFM-03450/2022-01-04/004/raw_photometry_data/raw_photometry.csv,/mnt/h0/kb/data/external_drive/HCW_S2_23082021/DA/TCW_S32_04Jan2022/PhotometryData_D3_M1_TCW_S32_04Jan2022.csv,/mnt/h0/kb/data/external_drive/HCW_S2_23082021/DA/TCW_S32_04Jan2022/DI1_D3_M1_TCW_S32_04Jan2022.csv,TRUE,TRUE,raw_behavior_data/_iblrig_taskData.raw.jsonable,235,235,-3.58130838,0
294,ZFM-03450,2022-01-04,DA,5824caa6-73db-41fe-94b6-0cb211d5fda8,probe08,Region7G,,1,,/mnt/h0/kb/data/one/mainenlab/Subjects/ZFM-03450/2022-01-04/004/raw_photometry_data/raw_photometry.csv,/mnt/h0/kb/data/external_drive/HCW_S2_23082021/DA/TCW_S32_04Jan2022/PhotometryData_D3_M1_TCW_S32_04Jan2022.csv,/mnt/h0/kb/data/external_drive/HCW_S2_23082021/DA/TCW_S32_04Jan2022/DI1_D3_M1_TCW_S32_04Jan2022.csv,TRUE,TRUE,raw_behavior_data/_iblrig_taskData.raw.jsonable,235,235,-3.58130838,0
298,ZFM-03447,2022-01-05,DA,609c1d6b-efcb-4027-8609-23c6f597ed5a,probe06,Region4G,,0,,/mnt/h0/kb/data/one/mainenlab/Subjects/ZFM-03447/2022-01-05/001/raw_photometry_data/raw_photometry.csv,/mnt/h0/kb/data/external_drive/HCW_S2_23082021/DA/TCW_S33_05Jan2022/PhotometryData_D1_D2_D3_TCW_S33_05Jan2022.csv,/mnt/h0/kb/data/external_drive/HCW_S2_23082021/DA/TCW_S33_05Jan2022/DI0_D1_D2_D3_TCW_S33_05Jan2022.csv,TRUE,TRUE,raw_behavior_data/_iblrig_taskData.raw.jsonable,399,398,3.212968699,-1
299,ZFM-03448,2022-01-05,DA,a66fee66-c95f-44e3-90bc-ebf383708e83,probe07,Region1G,,1,,/mnt/h0/kb/data/one/mainenlab/Subjects/ZFM-03448/2022-01-05/002/raw_photometry_data/raw_photometry.csv,/mnt/h0/kb/data/external_drive/HCW_S2_23082021/DA/TCW_S33_05Jan2022/PhotometryData_D1_D2_D3_TCW_S33_05Jan2022.csv,/mnt/h0/kb/data/external_drive/HCW_S2_23082021/DA/TCW_S33_05Jan2022/DI1_D1_D2_D3_TCW_S33_05Jan2022.csv,TRUE,TRUE,raw_behavior_data/_iblrig_taskData.raw.jsonable,606,605,-12.00618121,-1
302,ZFM-03450,2022-01-05,DA,9f41ef3e-f0cd-4e9a-a1af-4c6fa3f85b8a,,Region7G,,1,,/mnt/h0/kb/data/one/mainenlab/Subjects/ZFM-03450/2022-01-05/001/raw_photometry_data/raw_photometry.csv,/mnt/h0/kb/data/external_drive/HCW_S2_23082021/DA/TCW_S33_05Jan2022/PhotometryData_M1_D3_TCW_S33_05Jan2022.csv,/mnt/h0/kb/data/external_drive/HCW_S2_23082021/DA/TCW_S33_05Jan2022/DI1_M1_D3_TCW_S33_05Jan2022.csv,TRUE,TRUE,raw_behavior_data/_iblrig_taskData.raw.jsonable,237,236,-4.44746265,-1
303,ZFM-03447,2022-01-06,DA,9d696886-6c84-441e-9150-54d860dc102c,probe06,Region4G,,1,,/mnt/h0/kb/data/one/mainenlab/Subjects/ZFM-03447/2022-01-06/002/raw_photometry_data/raw_photometry.csv,/mnt/h0/kb/data/external_drive/HCW_S2_23082021/DA/TCW_S34_06Jan2022/PhotometryData_D1_D2_D3_TCW_S34_06Jan2022.csv,/mnt/h0/kb/data/external_drive/HCW_S2_23082021/DA/TCW_S34_06Jan2022/DI1_D1_D2_D3_TCW_S34_06Jan2022.csv,TRUE,TRUE,raw_behavior_data/_iblrig_taskData.raw.jsonable,755,533,-1.946862507,-222
304,ZFM-03448,2022-01-06,DA,2760105b-ab70-4dfb-aac6-b35f1233a1c8,probe07,Region1G,,0,,/mnt/h0/kb/data/one/mainenlab/Subjects/ZFM-03448/2022-01-06/001/raw_photometry_data/raw_photometry.csv,/mnt/h0/kb/data/external_drive/HCW_S2_23082021/DA/TCW_S34_06Jan2022/PhotometryData_D1_D2_D3_TCW_S34_06Jan2022.csv,/mnt/h0/kb/data/external_drive/HCW_S2_23082021/DA/TCW_S34_06Jan2022/DI0_D1_D2_D3_TCW_S34_06Jan2022.csv,TRUE,TRUE,raw_behavior_data/_iblrig_taskData.raw.jsonable,534,755,5.971693764,221
305,ZFM-03059,2022-01-07,5HT,3fe8ad3b-2437-4b1f-b6d4-9706c206ab2d,probe01,Region4G,,1,,/mnt/h0/kb/data/one/mainenlab/Subjects/ZFM-03059/2022-01-07/001/raw_photometry_data/raw_photometry.csv,/mnt/h0/kb/data/external_drive/HCW_S2_23082021/DA/TCW_S35_07Jan2022/PhotometryData_M1_TCW_S35_07Jan2022.csv,/mnt/h0/kb/data/external_drive/HCW_S2_23082021/DA/TCW_S35_07Jan2022/DI1_M1_TCW_S35_07Jan2022.csv,TRUE,TRUE,raw_behavior_data/_iblrig_taskData.raw.jsonable,1016,844,-1.402577967,-172
306,ZFM-03447,2022-01-07,DA,aec11c59-abe3-4b95-a8d8-0a1bc9a5a0bb,probe06,Region4G,,0,,/mnt/h0/kb/data/one/mainenlab/Subjects/ZFM-03447/2022-01-07/001/raw_photometry_data/raw_photometry.csv,/mnt/h0/kb/data/external_drive/HCW_S2_23082021/DA/TCW_S35_07Jan2022/PhotometryData_D1_D2_D3_TCW_S35_07Jan2022.csv,/mnt/h0/kb/data/external_drive/HCW_S2_23082021/DA/TCW_S35_07Jan2022/DI0_D1_D2_D3_TCW_S35_07Jan2022.csv,TRUE,TRUE,raw_behavior_data/_iblrig_taskData.raw.jsonable,559,558,0.08579586255,-1
307,ZFM-03448,2022-01-07,DA,71be340e-14fa-4cc1-9abb-388de75b6488,probe07,Region1G,,1,,/mnt/h0/kb/data/one/mainenlab/Subjects/ZFM-03448/2022-01-07/001/raw_photometry_data/raw_photometry.csv,/mnt/h0/kb/data/external_drive/HCW_S2_23082021/DA/TCW_S35_07Jan2022/PhotometryData_D1_D2_D3_TCW_S35_07Jan2022.csv,/mnt/h0/kb/data/external_drive/HCW_S2_23082021/DA/TCW_S35_07Jan2022/DI1_D1_D2_D3_TCW_S35_07Jan2022.csv,TRUE,TRUE,raw_behavior_data/_iblrig_taskData.raw.jsonable,842,841,-20.59458162,-1
308,ZFM-03447,2022-03-17,DA,5fdd5f8c-4afc-41a7-a607-78fda2d0f325,probe06,Region5G,,0,,,/mnt/h0/kb/data/external_drive/HCW_S2_23082021/DA/TCW_17Mar2022_D1/PhotometryData_D1_BCW_17Mar20220.csv,/mnt/h0/kb/data/external_drive/HCW_S2_23082021/DA/TCW_17Mar2022_D1/DI0_D1_BCW_17Mar20220.csv,TRUE,TRUE,raw_behavior_data/_iblrig_taskData.raw.jsonable,,,,
309,ZFM-03059,2022-03-18,5HT,10e13954-53dd-4a07-86bd-9bff46459efc,probe01,Region5G,,0,,/mnt/h0/kb/data/one/mainenlab/Subjects/ZFM-03059/2022-03-18/001/raw_photometry_data/raw_photometry.csv,/mnt/h0/kb/data/external_drive/HCW_S2_23082021/DA/TCW_18Mar2022/PhotometryData_M1_TCW_18Mar20220.csv,/mnt/h0/kb/data/external_drive/HCW_S2_23082021/DA/TCW_18Mar2022/DI0_M1_TCW_18Mar20220.csv,TRUE,TRUE,raw_behavior_data/_iblrig_taskData.raw.jsonable,510,509,-27.8965446,-1
310,ZFM-03447,2022-03-18,DA,9df9120b-c257-4946-aff4-363de9c8c8ad,probe06,Region5G,,0,,/mnt/h0/kb/data/one/mainenlab/Subjects/ZFM-03447/2022-03-18/001/raw_photometry_data/raw_photometry.csv,/mnt/h0/kb/data/external_drive/HCW_S2_23082021/DA/TCW_18Mar2022/PhotometryData_D1_D4_TCW_18Mar20220.csv,/mnt/h0/kb/data/external_drive/HCW_S2_23082021/DA/TCW_18Mar2022/DI0_D1_D4_TCW_18Mar20220.csv,TRUE,TRUE,raw_behavior_data/_iblrig_taskData.raw.jsonable,375,374,-3.52238143,-1
311,ZFM-03448,2022-03-18,DA,f6db4990-1a5e-470d-9a55-a494da38c9ff,probe07,Region6G,,1,,/mnt/h0/kb/data/one/mainenlab/Subjects/ZFM-03448/2022-03-18/002/raw_photometry_data/raw_photometry.csv,/mnt/h0/kb/data/external_drive/HCW_S2_23082021/DA/TCW_18Mar2022/PhotometryData_D6_D2_TCW_18Mar20220.csv,/mnt/h0/kb/data/external_drive/HCW_S2_23082021/DA/TCW_18Mar2022/DI1_D6_D2_TCW_18Mar20220.csv,TRUE,TRUE,raw_behavior_data/_iblrig_taskData.raw.jsonable,644,643,-11.04767304,-1
312,ZFM-04019,2022-03-18,DA,59dada8a-a1c2-4ab5-bc10-b1baefcaaeaa,probe11,Region5G,,1,,/mnt/h0/kb/data/one/mainenlab/Subjects/ZFM-04019/2022-03-18/001/raw_photometry_data/raw_photometry.csv,/mnt/h0/kb/data/external_drive/HCW_S2_23082021/DA/TCW_18Mar2022/PhotometryData_D5_TCW_18Mar20220.csv,/mnt/h0/kb/data/external_drive/HCW_S2_23082021/DA/TCW_18Mar2022/DI1_D5_TCW_18Mar20220.csv,TRUE,TRUE,raw_behavior_data/_iblrig_taskData.raw.jsonable,189,188,0.8890916075,-1
313,ZFM-04026,2022-03-18,DA,7fabcc8d-09d6-4981-b447-6f7918af9e5e,probe10,Region6G,,1,,/mnt/h0/kb/data/one/mainenlab/Subjects/ZFM-04026/2022-03-18/001/raw_photometry_data/raw_photometry.csv,/mnt/h0/kb/data/external_drive/HCW_S2_23082021/DA/TCW_18Mar2022/PhotometryData_D1_D4_TCW_18Mar20220.csv,/mnt/h0/kb/data/external_drive/HCW_S2_23082021/DA/TCW_18Mar2022/DI1_D1_D4_TCW_18Mar20220.csv,TRUE,TRUE,raw_behavior_data/_iblrig_taskData.raw.jsonable,284,283,-3.087459718,-1
314,ZFM-03447,2022-03-21,DA,537a23f7-c243-4f38-9783-3bcb77b09212,probe06,Region5G,,0,,/mnt/h0/kb/data/one/mainenlab/Subjects/ZFM-03447/2022-03-21/001/raw_photometry_data/raw_photometry.csv,/mnt/h0/kb/data/external_drive/HCW_S2_23082021/DA/TCW_21Mar2022/PhotometryData_D1_D4_TCW_21Mar20220.csv,/mnt/h0/kb/data/external_drive/HCW_S2_23082021/DA/TCW_21Mar2022/DI0_D1_TCW_21Mar20220.csv,TRUE,TRUE,raw_behavior_data/_iblrig_taskData.raw.jsonable,266,265,-7.134333544,-1
315,ZFM-03448,2022-03-21,DA,ef348c98-ff68-4b73-ae00-1931abe26272,probe07,Region6G,,1,,/mnt/h0/kb/data/one/mainenlab/Subjects/ZFM-03448/2022-03-21/001/raw_photometry_data/raw_photometry.csv,/mnt/h0/kb/data/external_drive/HCW_S2_23082021/DA/TCW_21Mar2022/PhotometryData_D6_D2_TCW_21Mar20220.csv,/mnt/h0/kb/data/external_drive/HCW_S2_23082021/DA/TCW_21Mar2022/DI1_D2_TCW_21Mar20220.csv,TRUE,TRUE,raw_behavior_data/_iblrig_taskData.raw.jsonable,1025,1024,-4.336806452,-1
316,ZFM-04019,2022-03-21,DA,ba1b77b8-a44c-4ed6-b2da-a146d85e1325,probe11,Region5G,,1,,/mnt/h0/kb/data/one/mainenlab/Subjects/ZFM-04019/2022-03-21/002/raw_photometry_data/raw_photometry.csv,/mnt/h0/kb/data/external_drive/HCW_S2_23082021/DA/TCW_21Mar2022/PhotometryData_D5_TCW_21Mar20220.csv,/mnt/h0/kb/data/external_drive/HCW_S2_23082021/DA/TCW_21Mar2022/DI1_D5_TCW_21Mar20220.csv,TRUE,TRUE,raw_behavior_data/_iblrig_taskData.raw.jsonable,211,211,-3.775336524,0
317,ZFM-04026,2022-03-21,DA,28291060-39e1-4842-b794-bdb3dc40b851,probe10,Region6G,,1,,/mnt/h0/kb/data/one/mainenlab/Subjects/ZFM-04026/2022-03-21/002/raw_photometry_data/raw_photometry.csv,/mnt/h0/kb/data/external_drive/HCW_S2_23082021/DA/TCW_21Mar2022/PhotometryData_D1_D4_TCW_21Mar20220.csv,/mnt/h0/kb/data/external_drive/HCW_S2_23082021/DA/TCW_21Mar2022/DI1_D4_TCW_21Mar20220.csv,TRUE,TRUE,raw_behavior_data/_iblrig_taskData.raw.jsonable,441,440,-4.815309272,-1
318,ZFM-03447,2022-03-22,DA,5215b352-02fc-4af3-80e5-ce5b2e8888db,probe06,Region1G,,0,,/mnt/h0/kb/data/one/mainenlab/Subjects/ZFM-03447/2022-03-22/001/raw_photometry_data/raw_photometry.csv,/mnt/h0/kb/data/external_drive/HCW_S2_23082021/DA/TCW_22Mar2022/PhotometryData_D1_D4_TCW_22Mar20220.csv,/mnt/h0/kb/data/external_drive/HCW_S2_23082021/DA/TCW_22Mar2022/DI0_D1_TCW_22Mar20221.csv,TRUE,TRUE,raw_behavior_data/_iblrig_taskData.raw.jsonable,329,328,-12.03420769,-1
319,ZFM-03448,2022-03-22,DA,efdbb616-d83d-42ae-8196-57ae9aedfdff,probe07,Region5G,,1,,,/mnt/h0/kb/data/external_drive/HCW_S2_23082021/DA/TCW_22Mar2022/PhotometryData_D6_D2_TCW_22Mar20220.csv,/mnt/h0/kb/data/external_drive/HCW_S2_23082021/DA/TCW_22Mar2022/DI1_D2_TCW_22Mar20220.csv,TRUE,TRUE,raw_behavior_data/_iblrig_taskData.raw.jsonable,,,,
320,ZFM-04019,2022-03-22,DA,43a46dbc-884e-44b7-b6be-89c9bca3f45b,probe11,Region5G,,1,,/mnt/h0/kb/data/one/mainenlab/Subjects/ZFM-04019/2022-03-22/001/raw_photometry_data/raw_photometry.csv,/mnt/h0/kb/data/external_drive/HCW_S2_23082021/DA/TCW_22Mar2022/PhotometryData_D5_TCW_22Mar20220.csv,/mnt/h0/kb/data/external_drive/HCW_S2_23082021/DA/TCW_22Mar2022/DI1_D5_TCW_22Mar20220.csv,TRUE,TRUE,raw_behavior_data/_iblrig_taskData.raw.jsonable,169,168,-16.0520156,-1
321,ZFM-04026,2022-03-22,DA,507bdfd5-59be-4291-868b-919b00983f43,probe10,Region6G,,1,,/mnt/h0/kb/data/one/mainenlab/Subjects/ZFM-04026/2022-03-22/001/raw_photometry_data/raw_photometry.csv,/mnt/h0/kb/data/external_drive/HCW_S2_23082021/DA/TCW_22Mar2022/PhotometryData_D1_D4_TCW_22Mar20220.csv,/mnt/h0/kb/data/external_drive/HCW_S2_23082021/DA/TCW_22Mar2022/DI1_D4_TCW_22Mar20221.csv,TRUE,TRUE,raw_behavior_data/_iblrig_taskData.raw.jsonable,430,429,-1.686439575,-1
322,ZFM-03447,2022-03-23,DA,c092175c-789d-4d01-8e8a-33927953fad7,probe06,Region5G,,0,,/mnt/h0/kb/data/one/mainenlab/Subjects/ZFM-03447/2022-03-23/001/raw_photometry_data/raw_photometry.csv,/mnt/h0/kb/data/external_drive/HCW_S2_23082021/DA/TCW_23Mar2022/PhotometryData_D1_D4_TCW_23Mar20220.csv,/mnt/h0/kb/data/external_drive/HCW_S2_23082021/DA/TCW_23Mar2022/DI0_D1_TCW_23Mar20220.csv,TRUE,TRUE,raw_behavior_data/_iblrig_taskData.raw.jsonable,280,279,-14.08442776,-1
323,ZFM-03448,2022-03-23,DA,a20839e3-1756-4d16-9a7f-a2871651be4d,probe07,Region6G,,1,,/mnt/h0/kb/data/one/mainenlab/Subjects/ZFM-03448/2022-03-23/001/raw_photometry_data/raw_photometry.csv,/mnt/h0/kb/data/external_drive/HCW_S2_23082021/DA/TCW_23Mar2022/PhotometryData_D6_D2_TCW_23Mar20220.csv,/mnt/h0/kb/data/external_drive/HCW_S2_23082021/DA/TCW_23Mar2022/DI1_D2_TCW_23Mar20221.csv,TRUE,TRUE,raw_behavior_data/_iblrig_taskData.raw.jsonable,905,904,-5.469319196,-1
324,ZFM-04019,2022-03-23,DA,a5f8f077-8357-4ed4-934b-70fece1898f8,probe11,Region5G,,1,,,/mnt/h0/kb/data/external_drive/HCW_S2_23082021/DA/TCW_23Mar2022/PhotometryData_D5_TCW_23Mar20221.csv,/mnt/h0/kb/data/external_drive/HCW_S2_23082021/DA/TCW_23Mar2022/DI1_D5_TCW_23Mar20221.csv,TRUE,TRUE,raw_behavior_data/_iblrig_taskData.raw.jsonable,,,,
325,ZFM-04026,2022-03-23,DA,0d6bc8ad-f724-474c-a41b-1203e6fb816f,probe10,Region6G,,1,,/mnt/h0/kb/data/one/mainenlab/Subjects/ZFM-04026/2022-03-23/002/raw_photometry_data/raw_photometry.csv,/mnt/h0/kb/data/external_drive/HCW_S2_23082021/DA/TCW_23Mar2022/PhotometryData_D1_D4_TCW_23Mar20220.csv,/mnt/h0/kb/data/external_drive/HCW_S2_23082021/DA/TCW_23Mar2022/DI1_D4_TCW_23Mar20220.csv,TRUE,TRUE,raw_behavior_data/_iblrig_taskData.raw.jsonable,211,210,5.72806329,-1
326,ZFM-03447,2022-03-24,DA,db14d055-31c5-4a7e-a09a-3ab89aafa473,probe06,Region5G,,0,,/mnt/h0/kb/data/one/mainenlab/Subjects/ZFM-03447/2022-03-24/001/raw_photometry_data/raw_photometry.csv,/mnt/h0/kb/data/external_drive/HCW_S2_23082021/DA/TCW_24Mar2022/PhotometryData_D1_D2_TCW_24Mar20220.csv,/mnt/h0/kb/data/external_drive/HCW_S2_23082021/DA/TCW_24Mar2022/DI0_D1_TCW_24Mar20220.csv,TRUE,TRUE,raw_behavior_data/_iblrig_taskData.raw.jsonable,213,212,-14.35970227,-1
327,ZFM-03448,2022-03-24,DA,c4f3df45-15c6-4a63-8463-011f6ead6786,probe07,Region6G,,1,,/mnt/h0/kb/data/one/mainenlab/Subjects/ZFM-03448/2022-03-24/001/raw_photometry_data/raw_photometry.csv,/mnt/h0/kb/data/external_drive/HCW_S2_23082021/DA/TCW_24Mar2022/PhotometryData_D1_D2_TCW_24Mar20220.csv,/mnt/h0/kb/data/external_drive/HCW_S2_23082021/DA/TCW_24Mar2022/DI1_D2_TCW_24Mar20220.csv,TRUE,TRUE,raw_behavior_data/_iblrig_taskData.raw.jsonable,708,707,-9.647803434,-1
328,ZFM-04019,2022-03-24,DA,4f3e65d5-a74b-4470-84ad-e1ef40f7b9ac,probe11,Region5G,,1,,/mnt/h0/kb/data/one/mainenlab/Subjects/ZFM-04019/2022-03-24/001/raw_photometry_data/raw_photometry.csv,/mnt/h0/kb/data/external_drive/HCW_S2_23082021/DA/TCW_24Mar2022/PhotometryData_D5_D6_TCW_24Mar20220.csv,/mnt/h0/kb/data/external_drive/HCW_S2_23082021/DA/TCW_24Mar2022/DI1_D5_TCW_24Mar20220.csv,TRUE,TRUE,raw_behavior_data/_iblrig_taskData.raw.jsonable,409,409,6.098781916,0
329,ZFM-04022,2022-03-24,DA,8144346d-e592-4a29-8981-9798ad620ea2,probe12,Region6G,,0,,/mnt/h0/kb/data/one/mainenlab/Subjects/ZFM-04022/2022-03-24/001/raw_photometry_data/raw_photometry.csv,/mnt/h0/kb/data/external_drive/HCW_S2_23082021/DA/TCW_24Mar2022/PhotometryData_D5_D6_TCW_24Mar20220.csv,/mnt/h0/kb/data/external_drive/HCW_S2_23082021/DA/TCW_24Mar2022/DI0_D6_TCW_24Mar20220.csv,TRUE,TRUE,raw_behavior_data/_iblrig_taskData.raw.jsonable,147,146,1.240967754,-1
330,ZFM-04026,2022-03-24,DA,ad4cd658-c311-41f2-9141-f9d1b559187f,probe10,Region5G,,1,,/mnt/h0/kb/data/one/mainenlab/Subjects/ZFM-04026/2022-03-24/001/raw_photometry_data/raw_photometry.csv,/mnt/h0/kb/data/external_drive/HCW_S2_23082021/DA/TCW_24Mar2022/PhotometryData_D4_TCW_24Mar20220.csv,/mnt/h0/kb/data/external_drive/HCW_S2_23082021/DA/TCW_24Mar2022/DI1_D4_TCW_24Mar20220.csv,TRUE,TRUE,raw_behavior_data/_iblrig_taskData.raw.jsonable,477,476,-9.973979075,-1
331,ZFM-03447,2022-03-25,DA,99d32415-3e41-468c-a21e-17f30063eb31,probe06,Region6G,,0,,/mnt/h0/kb/data/one/mainenlab/Subjects/ZFM-03447/2022-03-25/001/raw_photometry_data/raw_photometry.csv,/mnt/h0/kb/data/external_drive/HCW_S2_23082021/DA/TCW_25Mar2022/PhotometryData_D1_D2_TCW_25Mar20220.csv,/mnt/h0/kb/data/external_drive/HCW_S2_23082021/DA/TCW_25Mar2022/DI0_D1_TCW_25Mar20220.csv,TRUE,TRUE,raw_behavior_data/_iblrig_taskData.raw.jsonable,140,139,-7.610762332,-1
332,ZFM-03448,2022-03-25,DA,d034a032-26ba-4b93-8ee8-c52e8b08db2b,probe07,Region5G,,1,,/mnt/h0/kb/data/one/mainenlab/Subjects/ZFM-03448/2022-03-25/003/raw_photometry_data/raw_photometry.csv,/mnt/h0/kb/data/external_drive/HCW_S2_23082021/DA/TCW_25Mar2022/PhotometryData_D1_D2_TCW_25Mar20220.csv,/mnt/h0/kb/data/external_drive/HCW_S2_23082021/DA/TCW_25Mar2022/DI1_D2_TCW_25Mar20220.csv,TRUE,TRUE,raw_behavior_data/_iblrig_taskData.raw.jsonable,569,568,-0.439129826,-1
333,ZFM-04019,2022-03-25,DA,7d8ed0b8-63ea-4f1f-961c-5be0b1db46dd,probe11,Region5G,,1,,/mnt/h0/kb/data/one/mainenlab/Subjects/ZFM-04019/2022-03-25/002/raw_photometry_data/raw_photometry.csv,/mnt/h0/kb/data/external_drive/HCW_S2_23082021/DA/TCW_25Mar2022/PhotometryData_D6_D5_TCW_25Mar20221.csv,/mnt/h0/kb/data/external_drive/HCW_S2_23082021/DA/TCW_25Mar2022/DI1_D5_TCW_25Mar20222.csv,TRUE,TRUE,raw_behavior_data/_iblrig_taskData.raw.jsonable,383,382,-2.341127247,-1
334,ZFM-04022,2022-03-25,DA,9b64a5d8-e04c-4d7c-b6a5-cb16fe8e56bb,probe13,Region6G,,0,,/mnt/h0/kb/data/one/mainenlab/Subjects/ZFM-04022/2022-03-25/002/raw_photometry_data/raw_photometry.csv,/mnt/h0/kb/data/external_drive/HCW_S2_23082021/DA/TCW_25Mar2022/PhotometryData_D6_D5_TCW_25Mar20221.csv,/mnt/h0/kb/data/external_drive/HCW_S2_23082021/DA/TCW_25Mar2022/DI0_D6_TCW_25Mar20222.csv,TRUE,TRUE,raw_behavior_data/_iblrig_taskData.raw.jsonable,217,216,-18.37907985,-1
335,ZFM-04026,2022-03-25,DA,ee26dbc4-ad5a-49a8-97f4-4225d0c487f7,probe10,Region5G,,0,,/mnt/h0/kb/data/one/mainenlab/Subjects/ZFM-04026/2022-03-25/001/raw_photometry_data/raw_photometry.csv,/mnt/h0/kb/data/external_drive/HCW_S2_23082021/DA/TCW_25Mar2022/PhotometryData_D4_TCW_25Mar20221.csv,/mnt/h0/kb/data/external_drive/HCW_S2_23082021/DA/TCW_25Mar2022/DI1_D4_TCW_25Mar20221.csv,TRUE,TRUE,raw_behavior_data/_iblrig_taskData.raw.jsonable,267,266,-21.85725764,-1
336,ZFM-03447,2022-03-28,DA,c7ce2f64-2e74-4b39-9c32-bb72cba922c1,probe06,Region5G,,0,,/mnt/h0/kb/data/one/mainenlab/Subjects/ZFM-03447/2022-03-28/001/raw_photometry_data/raw_photometry.csv,/mnt/h0/kb/data/external_drive/HCW_S2_23082021/DA/TCW_28Mar2022/PhotometryData_D1_D2_TCW_28Mar20220.csv,/mnt/h0/kb/data/external_drive/HCW_S2_23082021/DA/TCW_28Mar2022/DI0_D1_TCW_28Mar20220.csv,TRUE,TRUE,raw_behavior_data/_iblrig_taskData.raw.jsonable,202,201,-2.923540254,-1
337,ZFM-03448,2022-03-28,DA,2c12c53e-c176-4428-ab4a-4600b105bfea,probe07,Region6G,,1,,/mnt/h0/kb/data/one/mainenlab/Subjects/ZFM-03448/2022-03-28/002/raw_photometry_data/raw_photometry.csv,/mnt/h0/kb/data/external_drive/HCW_S2_23082021/DA/TCW_28Mar2022/PhotometryData_D1_D2_TCW_28Mar20220.csv,/mnt/h0/kb/data/external_drive/HCW_S2_23082021/DA/TCW_28Mar2022/DI1_D2_TCW_28Mar20220.csv,TRUE,TRUE,raw_behavior_data/_iblrig_taskData.raw.jsonable,899,898,-5.882494022,-1
338,ZFM-04019,2022-03-28,DA,4475c850-42b2-4a13-9e06-3ec5eda13e70,probe11,Region5G,,1,,/mnt/h0/kb/data/one/mainenlab/Subjects/ZFM-04019/2022-03-28/001/raw_photometry_data/raw_photometry.csv,/mnt/h0/kb/data/external_drive/HCW_S2_23082021/DA/TCW_28Mar2022/PhotometryData_D6_D5_TCW_28Mar20220.csv,/mnt/h0/kb/data/external_drive/HCW_S2_23082021/DA/TCW_28Mar2022/DI1_D5_TCW_28Mar20220.csv,TRUE,TRUE,raw_behavior_data/_iblrig_taskData.raw.jsonable,238,237,-11.2355041,-1
339,ZFM-04022,2022-03-28,DA,0ac3c24a-e379-4a3a-bafb-bad6c91dd2af,probe12,Region6G,,0,,/mnt/h0/kb/data/one/mainenlab/Subjects/ZFM-04022/2022-03-28/001/raw_photometry_data/raw_photometry.csv,/mnt/h0/kb/data/external_drive/HCW_S2_23082021/DA/TCW_28Mar2022/PhotometryData_D6_D5_TCW_28Mar20220.csv,/mnt/h0/kb/data/external_drive/HCW_S2_23082021/DA/TCW_28Mar2022/DI0_D6_TCW_28Mar20220.csv,TRUE,TRUE,raw_behavior_data/_iblrig_taskData.raw.jsonable,153,152,-14.04871874,-1
340,ZFM-04026,2022-03-28,DA,95a7c668-77d5-4e40-8cf8-cbb67e8b3e5c,probe10,Region5G,,1,,/mnt/h0/kb/data/one/mainenlab/Subjects/ZFM-04026/2022-03-28/001/raw_photometry_data/raw_photometry.csv,/mnt/h0/kb/data/external_drive/HCW_S2_23082021/DA/TCW_28Mar2022/PhotometryData_D4_TCW_28Mar20221.csv,/mnt/h0/kb/data/external_drive/HCW_S2_23082021/DA/TCW_28Mar2022/DI1_D4_TCW_28Mar20221.csv,TRUE,TRUE,raw_behavior_data/_iblrig_taskData.raw.jsonable,432,432,-15.55348925,0
341,ZFM-03447,2022-03-29,DA,141cd1ec-1ed3-4407-886f-0d6240c80988,probe06,Region6G,,0,,/mnt/h0/kb/data/one/mainenlab/Subjects/ZFM-03447/2022-03-29/001/raw_photometry_data/raw_photometry.csv,/mnt/h0/kb/data/external_drive/HCW_S2_23082021/DA/TCW_29Mar2022/PhotometryData_D1_D2_TCW_29Mar20220.csv,/mnt/h0/kb/data/external_drive/HCW_S2_23082021/DA/TCW_29Mar2022/DI0_D1_TCW_29Mar20220.csv,TRUE,TRUE,raw_behavior_data/_iblrig_taskData.raw.jsonable,255,254,-17.80815861,-1
342,ZFM-03448,2022-03-29,DA,7501cfc9-17f1-4940-a932-70ae2ed2c463,probe07,Region5G,,1,,/mnt/h0/kb/data/one/mainenlab/Subjects/ZFM-03448/2022-03-29/001/raw_photometry_data/raw_photometry.csv,/mnt/h0/kb/data/external_drive/HCW_S2_23082021/DA/TCW_29Mar2022/PhotometryData_D1_D2_TCW_29Mar20220.csv,/mnt/h0/kb/data/external_drive/HCW_S2_23082021/DA/TCW_29Mar2022/DI1_D2_TCW_29Mar20220.csv,TRUE,TRUE,raw_behavior_data/_iblrig_taskData.raw.jsonable,1125,1124,-0.2168805195,-1
343,ZFM-04019,2022-03-29,DA,0c551d34-02c2-4e22-acf5-e54d576cef47,probe11,Region5G,,1,,,/mnt/h0/kb/data/external_drive/HCW_S2_23082021/DA/TCW_29Mar2022/PhotometryData_D6_D5_TCW_29Mar20220.csv,/mnt/h0/kb/data/external_drive/HCW_S2_23082021/DA/TCW_29Mar2022/DI1_D5_TCW_29Mar20220.csv,TRUE,TRUE,raw_behavior_data/_iblrig_taskData.raw.jsonable,,,,
344,ZFM-04022,2022-03-29,DA,368fa77f-1d54-40b0-ace4-bb36ab2b778a,probe13,Region6G,,0,,/mnt/h0/kb/data/one/mainenlab/Subjects/ZFM-04022/2022-03-29/001/raw_photometry_data/raw_photometry.csv,/mnt/h0/kb/data/external_drive/HCW_S2_23082021/DA/TCW_29Mar2022/PhotometryData_D6_D5_TCW_29Mar20220.csv,/mnt/h0/kb/data/external_drive/HCW_S2_23082021/DA/TCW_29Mar2022/DI0_D6_TCW_29Mar20220.csv,TRUE,TRUE,raw_behavior_data/_iblrig_taskData.raw.jsonable,138,137,-0.8953584476,-1
345,ZFM-04026,2022-03-29,DA,e2eb28c5-9198-4275-8845-68838088fdaf,probe10,Region5G,,1,,/mnt/h0/kb/data/one/mainenlab/Subjects/ZFM-04026/2022-03-29/002/raw_photometry_data/raw_photometry.csv,/mnt/h0/kb/data/external_drive/HCW_S2_23082021/DA/TCW_29Mar2022/PhotometryData_D4_TCW_29Mar20220.csv,/mnt/h0/kb/data/external_drive/HCW_S2_23082021/DA/TCW_29Mar2022/DI1_D4_TCW_29Mar20220.csv,TRUE,TRUE,raw_behavior_data/_iblrig_taskData.raw.jsonable,200,199,10.06046728,-1
346,ZFM-03059,2022-03-31,5HT,a2e65766-0f40-46dd-91cf-b56540cb033b,probe01,Region5G,,0,,/mnt/h0/kb/data/one/mainenlab/Subjects/ZFM-03059/2022-03-31/001/raw_photometry_data/raw_photometry.csv,/mnt/h0/kb/data/external_drive/HCW_S2_23082021/DA/TCW_31Mar2022/PhotometryData_M1_TCW_31Mar20220.csv,/mnt/h0/kb/data/external_drive/HCW_S2_23082021/DA/TCW_31Mar2022/DI0_M1_TCW_31Mar20220.csv,TRUE,TRUE,raw_behavior_data/_iblrig_taskData.raw.jsonable,822,821,0.1685994282,-1
348,ZFM-03059,2022-04-01,5HT,f36ae1d4-20e0-47ee-b4bd-9649810d87e0,probe01,Region5G,,0,,/mnt/h0/kb/data/one/mainenlab/Subjects/ZFM-03059/2022-04-01/001/raw_photometry_data/raw_photometry.csv,/mnt/h0/kb/data/external_drive/HCW_S2_23082021/DA/TCW_01Apr2022/PhotometryData_M1_TCW_01Apr20220.csv,/mnt/h0/kb/data/external_drive/HCW_S2_23082021/DA/TCW_01Apr2022/DI0_M1_TCW_01Apr20220.csv,TRUE,TRUE,raw_behavior_data/_iblrig_taskData.raw.jsonable,518,517,-7.119463493,-1
352,ZFM-03450,2022-04-01,DA,7ff2e8c0-e4ee-44a0-823a-d1cd27a19581,probe09,Region6G,,0,,/mnt/h0/kb/data/one/mainenlab/Subjects/ZFM-03450/2022-04-01/001/raw_photometry_data/raw_photometry.csv,/mnt/h0/kb/data/external_drive/HCW_S2_23082021/DA/TCW_01Apr2022/PhotometryData_D3_D4_TCW_01Apr20220.csv,/mnt/h0/kb/data/external_drive/HCW_S2_23082021/DA/TCW_01Apr2022/DI0_D3_TCW_01Apr20220.csv,TRUE,TRUE,raw_behavior_data/_iblrig_taskData.raw.jsonable,171,170,-0.8073567242,-1
353,ZFM-04019,2022-04-01,DA,d8f4b6a3-6ce3-49bd-8075-4a3d0ce737fc,probe11,Region5G,,1,,/mnt/h0/kb/data/one/mainenlab/Subjects/ZFM-04019/2022-04-01/002/raw_photometry_data/raw_photometry.csv,/mnt/h0/kb/data/external_drive/HCW_S2_23082021/DA/TCW_01Apr2022/PhotometryData_D6_D5_TCW_01Apr20220.csv,/mnt/h0/kb/data/external_drive/HCW_S2_23082021/DA/TCW_01Apr2022/DI1_D5_TCW_01Apr20220.csv,TRUE,TRUE,raw_behavior_data/_iblrig_taskData.raw.jsonable,711,710,0.6298832321,-1
354,ZFM-04022,2022-04-01,DA,36c701f5-ddfb-4aee-bcde-5a6007f58243,probe12,Region6G,,0,,/mnt/h0/kb/data/one/mainenlab/Subjects/ZFM-04022/2022-04-01/001/raw_photometry_data/raw_photometry.csv,/mnt/h0/kb/data/external_drive/HCW_S2_23082021/DA/TCW_01Apr2022/PhotometryData_D6_D5_TCW_01Apr20220.csv,/mnt/h0/kb/data/external_drive/HCW_S2_23082021/DA/TCW_01Apr2022/DI0_D6_TCW_01Apr20220.csv,TRUE,TRUE,raw_behavior_data/_iblrig_taskData.raw.jsonable,214,213,0.2321926683,-1
355,ZFM-04026,2022-04-01,DA,ea36b277-f62b-44e1-827b-93c14d15c55d,probe10,Region5G,,1,,/mnt/h0/kb/data/one/mainenlab/Subjects/ZFM-04026/2022-04-01/001/raw_photometry_data/raw_photometry.csv,/mnt/h0/kb/data/external_drive/HCW_S2_23082021/DA/TCW_01Apr2022/PhotometryData_D3_D4_TCW_01Apr20220.csv,/mnt/h0/kb/data/external_drive/HCW_S2_23082021/DA/TCW_01Apr2022/DI1_D4_TCW_01Apr20220.csv,TRUE,TRUE,raw_behavior_data/_iblrig_taskData.raw.jsonable,277,276,-20.60768325,-1
356,ZFM-03059,2022-04-04,5HT,8cfa1e92-3e7f-409f-8347-01a36e98b27f,probe01,Region5G,,0,,/mnt/h0/kb/data/one/mainenlab/Subjects/ZFM-03059/2022-04-04/002/raw_photometry_data/raw_photometry.csv,/mnt/h0/kb/data/external_drive/HCW_S2_23082021/DA/TCW_04Apr2022/PhotometryData_M1_TCW_04Apr20220.csv,/mnt/h0/kb/data/external_drive/HCW_S2_23082021/DA/TCW_04Apr2022/DI0_M1_TCW_04Apr20220.csv,TRUE,TRUE,raw_behavior_data/_iblrig_taskData.raw.jsonable,304,303,-4.916625617,-1
357,ZFM-03059,2022-04-05,5HT,66d51ecb-b6a0-4293-84be-d4ccfb84ada8,probe01,Region5G,,0,,/mnt/h0/kb/data/one/mainenlab/Subjects/ZFM-03059/2022-04-05/001/raw_photometry_data/raw_photometry.csv,/mnt/h0/kb/data/external_drive/HCW_S2_23082021/DA/TCW_05Apr2022/PhotometryData_M1_TCW_05Apr20220.csv,/mnt/h0/kb/data/external_drive/HCW_S2_23082021/DA/TCW_05Apr2022/DI0_M1_TCW_05Apr20220.csv,TRUE,TRUE,raw_behavior_data/_iblrig_taskData.raw.jsonable,1053,1052,-5.974811335,-1
358,ZFM-03447,2022-04-05,DA,0374a785-00e9-4d5c-8111-ad4df7905b7c,probe06,Region6G,,1,,,/mnt/h0/kb/data/external_drive/HCW_S2_23082021/DA/TCW_05Apr2022/PhotometryData_D5_D1_TCW_05Apr20220.csv,/mnt/h0/kb/data/external_drive/HCW_S2_23082021/DA/TCW_05Apr2022/DI1_D1_TCW_05Apr20220.csv,TRUE,TRUE,raw_behavior_data/_iblrig_taskData.raw.jsonable,,,,
359,ZFM-04019,2022-04-05,DA,3e7f5bf2-8e34-4cae-908d-7edb0ad0aa8a,probe11,Region5G,,0,,/mnt/h0/kb/data/one/mainenlab/Subjects/ZFM-04019/2022-04-05/001/raw_photometry_data/raw_photometry.csv,/mnt/h0/kb/data/external_drive/HCW_S2_23082021/DA/TCW_05Apr2022/PhotometryData_D5_D1_TCW_05Apr20220.csv,/mnt/h0/kb/data/external_drive/HCW_S2_23082021/DA/TCW_05Apr2022/DI0_D5_TCW_05Apr20220.csv,TRUE,TRUE,raw_behavior_data/_iblrig_taskData.raw.jsonable,551,416,26.49937242,-135
360,ZFM-04022,2022-04-05,DA,6d9cbaba-9579-4eda-8ca0-0af6b3b3b206,probe12,Region6G,,0,,/mnt/h0/kb/data/one/mainenlab/Subjects/ZFM-04022/2022-04-05/001/raw_photometry_data/raw_photometry.csv,/mnt/h0/kb/data/external_drive/HCW_S2_23082021/DA/TCW_05Apr2022/PhotometryData_D6_D4_TCW_05Apr20220.csv,/mnt/h0/kb/data/external_drive/HCW_S2_23082021/DA/TCW_05Apr2022/DI0_D6_TCW_05Apr20220.csv,TRUE,TRUE,raw_behavior_data/_iblrig_taskData.raw.jsonable,241,240,-16.23464607,-1
361,ZFM-04026,2022-04-05,DA,7cb37c14-df86-4f0e-94b4-585a66cad97e,probe10,Region5G,,1,,/mnt/h0/kb/data/one/mainenlab/Subjects/ZFM-04026/2022-04-05/001/raw_photometry_data/raw_photometry.csv,/mnt/h0/kb/data/external_drive/HCW_S2_23082021/DA/TCW_05Apr2022/PhotometryData_D6_D4_TCW_05Apr20220.csv,/mnt/h0/kb/data/external_drive/HCW_S2_23082021/DA/TCW_05Apr2022/DI1_D4_TCW_05Apr20220.csv,TRUE,TRUE,raw_behavior_data/_iblrig_taskData.raw.jsonable,244,243,-1.529838705,-1
362,ZFM-04019,2022-04-06,DA,cfa56986-11cf-4cff-8f2e-6b8eeda6cb44,probe11,Region5G,,1,,/mnt/h0/kb/data/one/mainenlab/Subjects/ZFM-04019/2022-04-06/001/raw_photometry_data/raw_photometry.csv,/mnt/h0/kb/data/external_drive/HCW_S2_23082021/DA/TCW_06Apr2022/PhotometryData_D5_D6_TCW_06Apr20220.csv,/mnt/h0/kb/data/external_drive/HCW_S2_23082021/DA/TCW_06Apr2022/DI1_D5_TCW_06Apr20220.csv,TRUE,TRUE,raw_behavior_data/_iblrig_taskData.raw.jsonable,419,418,-6.411213554,-1
363,ZFM-04022,2022-04-06,DA,8a8666d6-6a59-4af7-a505-831c6534a216,probe13,Region6G,,0,,/mnt/h0/kb/data/one/mainenlab/Subjects/ZFM-04022/2022-04-06/001/raw_photometry_data/raw_photometry.csv,/mnt/h0/kb/data/external_drive/HCW_S2_23082021/DA/TCW_06Apr2022/PhotometryData_D5_D6_TCW_06Apr20220.csv,/mnt/h0/kb/data/external_drive/HCW_S2_23082021/DA/TCW_06Apr2022/DI0_D6_TCW_06Apr20220.csv,TRUE,TRUE,raw_behavior_data/_iblrig_taskData.raw.jsonable,152,151,10.77121656,-1
364,ZFM-03450,2022-04-08,DA,4e204864-ce6c-42af-a422-26ce09f9ce3f,probe09,Region6G,,1,,/mnt/h0/kb/data/one/mainenlab/Subjects/ZFM-03450/2022-04-08/001/raw_photometry_data/raw_photometry.csv,/mnt/h0/kb/data/external_drive/HCW_S2_23082021/DA/TCW_08Apr2022/PhotometryData_D5_D3_TCW_08Apr20220.csv,/mnt/h0/kb/data/external_drive/HCW_S2_23082021/DA/TCW_08Apr2022/DI1_D3_TCW_08Apr20220.csv,TRUE,TRUE,raw_behavior_data/_iblrig_taskData.raw.jsonable,340,339,-16.04759192,-1
365,ZFM-04019,2022-04-08,DA,83874b42-22d1-4057-bf2f-de21ef431a1c,probe11,Region5G,,0,,/mnt/h0/kb/data/one/mainenlab/Subjects/ZFM-04019/2022-04-08/001/raw_photometry_data/raw_photometry.csv,/mnt/h0/kb/data/external_drive/HCW_S2_23082021/DA/TCW_08Apr2022/PhotometryData_D5_D3_TCW_08Apr20220.csv,/mnt/h0/kb/data/external_drive/HCW_S2_23082021/DA/TCW_08Apr2022/DI0_D5_TCW_08Apr20220.csv,TRUE,TRUE,raw_behavior_data/_iblrig_taskData.raw.jsonable,566,565,-1.467414672,-1
366,ZFM-04019,2022-06-21,DA,4f7ee34f-71d7-4054-88e6-ff1179762461,probe11,Region5G,,1,,/mnt/h0/kb/data/one/mainenlab/Subjects/ZFM-04019/2022-06-21/001/raw_photometry_data/raw_photometry.csv,,/mnt/h0/kb/data/external_drive/HCW_S2_23082021/Sorted_Files/2022-06-21/DI1_D5_TCW_21Jun20220.csv,TRUE,TRUE,raw_behavior_data/_iblrig_taskData.raw.jsonable,749,748,-3.794611784,-1
367,ZFM-04022,2022-06-21,DA,324879a7-f689-40a9-9af9-fe9bf1b0243e,probe12,Region6G,,0,new,/mnt/h0/kb/data/one/mainenlab/Subjects/ZFM-04022/2022-06-21/001/raw_photometry_data/raw_photometry.csv,,/mnt/h0/kb/data/external_drive/HCW_S2_23082021/Sorted_Files/2022-06-21/DI0_D6_TCW_21Jun20220.csv,TRUE,TRUE,raw_behavior_data/_iblrig_taskData.raw.jsonable,523,522,-9.856818466,-1
368,ZFM-04392,2022-06-21,5HT,6e6b5f30-4032-4957-9381-1715108736c8,probe14,Region5G,,1,new,/mnt/h0/kb/data/one/mainenlab/Subjects/ZFM-04392/2022-06-21/001/raw_photometry_data/raw_photometry.csv,,/mnt/h0/kb/data/external_drive/HCW_S2_23082021/Sorted_Files/2022-06-21/DI1_S5_TCW_21Jun20220.csv,TRUE,TRUE,raw_behavior_data/_iblrig_taskData.raw.jsonable,909,908,-3.295971879,-1
369,ZFM-04533,2022-06-21,NE,6bec1529-d0d8-4510-982a-ba971d52b52e,probe17,Region6G,1,0,,/mnt/h0/kb/data/one/mainenlab/Subjects/ZFM-04533/2022-06-21/001/raw_photometry_data/raw_photometry.csv,/mnt/h0/kb/data/external_drive/HCW_S2_23082021/Sorted_Files/2022-06-21/PhotometryData_S5_N1_TCW_21Jun20220.csv',/mnt/h0/kb/data/external_drive/HCW_S2_23082021/Sorted_Files/2022-06-21/DI0_N1_TCW_21Jun20220.csv,TRUE,TRUE,raw_behavior_data/_iblrig_taskData.raw.jsonable,614,613,3.618168836,-1
370,ZFM-04534,2022-06-21,NE,404d1b7e-f6f2-4122-bd2d-9caa6a0e7777,probe18,Region5G,,1,new,/mnt/h0/kb/data/one/mainenlab/Subjects/ZFM-04534/2022-06-21/001/raw_photometry_data/raw_photometry.csv,/mnt/h0/kb/data/external_drive/HCW_S2_23082021/Sorted_Files/2022-06-21/PhotometryData_N2_TCW_21Jun20220.csv',/mnt/h0/kb/data/external_drive/HCW_S2_23082021/Sorted_Files/2022-06-21/DI1_N2_TCW_21Jun20220.csv,TRUE,TRUE,raw_behavior_data/_iblrig_taskData.raw.jsonable,518,517,-17.5258177,-1
371,ZFM-04534,2022-06-21,NE,404d1b7e-f6f2-4122-bd2d-9caa6a0e7777,probe19,Region6G,,1,new,/mnt/h0/kb/data/one/mainenlab/Subjects/ZFM-04534/2022-06-21/001/raw_photometry_data/raw_photometry.csv,/mnt/h0/kb/data/external_drive/HCW_S2_23082021/Sorted_Files/2022-06-21/PhotometryData_N2_TCW_21Jun20220.csv',/mnt/h0/kb/data/external_drive/HCW_S2_23082021/Sorted_Files/2022-06-21/DI1_N2_TCW_21Jun20220.csv,TRUE,TRUE,raw_behavior_data/_iblrig_taskData.raw.jsonable,518,517,-17.5258177,-1
372,ZFM-04392,2022-06-22,5HT,311ba5e2-c81b-4432-962d-a706d2cc2020,probe14,Region5G,,1,new,/mnt/h0/kb/data/one/mainenlab/Subjects/ZFM-04392/2022-06-22/001/raw_photometry_data/raw_photometry.csv,,/mnt/h0/kb/data/external_drive/HCW_S2_23082021/Sorted_Files/2022-06-22/DI1_N1_S5_TCW_22Jun20220.csv,TRUE,TRUE,raw_behavior_data/_iblrig_taskData.raw.jsonable,823,822,-6.655323841,-1
373,ZFM-04533,2022-06-22,NE,32600700-5ccd-4207-8be6-60d5e14f1521,probe17,Region6G,0,0,,/mnt/h0/kb/data/one/mainenlab/Subjects/ZFM-04533/2022-06-22/001/raw_photometry_data/raw_photometry.csv,,/mnt/h0/kb/data/external_drive/HCW_S2_23082021/Sorted_Files/2022-06-22/DI0_N1_S5_TCW_22Jun20220.csv,TRUE,TRUE,raw_behavior_data/_iblrig_taskData.raw.jsonable,380,379,-1.083319812,-1
374,ZFM-04019,2022-06-23,DA,291e25f7-b35f-4d11-815f-1429127059d4,probe11,Region5G,,1,,/mnt/h0/kb/data/one/mainenlab/Subjects/ZFM-04019/2022-06-23/001/raw_photometry_data/raw_photometry.csv,,/mnt/h0/kb/data/external_drive/HCW_S2_23082021/Sorted_Files/2022-06-23/DI1_D5_TCW_23Jun20220.csv,TRUE,TRUE,raw_behavior_data/_iblrig_taskData.raw.jsonable,1079,1078,-5.640856483,-1
375,ZFM-04022,2022-06-23,DA,486af030-47d0-4d14-961c-6d213dd75e63,probe13,Region6G,,0,new,/mnt/h0/kb/data/one/mainenlab/Subjects/ZFM-04022/2022-06-23/001/raw_photometry_data/raw_photometry.csv,,/mnt/h0/kb/data/external_drive/HCW_S2_23082021/Sorted_Files/2022-06-23/DI0_D6_TCW_23Jun20220.csv,TRUE,TRUE,raw_behavior_data/_iblrig_taskData.raw.jsonable,652,651,-4.233593136,-1
376,ZFM-04026,2022-06-23,DA,c17222b4-e336-4145-b81d-b0bdc4f27392,probe10,Region5G,,1,,/mnt/h0/kb/data/one/mainenlab/Subjects/ZFM-04026/2022-06-23/001/raw_photometry_data/raw_photometry.csv,,/mnt/h0/kb/data/external_drive/HCW_S2_23082021/Sorted_Files/2022-06-23/DI1_D4_TCW_23Jun20220.csv,TRUE,TRUE,raw_behavior_data/_iblrig_taskData.raw.jsonable,519,518,-9.877634759,-1
377,ZFM-04392,2022-06-23,5HT,3957a214-c434-471d-a5f7-3702ebffa584,probe14,Region5G,,1,new,/mnt/h0/kb/data/one/mainenlab/Subjects/ZFM-04392/2022-06-23/001/raw_photometry_data/raw_photometry.csv,,/mnt/h0/kb/data/external_drive/HCW_S2_23082021/Sorted_Files/2022-06-23/DI1_S5_TCW_23Jun20220.csv,TRUE,TRUE,raw_behavior_data/_iblrig_taskData.raw.jsonable,409,408,-2.649891307,-1
378,ZFM-04533,2022-06-23,NE,ae863de5-ad09-406a-99c9-c3264e4568b9,probe17,Region6G,,0,,/mnt/h0/kb/data/one/mainenlab/Subjects/ZFM-04533/2022-06-23/001/raw_photometry_data/raw_photometry.csv,,/mnt/h0/kb/data/external_drive/HCW_S2_23082021/Sorted_Files/2022-06-23/DI0_N1_TCW_23Jun20220.csv,TRUE,TRUE,raw_behavior_data/_iblrig_taskData.raw.jsonable,626,625,0.6762325802,-1
379,ZFM-04019,2022-06-24,DA,87a8de43-8576-450c-be35-4fccaa4e1d14,probe11,Region5G,,1,,/mnt/h0/kb/data/one/mainenlab/Subjects/ZFM-04019/2022-06-24/001/raw_photometry_data/raw_photometry.csv,,/mnt/h0/kb/data/external_drive/HCW_S2_23082021/Sorted_Files/2022-06-24/DI1_D5_TCW_24Jun20220.csv,TRUE,TRUE,raw_behavior_data/_iblrig_taskData.raw.jsonable,601,601,-13.15202635,0
380,ZFM-04022,2022-06-24,DA,51db0443-8031-42ca-a6f5-1a96f3fb3275,probe13,Region5G,,0,new,/mnt/h0/kb/data/one/mainenlab/Subjects/ZFM-04022/2022-06-24/001/raw_photometry_data/raw_photometry.csv,,/mnt/h0/kb/data/external_drive/HCW_S2_23082021/Sorted_Files/2022-06-24/DI0_D6_TCW_24Jun20220.csv,TRUE,TRUE,raw_behavior_data/_iblrig_taskData.raw.jsonable,583,582,-2.857587755,-1
381,ZFM-04022,2022-06-24,DA,51db0443-8031-42ca-a6f5-1a96f3fb3275,probe12,Region6G,,0,new,/mnt/h0/kb/data/one/mainenlab/Subjects/ZFM-04022/2022-06-24/001/raw_photometry_data/raw_photometry.csv,,/mnt/h0/kb/data/external_drive/HCW_S2_23082021/Sorted_Files/2022-06-24/DI0_D6_TCW_24Jun20220.csv,TRUE,TRUE,raw_behavior_data/_iblrig_taskData.raw.jsonable,583,582,-2.857587755,-1
382,ZFM-04026,2022-06-24,DA,ee16e42d-6e5f-4613-b703-3b2766c2d00e,probe10,Region5G,,1,,/mnt/h0/kb/data/one/mainenlab/Subjects/ZFM-04026/2022-06-24/002/raw_photometry_data/raw_photometry.csv,,/mnt/h0/kb/data/external_drive/HCW_S2_23082021/Sorted_Files/2022-06-24/DI1_D4_TCW_24Jun20220.csv,TRUE,TRUE,raw_behavior_data/_iblrig_taskData.raw.jsonable,708,707,-13.00085789,-1
383,ZFM-04533,2022-06-24,NE,9208e3b9-2859-4149-9cf2-40604dba5b8b,probe17,Region6G,,0,,/mnt/h0/kb/data/one/mainenlab/Subjects/ZFM-04533/2022-06-24/001/raw_photometry_data/raw_photometry.csv,,/mnt/h0/kb/data/external_drive/HCW_S2_23082021/Sorted_Files/2022-06-24/DI0_N1_TCW_24Jun20221.csv,TRUE,TRUE,raw_behavior_data/_iblrig_taskData.raw.jsonable,321,320,-0.8287902472,-1
384,ZFM-04022,2022-06-27,DA,384bf21a-eba2-43ff-b177-b6455e65882a,probe12,Region5G,,0,new,/mnt/h0/kb/data/one/mainenlab/Subjects/ZFM-04022/2022-06-27/001/raw_photometry_data/raw_photometry.csv,,/mnt/h0/kb/data/external_drive/HCW_S2_23082021/Sorted_Files/2022-06-27/DI0_D6_TCW_27Jun20220.csv,TRUE,TRUE,raw_behavior_data/_iblrig_taskData.raw.jsonable,120,119,-16.94020388,-1
385,ZFM-04022,2022-06-27,DA,384bf21a-eba2-43ff-b177-b6455e65882a,probe13,Region6G,,0,new,/mnt/h0/kb/data/one/mainenlab/Subjects/ZFM-04022/2022-06-27/001/raw_photometry_data/raw_photometry.csv,,/mnt/h0/kb/data/external_drive/HCW_S2_23082021/Sorted_Files/2022-06-27/DI0_D6_TCW_27Jun20220.csv,TRUE,TRUE,raw_behavior_data/_iblrig_taskData.raw.jsonable,120,119,-16.94020388,-1
386,ZFM-04026,2022-06-27,DA,79d47202-be82-4965-ad3b-72e1d02d5a6a,probe10,Region5G,,1,,/mnt/h0/kb/data/one/mainenlab/Subjects/ZFM-04026/2022-06-27/001/raw_photometry_data/raw_photometry.csv,,/mnt/h0/kb/data/external_drive/HCW_S2_23082021/Sorted_Files/2022-06-27/DI1_D4_TCW_27Jun20220.csv,TRUE,TRUE,raw_behavior_data/_iblrig_taskData.raw.jsonable,464,463,-3.312154528,-1
387,ZFM-04533,2022-06-27,NE,035ac0a1-1d05-4938-945c-c84a7ebb2058,probe17,Region6G,0,0,,/mnt/h0/kb/data/external_drive/HCW_S2_23082021/Sorted_Files/2022-06-27/PhotometryData_D5_N1_TCW_27Jun20220.csv,,/mnt/h0/kb/data/external_drive/HCW_S2_23082021/Sorted_Files/2022-06-27/DI0_N1_TCW_27Jun20220.csv,TRUE,TRUE,raw_behavior_data/_iblrig_taskData.raw.jsonable,243,242,-12.60447703,-1
388,ZFM-04022,2022-06-28,DA,dc6bbad4-418a-42b9-b61d-d0390765fb81,probe12,Region6G,,0,new,/mnt/h0/kb/data/one/mainenlab/Subjects/ZFM-04022/2022-06-28/001/raw_photometry_data/raw_photometry.csv,,/mnt/h0/kb/data/external_drive/HCW_S2_23082021/Sorted_Files/2022-06-28/DI0_D6_TCW_28Jun20220.csv,TRUE,TRUE,raw_behavior_data/_iblrig_taskData.raw.jsonable,492,491,-12.79880825,-1
389,ZFM-04026,2022-06-28,DA,230a9de6-54dd-46b3-a5c6-0b4cb1e4e841,probe10,Region5G,,1,,/mnt/h0/kb/data/one/mainenlab/Subjects/ZFM-04026/2022-06-28/001/raw_photometry_data/raw_photometry.csv,,/mnt/h0/kb/data/external_drive/HCW_S2_23082021/Sorted_Files/2022-06-28/DI1_D4_TCW_28Jun20220.csv,TRUE,TRUE,raw_behavior_data/_iblrig_taskData.raw.jsonable,608,607,-13.89973649,-1
390,ZFM-04392,2022-06-28,5HT,075ebed2-3e1b-471e-bc78-97f979dd765e,probe14,Region5G,,1,new,/mnt/h0/kb/data/one/mainenlab/Subjects/ZFM-04392/2022-06-28/001/raw_photometry_data/raw_photometry.csv,,/mnt/h0/kb/data/external_drive/HCW_S2_23082021/Sorted_Files/2022-06-28/DI1_S5_TCW_28Jun20220.csv,TRUE,TRUE,raw_behavior_data/_iblrig_taskData.raw.jsonable,574,573,-8.099745091,-1
392,ZFM-04022,2022-06-29,DA,56e5d6d4-d5ac-445e-8672-443104e7535f,probe13,Region6G,,0,new,/mnt/h0/kb/data/one/mainenlab/Subjects/ZFM-04022/2022-06-29/001/raw_photometry_data/raw_photometry.csv,,/mnt/h0/kb/data/external_drive/HCW_S2_23082021/Sorted_Files/2022-06-29/DI0_D6_TCW_29Jun20220.csv,TRUE,TRUE,raw_behavior_data/_iblrig_taskData.raw.jsonable,243,242,-12.99375947,-1
393,ZFM-04026,2022-06-29,DA,74d044a1-6aba-4f3d-bacd-46afa7369feb,probe10,Region5G,,1,,/mnt/h0/kb/data/one/mainenlab/Subjects/ZFM-04026/2022-06-29/001/raw_photometry_data/raw_photometry.csv,,/mnt/h0/kb/data/external_drive/HCW_S2_23082021/Sorted_Files/2022-06-29/DI1_D4_TCW_29Jun20220.csv,TRUE,TRUE,raw_behavior_data/_iblrig_taskData.raw.jsonable,469,468,-10.09691636,-1
394,ZFM-04392,2022-06-29,5HT,542dba14-4b70-487c-bd7c-30f359db5c5e,probe14,Region5G,,1,new,/mnt/h0/kb/data/one/mainenlab/Subjects/ZFM-04392/2022-06-29/001/raw_photometry_data/raw_photometry.csv,,/mnt/h0/kb/data/external_drive/HCW_S2_23082021/Sorted_Files/2022-06-29/DI1_S5_TCW_29Jun20220.csv,TRUE,TRUE,raw_behavior_data/_iblrig_taskData.raw.jsonable,505,504,-2.307585699,-1
395,ZFM-04533,2022-06-29,NE,00359579-9b3b-45e5-a642-f6d0d7eb4805,probe17,Region6G,0,0,,/mnt/h0/kb/data/one/mainenlab/Subjects/ZFM-04533/2022-06-29/001/raw_photometry_data/raw_photometry.csv,,/mnt/h0/kb/data/external_drive/HCW_S2_23082021/Sorted_Files/2022-06-29/DI0_N1_TCW_29Jun20220.csv,TRUE,TRUE,raw_behavior_data/_iblrig_taskData.raw.jsonable,479,478,-6.451970966,-1
396,ZFM-04022,2022-06-30,DA,5d93d92e-ea91-44ff-b807-88b8e5338ded,probe12,Region5G,,0,new,/mnt/h0/kb/data/one/mainenlab/Subjects/ZFM-04022/2022-06-30/001/raw_photometry_data/raw_photometry.csv,,/mnt/h0/kb/data/external_drive/HCW_S2_23082021/Sorted_Files/2022-06-30/DI0_D6_TCW_30Jun20220.csv,TRUE,TRUE,raw_behavior_data/_iblrig_taskData.raw.jsonable,317,316,-14.60147697,-1
397,ZFM-04022,2022-06-30,DA,5d93d92e-ea91-44ff-b807-88b8e5338ded,probe13,Region6G,,0,new,/mnt/h0/kb/data/one/mainenlab/Subjects/ZFM-04022/2022-06-30/001/raw_photometry_data/raw_photometry.csv,,/mnt/h0/kb/data/external_drive/HCW_S2_23082021/Sorted_Files/2022-06-30/DI0_D6_TCW_30Jun20220.csv,TRUE,TRUE,raw_behavior_data/_iblrig_taskData.raw.jsonable,317,316,-14.60147697,-1
398,ZFM-04392,2022-06-30,5HT,0d47bd57-d11a-4471-bb89-b5eb3a2e2bec,probe14,Region5G,,1,new,/mnt/h0/kb/data/one/mainenlab/Subjects/ZFM-04392/2022-06-30/001/raw_photometry_data/raw_photometry.csv,,/mnt/h0/kb/data/external_drive/HCW_S2_23082021/Sorted_Files/2022-06-30/DI1_S5_TCW_30Jun20220.csv,TRUE,TRUE,raw_behavior_data/_iblrig_taskData.raw.jsonable,311,310,-2.335103175,-1
399,ZFM-04533,2022-06-30,NE,3b071f26-a052-4879-8f9d-05af95c384e3,probe17,Region6G,0,0,,/mnt/h0/kb/data/one/mainenlab/Subjects/ZFM-04533/2022-06-30/001/raw_photometry_data/raw_photometry.csv,,/mnt/h0/kb/data/external_drive/HCW_S2_23082021/Sorted_Files/2022-06-30/DI0_N1_TCW_30Jun20220.csv,TRUE,TRUE,raw_behavior_data/_iblrig_taskData.raw.jsonable,616,616,-5.75078372,0
400,ZFM-04019,2022-07-05,DA,410de9ba-bc77-48c6-8586-cdf070c13ff8,probe11,Region5G,,1,,/mnt/h0/kb/data/one/mainenlab/Subjects/ZFM-04019/2022-07-05/003/raw_photometry_data/raw_photometry.csv,,/mnt/h0/kb/data/external_drive/HCW_S2_23082021/Sorted_Files/2022-07-05/DI1_D5_TCW_05Jul20220.csv,TRUE,TRUE,raw_behavior_data/_iblrig_taskData.raw.jsonable,432,431,-23.47779881,-1
401,ZFM-04022,2022-07-05,DA,a4f1fb9b-129b-42f9-92db-899564491721,probe12,Region5G,,0,new,/mnt/h0/kb/data/external_drive/HCW_S2_23082021/Sorted_Files/2022-07-05/PhotometryData_N2_D6_TCW_05Jul20220.csv,,/mnt/h0/kb/data/external_drive/HCW_S2_23082021/Sorted_Files/2022-07-05/DI0_D6_TCW_05Jul20220.csv,TRUE,TRUE,raw_behavior_data/_iblrig_taskData.raw.jsonable,401,400,8.362012317,-1
402,ZFM-04026,2022-07-05,DA,99a68192-3997-4291-92ae-f2353ccac951,probe10,Region5G,,1,,/mnt/h0/kb/data/one/mainenlab/Subjects/ZFM-04026/2022-07-05/001/raw_photometry_data/raw_photometry.csv,,/mnt/h0/kb/data/external_drive/HCW_S2_23082021/Sorted_Files/2022-07-05/DI1_D4_TCW_05Jul20220.csv,TRUE,TRUE,raw_behavior_data/_iblrig_taskData.raw.jsonable,692,692,-3.486573615,0
403,ZFM-04392,2022-07-05,5HT,29ba7a76-41e6-44d8-ba92-479bbbdcd8a3,probe14,Region5G,,1,new,/mnt/h0/kb/data/one/mainenlab/Subjects/ZFM-04392/2022-07-05/002/raw_photometry_data/raw_photometry.csv,,/mnt/h0/kb/data/external_drive/HCW_S2_23082021/Sorted_Files/2022-07-05/DI1_S5_TCW_05Jul20221.csv,TRUE,TRUE,raw_behavior_data/_iblrig_taskData.raw.jsonable,316,316,-19.61704558,0
404,ZFM-04392,2022-07-05,5HT,29ba7a76-41e6-44d8-ba92-479bbbdcd8a3,probe16,Region6G,,1,new,/mnt/h0/kb/data/one/mainenlab/Subjects/ZFM-04392/2022-07-05/002/raw_photometry_data/raw_photometry.csv,,/mnt/h0/kb/data/external_drive/HCW_S2_23082021/Sorted_Files/2022-07-05/DI1_S5_TCW_05Jul20221.csv,TRUE,TRUE,raw_behavior_data/_iblrig_taskData.raw.jsonable,316,316,-19.61704558,0
405,ZFM-04533,2022-07-05,NE,3010638a-1087-4388-a16e-c7e900e19cf7,probe17,Region6G,0,0,,/mnt/h0/kb/data/one/mainenlab/Subjects/ZFM-04533/2022-07-05/002/raw_photometry_data/raw_photometry.csv,,/mnt/h0/kb/data/external_drive/HCW_S2_23082021/Sorted_Files/2022-07-05/DI0_N1_TCW_05Jul20220.csv,TRUE,TRUE,raw_behavior_data/_iblrig_taskData.raw.jsonable,100,99,-5.441544849,-1
406,ZFM-04534,2022-07-05,NE,4ea75c71-ebcb-4a10-9e1e-d9752c5cde2b,probe18,Region6G,,1,new,/mnt/h0/kb/data/external_drive/HCW_S2_23082021/Sorted_Files/2022-07-05/PhotometryData_N2_D6_TCW_05Jul20220.csv,,/mnt/h0/kb/data/external_drive/HCW_S2_23082021/Sorted_Files/2022-07-05/DI1_N2_TCW_05Jul20220.csv,TRUE,TRUE,raw_behavior_data/_iblrig_taskData.raw.jsonable,623,622,8.512459079,-1
407,ZFM-04022,2022-07-06,DA,8668aced-ae6c-4ade-be11-33b93c3a3828,probe12,Region5G,,0,new,/mnt/h0/kb/data/one/mainenlab/Subjects/ZFM-04022/2022-07-06/001/raw_photometry_data/raw_photometry.csv,,/mnt/h0/kb/data/external_drive/HCW_S2_23082021/Sorted_Files/2022-07-06/DI0_D6_TCW_06Jul20220.csv,TRUE,TRUE,raw_behavior_data/_iblrig_taskData.raw.jsonable,501,500,-2.667106275,-1
408,ZFM-04022,2022-07-06,DA,8668aced-ae6c-4ade-be11-33b93c3a3828,probe13,Region6G,,0,new,/mnt/h0/kb/data/one/mainenlab/Subjects/ZFM-04022/2022-07-06/001/raw_photometry_data/raw_photometry.csv,,/mnt/h0/kb/data/external_drive/HCW_S2_23082021/Sorted_Files/2022-07-06/DI0_D6_TCW_06Jul20220.csv,TRUE,TRUE,raw_behavior_data/_iblrig_taskData.raw.jsonable,501,500,-2.667106275,-1
409,ZFM-04392,2022-07-06,5HT,58b53cc4-b7e2-4f56-99ae-e38dbc1915ee,probe14,Region5G,,1,new,/mnt/h0/kb/data/one/mainenlab/Subjects/ZFM-04392/2022-07-06/001/raw_photometry_data/raw_photometry.csv,,/mnt/h0/kb/data/external_drive/HCW_S2_23082021/Sorted_Files/2022-07-06/DI1_S5_TCW_06Jul20220.csv,TRUE,TRUE,raw_behavior_data/_iblrig_taskData.raw.jsonable,299,298,-21.40094941,-1
410,ZFM-04533,2022-07-06,NE,8dcc3f22-cce3-496e-82c2-ba11a865a3ec,probe17,Region6G,0,0,,/mnt/h0/kb/data/external_drive/HCW_S2_23082021/Sorted_Files/2022-07-06/PhotometryData_D5_N1_TCW_06Jul20220.csv,,/mnt/h0/kb/data/external_drive/HCW_S2_23082021/Sorted_Files/2022-07-06/DI0_N1_TCW_06Jul20220.csv,TRUE,TRUE,raw_behavior_data/_iblrig_taskData.raw.jsonable,162,161,-15.87819875,-1
411,ZFM-04019,2022-07-07,DA,272372d1-526f-4291-b18c-49d0d4140dbb,probe11,Region5G,,1,,/mnt/h0/kb/data/one/mainenlab/Subjects/ZFM-04019/2022-07-07/002/raw_photometry_data/raw_photometry.csv,,/mnt/h0/kb/data/external_drive/HCW_S2_23082021/Sorted_Files/2022-07-07/DI1_D5_TCW_07Jul20220.csv,TRUE,TRUE,raw_behavior_data/_iblrig_taskData.raw.jsonable,528,527,-8.590779674,-1
412,ZFM-04022,2022-07-07,DA,bb34f7f9-5c10-46a4-b863-b5d1767c9b61,probe13,Region5G,,0,,/mnt/h0/kb/data/one/mainenlab/Subjects/ZFM-04022/2022-07-07/001/raw_photometry_data/raw_photometry.csv,,/mnt/h0/kb/data/external_drive/HCW_S2_23082021/Sorted_Files/2022-07-07/DI0_D6_TCW_07Jul20220.csv,TRUE,TRUE,raw_behavior_data/_iblrig_taskData.raw.jsonable,498,497,-4.058612189,-1
413,ZFM-04022,2022-07-07,DA,bb34f7f9-5c10-46a4-b863-b5d1767c9b61,probe12,Region6G,,0,new,/mnt/h0/kb/data/one/mainenlab/Subjects/ZFM-04022/2022-07-07/001/raw_photometry_data/raw_photometry.csv,,/mnt/h0/kb/data/external_drive/HCW_S2_23082021/Sorted_Files/2022-07-07/DI0_D6_TCW_07Jul20220.csv,TRUE,TRUE,raw_behavior_data/_iblrig_taskData.raw.jsonable,498,497,-4.058612189,-1
414,ZFM-04026,2022-07-07,DA,0deade5f-dad7-4137-8934-ca266cf61da4,probe10,Region6G,,1,,/mnt/h0/kb/data/one/mainenlab/Subjects/ZFM-04026/2022-07-07/001/raw_photometry_data/raw_photometry.csv,,/mnt/h0/kb/data/external_drive/HCW_S2_23082021/Sorted_Files/2022-07-07/DI1_D4_TCW_07Jul20220.csv,TRUE,TRUE,raw_behavior_data/_iblrig_taskData.raw.jsonable,390,389,-20.45989317,-1
415,ZFM-04392,2022-07-07,5HT,2f077b13-0f3a-411c-abdf-d29d6e985699,probe14,Region5G,,0,new,/mnt/h0/kb/data/one/mainenlab/Subjects/ZFM-04392/2022-07-07/001/raw_photometry_data/raw_photometry.csv,,/mnt/h0/kb/data/external_drive/HCW_S2_23082021/Sorted_Files/2022-07-07/DI0_S5_TCW_07Jul20220.csv,TRUE,TRUE,raw_behavior_data/_iblrig_taskData.raw.jsonable,302,301,-16.40318092,-1
416,ZFM-04533,2022-07-07,NE,f6aa4217-3e2d-4e90-97ca-dcdb00640bcf,probe17,Region6G,,0,,/mnt/h0/kb/data/one/mainenlab/Subjects/ZFM-04533/2022-07-07/001/raw_photometry_data/raw_photometry.csv,,/mnt/h0/kb/data/external_drive/HCW_S2_23082021/Sorted_Files/2022-07-07/DI0_N1_TCW_07Jul20220.csv,TRUE,TRUE,raw_behavior_data/_iblrig_taskData.raw.jsonable,225,224,-0.128235808,-1
417,ZFM-04019,2022-07-08,DA,4f585aa9-ada0-4e2e-90d4-2542e5dbf782,probe11,Region5G,,1,,/mnt/h0/kb/data/one/mainenlab/Subjects/ZFM-04019/2022-07-08/001/raw_photometry_data/raw_photometry.csv,,/mnt/h0/kb/data/external_drive/HCW_S2_23082021/Sorted_Files/2022-07-08/DI1_D5_TCW_08Jul20220.csv,TRUE,TRUE,raw_behavior_data/_iblrig_taskData.raw.jsonable,766,765,-9.753407416,-1
418,ZFM-04022,2022-07-08,DA,a374d7dd-0d78-4a9d-b663-1791c47b2be0,probe13,Region5G,,1,,/mnt/h0/kb/data/one/mainenlab/Subjects/ZFM-04022/2022-07-08/001/raw_photometry_data/raw_photometry.csv,,/mnt/h0/kb/data/external_drive/HCW_S2_23082021/Sorted_Files/2022-07-08/DI1_D6_TCW_08Jul20220.csv,TRUE,TRUE,raw_behavior_data/_iblrig_taskData.raw.jsonable,657,656,-10.92833944,-1
419,ZFM-04022,2022-07-08,DA,a374d7dd-0d78-4a9d-b663-1791c47b2be0,probe12,Region6G,,1,new,/mnt/h0/kb/data/one/mainenlab/Subjects/ZFM-04022/2022-07-08/001/raw_photometry_data/raw_photometry.csv,,/mnt/h0/kb/data/external_drive/HCW_S2_23082021/Sorted_Files/2022-07-08/DI1_D6_TCW_08Jul20220.csv,TRUE,TRUE,raw_behavior_data/_iblrig_taskData.raw.jsonable,657,656,-10.92833944,-1
420,ZFM-04026,2022-07-08,DA,de9c676c-04b2-40ba-8bf8-75946f45d165,probe10,Region5G,,1,,/mnt/h0/kb/data/one/mainenlab/Subjects/ZFM-04026/2022-07-08/001/raw_photometry_data/raw_photometry.csv,,/mnt/h0/kb/data/external_drive/HCW_S2_23082021/Sorted_Files/2022-07-08/DI1_D4_TCW_08Jul20220.csv,TRUE,TRUE,raw_behavior_data/_iblrig_taskData.raw.jsonable,709,708,-1.052274866,-1
421,ZFM-04392,2022-07-08,5HT,69ac6890-de0c-4036-b017-fa747e4fdcc8,probe14,Region6G,,0,new,/mnt/h0/kb/data/one/mainenlab/Subjects/ZFM-04392/2022-07-08/001/raw_photometry_data/raw_photometry.csv,,/mnt/h0/kb/data/external_drive/HCW_S2_23082021/Sorted_Files/2022-07-08/DI0_S5_TCW_08Jul20220.csv,TRUE,TRUE,raw_behavior_data/_iblrig_taskData.raw.jsonable,358,357,-14.47894424,-1
422,ZFM-04533,2022-07-08,NE,13959173-e911-40d7-a518-1b3031d66a74,probe17,Region6G,,0,,/mnt/h0/kb/data/one/mainenlab/Subjects/ZFM-04533/2022-07-08/001/raw_photometry_data/raw_photometry.csv,,/mnt/h0/kb/data/external_drive/HCW_S2_23082021/Sorted_Files/2022-07-08/DI0_N1_TCW_08Jul20220.csv,TRUE,TRUE,raw_behavior_data/_iblrig_taskData.raw.jsonable,215,215,-9.878814582,0
423,ZFM-04019,2022-07-13,DA,41cc34ab-deda-480b-b957-380abb2117c0,probe11,Region5G,,1,,/mnt/h0/kb/data/one/mainenlab/Subjects/ZFM-04019/2022-07-13/001/raw_photometry_data/raw_photometry.csv,,/mnt/h0/kb/data/external_drive/HCW_S2_23082021/Sorted_Files/2022-07-13/DI1_D5_TCW_13Jul20223.csv,TRUE,TRUE,raw_behavior_data/_iblrig_taskData.raw.jsonable,281,280,-14.15182075,-1
425,ZFM-04026,2022-07-13,DA,84e93650-3efb-43cf-bf48-25d5009a21c4,probe10,Region6G,,1,,/mnt/h0/kb/data/one/mainenlab/Subjects/ZFM-04026/2022-07-13/001/raw_photometry_data/raw_photometry.csv,,/mnt/h0/kb/data/external_drive/HCW_S2_23082021/Sorted_Files/2022-07-13/DI1_D4_TCW_13Jul20220.csv,TRUE,TRUE,raw_behavior_data/_iblrig_taskData.raw.jsonable,548,547,-18.2276405,-1
426,ZFM-04392,2022-07-13,5HT,aded7c18-0b2c-4ae7-8a42-c531f8392a78,probe14,Region5G,,0,new,/mnt/h0/kb/data/one/mainenlab/Subjects/ZFM-04392/2022-07-13/001/raw_photometry_data/raw_photometry.csv,,/mnt/h0/kb/data/external_drive/HCW_S2_23082021/Sorted_Files/2022-07-13/DI0_S5_TCW_13Jul20220.csv,TRUE,TRUE,raw_behavior_data/_iblrig_taskData.raw.jsonable,206,205,-25.01556606,-1
427,ZFM-03448,2022-07-14,DA,2c687f92-d996-4fd0-a029-b5688a442e7b,probe07,Region6G,,0,,/mnt/h0/kb/data/one/mainenlab/Subjects/ZFM-03448/2022-07-14/001/raw_photometry_data/raw_photometry.csv,,/mnt/h0/kb/data/external_drive/HCW_S2_23082021/Sorted_Files/2022-07-14/DI0_D2_TCW_14Jul20220.csv,TRUE,TRUE,raw_behavior_data/_iblrig_taskData.raw.jsonable,564,563,6.662454424,-1
428,ZFM-04019,2022-07-14,DA,2252b3ed-f900-4509-bf77-37d47b56da7a,probe11,Region5G,,1,,/mnt/h0/kb/data/one/mainenlab/Subjects/ZFM-04019/2022-07-14/001/raw_photometry_data/raw_photometry.csv,,/mnt/h0/kb/data/external_drive/HCW_S2_23082021/Sorted_Files/2022-07-14/DI1_D5_TCW_14Jul20220.csv,TRUE,TRUE,raw_behavior_data/_iblrig_taskData.raw.jsonable,450,449,-9.003915988,-1
429,ZFM-04022,2022-07-14,DA,2130575d-5834-42c0-b4c9-c195cba80cb8,probe13,Region6G,,0,new,/mnt/h0/kb/data/one/mainenlab/Subjects/ZFM-04022/2022-07-14/001/raw_photometry_data/raw_photometry.csv,,/mnt/h0/kb/data/external_drive/HCW_S2_23082021/Sorted_Files/2022-07-14/DI0_D6_TCW_14Jul20220.csv,TRUE,TRUE,raw_behavior_data/_iblrig_taskData.raw.jsonable,488,487,-10.56291127,-1
430,ZFM-04026,2022-07-14,DA,5d4e5359-bb38-45ce-90d7-629141255e4f,probe10,Region5G,,1,,/mnt/h0/kb/data/one/mainenlab/Subjects/ZFM-04026/2022-07-14/001/raw_photometry_data/raw_photometry.csv,,/mnt/h0/kb/data/external_drive/HCW_S2_23082021/Sorted_Files/2022-07-14/DI1_D4_TCW_14Jul20220.csv,TRUE,TRUE,raw_behavior_data/_iblrig_taskData.raw.jsonable,803,802,-1.941970797,-1
431,ZFM-03448,2022-07-15,DA,213654d5-3de9-4f8b-b751-cea42a038966,probe07,Region6G,,0,,/mnt/h0/kb/data/one/mainenlab/Subjects/ZFM-03448/2022-07-15/001/raw_photometry_data/raw_photometry.csv,,/mnt/h0/kb/data/external_drive/HCW_S2_23082021/Sorted_Files/2022-07-15/DI0_D2_TCW_15Jul20220.csv,TRUE,TRUE,raw_behavior_data/_iblrig_taskData.raw.jsonable,643,642,-1.895651263,-1
432,ZFM-04019,2022-07-15,DA,26e1b376-61dd-4d64-b0ab-ac4e6b8b9385,probe11,Region5G,,1,,/mnt/h0/kb/data/one/mainenlab/Subjects/ZFM-04019/2022-07-15/001/raw_photometry_data/raw_photometry.csv,,/mnt/h0/kb/data/external_drive/HCW_S2_23082021/Sorted_Files/2022-07-15/DI1_D5_TCW_15Jul20220.csv,TRUE,TRUE,raw_behavior_data/_iblrig_taskData.raw.jsonable,797,797,-9.494483019,0
433,ZFM-04022,2022-07-15,DA,9c37c6e0-9bf0-4bde-b79a-4d6e95886350,probe12,Region6G,,0,,/mnt/h0/kb/data/one/mainenlab/Subjects/ZFM-04022/2022-07-15/002/raw_photometry_data/raw_photometry.csv,,/mnt/h0/kb/data/external_drive/HCW_S2_23082021/Sorted_Files/2022-07-15/DI0_D6_TCW_15Jul20220.csv,TRUE,TRUE,raw_behavior_data/_iblrig_taskData.raw.jsonable,313,312,-11.51126553,-1
434,ZFM-04026,2022-07-15,DA,cbe64a6f-c7d7-486f-940f-7d7494a09621,probe10,Region5G,,1,,/mnt/h0/kb/data/one/mainenlab/Subjects/ZFM-04026/2022-07-15/001/raw_photometry_data/raw_photometry.csv,,/mnt/h0/kb/data/external_drive/HCW_S2_23082021/Sorted_Files/2022-07-15/DI1_D4_TCW_15Jul20220.csv,TRUE,TRUE,raw_behavior_data/_iblrig_taskData.raw.jsonable,614,613,-13.4331502,-1
435,ZFM-03448,2022-07-18,DA,ac7f2db2-8864-4cb8-b1bd-4ff6a6a6b6fb,probe07,Region6G,,0,,/mnt/h0/kb/data/one/mainenlab/Subjects/ZFM-03448/2022-07-18/001/raw_photometry_data/raw_photometry.csv,/mnt/h0/kb/data/external_drive/HCW_S2_23082021/Sorted_Files/2022-07-18/PhotometryData_D5_D2_TCW_18Jul20220.csv',/mnt/h0/kb/data/external_drive/HCW_S2_23082021/Sorted_Files/2022-07-18/DI0_D2_TCW_18Jul20220.csv,TRUE,TRUE,raw_behavior_data/_iblrig_taskData.raw.jsonable,837,836,-19.81072294,-1
436,ZFM-04019,2022-07-18,DA,81a244b4-66cc-4c5b-a29e-8fbfc0604892,probe11,Region5G,,1,new,/mnt/h0/kb/data/one/mainenlab/Subjects/ZFM-04019/2022-07-18/003/raw_photometry_data/raw_photometry.csv,,/mnt/h0/kb/data/external_drive/HCW_S2_23082021/Sorted_Files/2022-07-18/DI1_D5_TCW_18Jul20220.csv,TRUE,TRUE,raw_behavior_data/_iblrig_taskData.raw.jsonable,345,344,-7.906310518,-1
437,ZFM-04022,2022-07-18,DA,173b48e4-8201-44f5-8c36-7886afcd82e2,probe13,Region6G,,0,,/mnt/h0/kb/data/one/mainenlab/Subjects/ZFM-04022/2022-07-18/001/raw_photometry_data/raw_photometry.csv,,/mnt/h0/kb/data/external_drive/HCW_S2_23082021/Sorted_Files/2022-07-18/DI0_D6_TCW_18Jul20220.csv,TRUE,TRUE,raw_behavior_data/_iblrig_taskData.raw.jsonable,236,235,-6.505654407,-1
438,ZFM-04026,2022-07-18,DA,49d34b4d-4271-4028-a3f0-d7d25d22b3b1,probe10,Region5G,,1,new,/mnt/h0/kb/data/one/mainenlab/Subjects/ZFM-04026/2022-07-18/001/raw_photometry_data/raw_photometry.csv,,/mnt/h0/kb/data/external_drive/HCW_S2_23082021/Sorted_Files/2022-07-18/DI1_D4_TCW_18Jul20220.csv,TRUE,TRUE,raw_behavior_data/_iblrig_taskData.raw.jsonable,652,651,-6.1657776,-1
439,ZFM-03448,2022-07-19,DA,fc9d1f13-6138-4ffa-97cf-5dcddc4274f7,probe07,Region6G,,0,,/mnt/h0/kb/data/one/mainenlab/Subjects/ZFM-03448/2022-07-19/001/raw_photometry_data/raw_photometry.csv,,/mnt/h0/kb/data/external_drive/HCW_S2_23082021/Sorted_Files/2022-07-19/DI0_D2_TCW_19Jul20220.csv,TRUE,TRUE,raw_behavior_data/_iblrig_taskData.raw.jsonable,847,846,-13.92308651,-1
440,ZFM-04019,2022-07-19,DA,f24c2389-1716-4827-a14c-3a11dee6a754,probe11,Region5G,,1,,/mnt/h0/kb/data/one/mainenlab/Subjects/ZFM-04019/2022-07-19/001/raw_photometry_data/raw_photometry.csv,,/mnt/h0/kb/data/external_drive/HCW_S2_23082021/Sorted_Files/2022-07-19/DI1_D5_TCW_19Jul20220.csv,TRUE,TRUE,raw_behavior_data/_iblrig_taskData.raw.jsonable,414,413,-14.64332772,-1
441,ZFM-04026,2022-07-19,DA,d2c9b9c1-28e1-47db-a165-54f822ba6c30,probe10,Region5G,,1,new,/mnt/h0/kb/data/one/mainenlab/Subjects/ZFM-04026/2022-07-19/003/raw_photometry_data/raw_photometry.csv,,/mnt/h0/kb/data/external_drive/HCW_S2_23082021/Sorted_Files/2022-07-19/DI1_D4_TCW_19Jul20220.csv,TRUE,TRUE,raw_behavior_data/_iblrig_taskData.raw.jsonable,873,858,-13.13427359,-15
442,ZFM-04392,2022-07-19,5HT,f8b7c1d7-afbb-41a7-a62a-1eb27d40838f,probe14,Region6G,,0,new,/mnt/h0/kb/data/one/mainenlab/Subjects/ZFM-04392/2022-07-19/002/raw_photometry_data/raw_photometry.csv,,/mnt/h0/kb/data/external_drive/HCW_S2_23082021/Sorted_Files/2022-07-19/DI0_S5_TCW_19Jul20220.csv,TRUE,TRUE,raw_behavior_data/_iblrig_taskData.raw.jsonable,398,397,-1.36591445,-1
443,ZFM-03448,2022-07-20,DA,1a17fceb-4852-41e9-9c84-9c0531dc6fb4,probe07,Region6G,,0,,/mnt/h0/kb/data/one/mainenlab/Subjects/ZFM-03448/2022-07-20/001/raw_photometry_data/raw_photometry.csv,,/mnt/h0/kb/data/external_drive/HCW_S2_23082021/Sorted_Files/2022-07-20/DI0_D2_TCW_20Jul20221.csv,TRUE,TRUE,raw_behavior_data/_iblrig_taskData.raw.jsonable,793,792,-4.985417551,-1
444,ZFM-04019,2022-07-20,DA,aa211f0c-94df-4f8a-9775-b8fcec3f5138,probe11,Region5G,,1,,/mnt/h0/kb/data/one/mainenlab/Subjects/ZFM-04019/2022-07-20/001/raw_photometry_data/raw_photometry.csv,,/mnt/h0/kb/data/external_drive/HCW_S2_23082021/Sorted_Files/2022-07-20/DI1_D5_TCW_20Jul20221.csv,TRUE,TRUE,raw_behavior_data/_iblrig_taskData.raw.jsonable,295,294,-7.028209939,-1
445,ZFM-04026,2022-07-20,DA,8af59882-3b50-4f1b-873c-46040587775b,probe10,Region6G,,1,,/mnt/h0/kb/data/one/mainenlab/Subjects/ZFM-04026/2022-07-20/002/raw_photometry_data/raw_photometry.csv,,/mnt/h0/kb/data/external_drive/HCW_S2_23082021/Sorted_Files/2022-07-20/DI1_D4_TCW_20Jul20220.csv,TRUE,TRUE,raw_behavior_data/_iblrig_taskData.raw.jsonable,758,755,-0.02455480357,-3
446,ZFM-04392,2022-07-20,5HT,b46fed22-974a-448b-854f-9ca7731a10c2,probe14,Region5G,,0,new,/mnt/h0/kb/data/one/mainenlab/Subjects/ZFM-04392/2022-07-20/002/raw_photometry_data/raw_photometry.csv,,/mnt/h0/kb/data/external_drive/HCW_S2_23082021/Sorted_Files/2022-07-20/DI0_S5_TCW_20Jul20220.csv,TRUE,TRUE,raw_behavior_data/_iblrig_taskData.raw.jsonable,328,327,-9.588115811,-1
447,ZFM-03448,2022-07-21,DA,fc6d3c69-d34c-4a67-a411-9a7cea755d13,probe07,Region6G,,0,,/mnt/h0/kb/data/one/mainenlab/Subjects/ZFM-03448/2022-07-21/001/raw_photometry_data/raw_photometry.csv,,/mnt/h0/kb/data/external_drive/HCW_S2_23082021/Sorted_Files/2022-07-21/DI0_D2_TCW_21Jul20220.csv,TRUE,TRUE,raw_behavior_data/_iblrig_taskData.raw.jsonable,327,326,-4.547966197,-1
448,ZFM-04022,2022-07-21,DA,8f62399f-e198-47d7-9bec-1d6e475ffc46,probe12,Region5G,,0,new,/mnt/h0/kb/data/one/mainenlab/Subjects/ZFM-04022/2022-07-21/001/raw_photometry_data/raw_photometry.csv,,/mnt/h0/kb/data/external_drive/HCW_S2_23082021/Sorted_Files/2022-07-21/DI0_D6_TCW_21Jul20220.csv,TRUE,TRUE,raw_behavior_data/_iblrig_taskData.raw.jsonable,920,919,-7.845268213,-1
449,ZFM-04022,2022-07-21,DA,8f62399f-e198-47d7-9bec-1d6e475ffc46,probe13,Region6G,,0,,/mnt/h0/kb/data/one/mainenlab/Subjects/ZFM-04022/2022-07-21/001/raw_photometry_data/raw_photometry.csv,,/mnt/h0/kb/data/external_drive/HCW_S2_23082021/Sorted_Files/2022-07-21/DI0_D6_TCW_21Jul20220.csv,TRUE,TRUE,raw_behavior_data/_iblrig_taskData.raw.jsonable,920,919,-7.845268213,-1
450,ZFM-04026,2022-07-21,DA,5a4cd1ef-d734-4f27-a23b-61229e8f3593,probe10,Region5G,,1,,/mnt/h0/kb/data/one/mainenlab/Subjects/ZFM-04026/2022-07-21/001/raw_photometry_data/raw_photometry.csv,,/mnt/h0/kb/data/external_drive/HCW_S2_23082021/Sorted_Files/2022-07-21/DI1_D4_TCW_21Jul20220.csv,TRUE,TRUE,raw_behavior_data/_iblrig_taskData.raw.jsonable,581,581,-12.46691025,0
451,ZFM-03448,2022-07-22,DA,ac67f0cb-ac9e-4945-86b9-f63a67362284,probe07,Region6G,,0,,/mnt/h0/kb/data/one/mainenlab/Subjects/ZFM-03448/2022-07-22/001/raw_photometry_data/raw_photometry.csv,,/mnt/h0/kb/data/external_drive/HCW_S2_23082021/Sorted_Files/2022-07-22/DI0_D2_TCW_22Jul20220.csv,TRUE,TRUE,raw_behavior_data/_iblrig_taskData.raw.jsonable,635,634,-7.920377228,-1
452,ZFM-04022,2022-07-22,DA,f930de5b-41d4-4bd7-9a54-8ae4f81b99f7,probe13,Region5G,,0,,/mnt/h0/kb/data/one/mainenlab/Subjects/ZFM-04022/2022-07-22/001/raw_photometry_data/raw_photometry.csv,,/mnt/h0/kb/data/external_drive/HCW_S2_23082021/Sorted_Files/2022-07-22/DI0_D6_TCW_22Jul20220.csv,TRUE,TRUE,raw_behavior_data/_iblrig_taskData.raw.jsonable,969,968,-14.55376934,-1
453,ZFM-04022,2022-07-22,DA,f930de5b-41d4-4bd7-9a54-8ae4f81b99f7,probe12,Region6G,,0,new,/mnt/h0/kb/data/one/mainenlab/Subjects/ZFM-04022/2022-07-22/001/raw_photometry_data/raw_photometry.csv,,/mnt/h0/kb/data/external_drive/HCW_S2_23082021/Sorted_Files/2022-07-22/DI0_D6_TCW_22Jul20220.csv,TRUE,TRUE,raw_behavior_data/_iblrig_taskData.raw.jsonable,969,968,-14.55376934,-1
454,ZFM-04026,2022-07-22,DA,91ffdde6-b175-4ae0-ad18-0f6ec19405e5,probe10,Region5G,,1,,/mnt/h0/kb/data/one/mainenlab/Subjects/ZFM-04026/2022-07-22/001/raw_photometry_data/raw_photometry.csv,,/mnt/h0/kb/data/external_drive/HCW_S2_23082021/Sorted_Files/2022-07-22/DI1_D4_TCW_22Jul20220.csv,TRUE,TRUE,raw_behavior_data/_iblrig_taskData.raw.jsonable,,,,
455,ZFM-04392,2022-07-22,5HT,927a971d-f814-4818-b68e-6934077f1ab6,probe14,Region5G,,0,new,/mnt/h0/kb/data/one/mainenlab/Subjects/ZFM-04392/2022-07-22/002/raw_photometry_data/raw_photometry.csv,,/mnt/h0/kb/data/external_drive/HCW_S2_23082021/Sorted_Files/2022-07-22/DI0_S5_TCW_22Jul20220.csv,TRUE,TRUE,raw_behavior_data/_iblrig_taskData.raw.jsonable,215,214,-10.55763512,-1
456,ZFM-04534,2022-07-22,NE,ce52f37b-006e-4583-ba68-23a5d43c7923,probe18,Region6G,,1,no photometry,/mnt/h0/kb/data/one/mainenlab/Subjects/ZFM-04534/2022-07-22/002/raw_photometry_data/raw_photometry.csv,,/mnt/h0/kb/data/external_drive/HCW_S2_23082021/Sorted_Files/2022-07-22/DI1_N2_TCW_22Jul20220.csv,TRUE,TRUE,raw_behavior_data/_iblrig_taskData.raw.jsonable,776,774,-6.25734439,-2
457,ZFM-03448,2022-07-25,DA,c62e967d-642d-4ada-b291-0f6ab38f8b49,probe07,Region5G,,0,,/mnt/h0/kb/data/one/mainenlab/Subjects/ZFM-03448/2022-07-25/001/raw_photometry_data/raw_photometry.csv,,/mnt/h0/kb/data/external_drive/HCW_S2_23082021/Sorted_Files/2022-07-25/DI0_D2_TCW_25Jul20220.csv,TRUE,TRUE,raw_behavior_data/_iblrig_taskData.raw.jsonable,424,423,-8.983194708,-1
458,ZFM-04019,2022-07-25,DA,68270221-4c79-489c-8d5e-ed859970954c,probe11,Region6G,,1,,/mnt/h0/kb/data/one/mainenlab/Subjects/ZFM-04019/2022-07-25/001/raw_photometry_data/raw_photometry.csv,,/mnt/h0/kb/data/external_drive/HCW_S2_23082021/Sorted_Files/2022-07-25/DI1_D5_TCW_25Jul20220.csv,TRUE,TRUE,raw_behavior_data/_iblrig_taskData.raw.jsonable,204,203,-9.693516373,-1
459,ZFM-04026,2022-07-25,DA,78bbffca-cd76-4f00-9c73-9dc2a528ac62,probe10,Region5G,,1,,/mnt/h0/kb/data/one/mainenlab/Subjects/ZFM-04026/2022-07-25/001/raw_photometry_data/raw_photometry.csv,,/mnt/h0/kb/data/external_drive/HCW_S2_23082021/Sorted_Files/2022-07-25/DI1_D4_TCW_25Jul20220.csv,TRUE,TRUE,raw_behavior_data/_iblrig_taskData.raw.jsonable,149,148,-11.40982533,-1
460,ZFM-04392,2022-07-25,5HT,2048d4be-7510-428a-93eb-c581306cfa6c,probe14,Region6G,,0,new,/mnt/h0/kb/data/one/mainenlab/Subjects/ZFM-04392/2022-07-25/001/raw_photometry_data/raw_photometry.csv,,/mnt/h0/kb/data/external_drive/HCW_S2_23082021/Sorted_Files/2022-07-25/DI0_S5_TCW_25Jul20220.csv,TRUE,TRUE,raw_behavior_data/_iblrig_taskData.raw.jsonable,290,289,-1.45421112,-1
461,ZFM-04019,2022-07-26,DA,9114002e-9a3e-429f-94b9-28ed5d1a5c74,probe11,Region5G,,1,,/mnt/h0/kb/data/one/mainenlab/Subjects/ZFM-04019/2022-07-26/001/raw_photometry_data/raw_photometry.csv,,/mnt/h0/kb/data/external_drive/HCW_S2_23082021/Sorted_Files/2022-07-26/DI1_D5_TCW_26Jul20220.csv,TRUE,TRUE,raw_behavior_data/_iblrig_taskData.raw.jsonable,564,563,-8.78905736,-1
462,ZFM-04022,2022-07-26,DA,bc7a39b5-0e99-41e0-ba01-03a1380e1237,probe12,Region5G,,0,new,/mnt/h0/kb/data/one/mainenlab/Subjects/ZFM-04022/2022-07-26/002/raw_photometry_data/raw_photometry.csv,,/mnt/h0/kb/data/external_drive/HCW_S2_23082021/Sorted_Files/2022-07-26/DI0_D6_TCW_26Jul20220.csv,TRUE,TRUE,raw_behavior_data/_iblrig_taskData.raw.jsonable,557,556,-13.9405933,-1
463,ZFM-04022,2022-07-26,DA,bc7a39b5-0e99-41e0-ba01-03a1380e1237,probe13,Region6G,,0,,/mnt/h0/kb/data/one/mainenlab/Subjects/ZFM-04022/2022-07-26/002/raw_photometry_data/raw_photometry.csv,,/mnt/h0/kb/data/external_drive/HCW_S2_23082021/Sorted_Files/2022-07-26/DI0_D6_TCW_26Jul20220.csv,TRUE,TRUE,raw_behavior_data/_iblrig_taskData.raw.jsonable,557,556,-13.9405933,-1
464,ZFM-04026,2022-07-26,DA,0ffc12d9-6d44-443d-8e6b-2c1339b654fb,probe10,Region5G,,1,,/mnt/h0/kb/data/one/mainenlab/Subjects/ZFM-04026/2022-07-26/001/raw_photometry_data/raw_photometry.csv,,/mnt/h0/kb/data/external_drive/HCW_S2_23082021/Sorted_Files/2022-07-26/DI1_D4_TCW_26Jul20220.csv,TRUE,TRUE,raw_behavior_data/_iblrig_taskData.raw.jsonable,476,476,0.4940340519,0
465,ZFM-04392,2022-07-26,5HT,5b32bfcb-5736-4b14-911b-fb68809e8dd5,probe14,Region6G,,0,new,/mnt/h0/kb/data/one/mainenlab/Subjects/ZFM-04392/2022-07-26/001/raw_photometry_data/raw_photometry.csv,,/mnt/h0/kb/data/external_drive/HCW_S2_23082021/Sorted_Files/2022-07-26/DI0_S5_TCW_26Jul20220.csv,TRUE,TRUE,raw_behavior_data/_iblrig_taskData.raw.jsonable,566,565,-12.07863364,-1
466,ZFM-04533,2022-07-26,NE,9f2406f1-2f03-4f39-b134-bba8b2f436f8,probe17,Region6G,,0,,/mnt/h0/kb/data/one/mainenlab/Subjects/ZFM-04533/2022-07-26/001/raw_photometry_data/raw_photometry.csv,,/mnt/h0/kb/data/external_drive/HCW_S2_23082021/Sorted_Files/2022-07-26/DI0_N1_TCW_26Jul20220.csv,TRUE,TRUE,raw_behavior_data/_iblrig_taskData.raw.jsonable,418,254,-14.66750172,-164
467,ZFM-04019,2022-07-27,DA,04482c20-f984-4d90-97d6-6791bae1e6f7,probe11,Region5G,,1,,/mnt/h0/kb/data/one/mainenlab/Subjects/ZFM-04019/2022-07-27/001/raw_photometry_data/raw_photometry.csv,,/mnt/h0/kb/data/external_drive/HCW_S2_23082021/Sorted_Files/2022-07-27/DI1_D5_TCW_27Jul20220.csv,TRUE,TRUE,raw_behavior_data/_iblrig_taskData.raw.jsonable,681,681,-3.170972489,0
468,ZFM-04022,2022-07-27,DA,f0ebdfe3-15dd-4f71-b35e-aea6400b2b8b,probe12,Region5G,,0,new,/mnt/h0/kb/data/one/mainenlab/Subjects/ZFM-04022/2022-07-27/003/raw_photometry_data/raw_photometry.csv,,/mnt/h0/kb/data/external_drive/HCW_S2_23082021/Sorted_Files/2022-07-27/DI0_D6_TCW_27Jul20220.csv,TRUE,TRUE,raw_behavior_data/_iblrig_taskData.raw.jsonable,787,786,-9.794096852,-1
469,ZFM-04022,2022-07-27,DA,f0ebdfe3-15dd-4f71-b35e-aea6400b2b8b,probe13,Region6G,,0,new,/mnt/h0/kb/data/one/mainenlab/Subjects/ZFM-04022/2022-07-27/003/raw_photometry_data/raw_photometry.csv,,/mnt/h0/kb/data/external_drive/HCW_S2_23082021/Sorted_Files/2022-07-27/DI0_D6_TCW_27Jul20220.csv,TRUE,TRUE,raw_behavior_data/_iblrig_taskData.raw.jsonable,787,786,-9.794096852,-1
470,ZFM-04026,2022-07-27,DA,296c7e55-e338-43f2-b5bb-2ad6e0c52436,probe10,Region6G,,1,,/mnt/h0/kb/data/one/mainenlab/Subjects/ZFM-04026/2022-07-27/001/raw_photometry_data/raw_photometry.csv,,/mnt/h0/kb/data/external_drive/HCW_S2_23082021/Sorted_Files/2022-07-27/DI1_D4_TCW_27Jul20220.csv,TRUE,TRUE,raw_behavior_data/_iblrig_taskData.raw.jsonable,534,533,-15.35498573,-1
471,ZFM-04392,2022-07-27,5HT,a1b3d18a-41f3-4b57-9c2f-f9e205841764,probe14,Region5G,,0,new,/mnt/h0/kb/data/one/mainenlab/Subjects/ZFM-04392/2022-07-27/001/raw_photometry_data/raw_photometry.csv,,/mnt/h0/kb/data/external_drive/HCW_S2_23082021/Sorted_Files/2022-07-27/DI0_S5_TCW_27Jul20220.csv,TRUE,TRUE,raw_behavior_data/_iblrig_taskData.raw.jsonable,329,328,-2.729529073,-1
472,ZFM-04533,2022-07-27,NE,9e1ef756-123c-40a8-9fb1-32b1558cd98b,probe17,Region6G,,0,,/mnt/h0/kb/data/one/mainenlab/Subjects/ZFM-04533/2022-07-27/001/raw_photometry_data/raw_photometry.csv,,/mnt/h0/kb/data/external_drive/HCW_S2_23082021/Sorted_Files/2022-07-27/DI0_N1_TCW_27Jul20220.csv,TRUE,TRUE,raw_behavior_data/_iblrig_taskData.raw.jsonable,532,531,-18.1064292,-1
473,ZFM-04019,2022-07-28,DA,f69347b3-5b5b-4032-b5ea-a4667be6b17b,probe11,Region5G,,1,,/mnt/h0/kb/data/one/mainenlab/Subjects/ZFM-04019/2022-07-28/001/raw_photometry_data/raw_photometry.csv,,/mnt/h0/kb/data/external_drive/HCW_S2_23082021/Sorted_Files/2022-07-28/DI1_D5_TCW_28Jul20220.csv,TRUE,TRUE,raw_behavior_data/_iblrig_taskData.raw.jsonable,830,829,-12.05129818,-1
474,ZFM-04022,2022-07-28,DA,45335143-4cdb-4f55-bda3-3d2046b6b7e7,probe12,Region5G,,0,new,/mnt/h0/kb/data/one/mainenlab/Subjects/ZFM-04022/2022-07-28/002/raw_photometry_data/raw_photometry.csv,,/mnt/h0/kb/data/external_drive/HCW_S2_23082021/Sorted_Files/2022-07-28/DI0_D6_TCW_28Jul20220.csv,TRUE,TRUE,raw_behavior_data/_iblrig_taskData.raw.jsonable,684,683,-9.365333909,-1
475,ZFM-04022,2022-07-28,DA,45335143-4cdb-4f55-bda3-3d2046b6b7e7,probe13,Region6G,,0,,/mnt/h0/kb/data/one/mainenlab/Subjects/ZFM-04022/2022-07-28/002/raw_photometry_data/raw_photometry.csv,,/mnt/h0/kb/data/external_drive/HCW_S2_23082021/Sorted_Files/2022-07-28/DI0_D6_TCW_28Jul20220.csv,TRUE,TRUE,raw_behavior_data/_iblrig_taskData.raw.jsonable,684,683,-9.365333909,-1
476,ZFM-04026,2022-07-28,DA,990aff49-5e4b-4b75-a597-3b4dd3b29720,probe10,Region5G,,1,,/mnt/h0/kb/data/one/mainenlab/Subjects/ZFM-04026/2022-07-28/001/raw_photometry_data/raw_photometry.csv,,/mnt/h0/kb/data/external_drive/HCW_S2_23082021/Sorted_Files/2022-07-28/DI1_D4_TCW_28Jul20220.csv,TRUE,TRUE,raw_behavior_data/_iblrig_taskData.raw.jsonable,850,849,-1.280579487,-1
477,ZFM-04392,2022-07-28,5HT,c8406da0-92d7-453d-b137-cd114f52fb16,probe14,Region6G,,0,new,/mnt/h0/kb/data/one/mainenlab/Subjects/ZFM-04392/2022-07-28/001/raw_photometry_data/raw_photometry.csv,,/mnt/h0/kb/data/external_drive/HCW_S2_23082021/Sorted_Files/2022-07-28/DI0_S5_TCW_28Jul20220.csv,TRUE,TRUE,raw_behavior_data/_iblrig_taskData.raw.jsonable,495,494,7.439647393,-1
478,ZFM-04533,2022-07-28,NE,ec3dff4e-7d64-48c1-90a7-a35aeeb33f88,probe17,Region6G,,0,,/mnt/h0/kb/data/one/mainenlab/Subjects/ZFM-04533/2022-07-28/001/raw_photometry_data/raw_photometry.csv,,/mnt/h0/kb/data/external_drive/HCW_S2_23082021/Sorted_Files/2022-07-28/DI0_N1_TCW_28Jul20220.csv,TRUE,TRUE,raw_behavior_data/_iblrig_taskData.raw.jsonable,740,739,-2.079797081,-1
479,ZFM-04019,2022-07-29,DA,4649407f-6f77-4edc-977b-a3a017f08f22,probe11,Region5G,,1,,/mnt/h0/kb/data/one/mainenlab/Subjects/ZFM-04019/2022-07-29/001/raw_photometry_data/raw_photometry.csv,,/mnt/h0/kb/data/external_drive/HCW_S2_23082021/Sorted_Files/2022-07-29/DI1_D5_TCW_29Jul20220.csv,TRUE,TRUE,raw_behavior_data/_iblrig_taskData.raw.jsonable,835,834,-9.565647362,-1
480,ZFM-04022,2022-07-29,DA,3dffc578-3fa8-4d01-b0df-a61a5593be46,probe13,Region5G,,0,,/mnt/h0/kb/data/one/mainenlab/Subjects/ZFM-04022/2022-07-29/001/raw_photometry_data/raw_photometry.csv,,/mnt/h0/kb/data/external_drive/HCW_S2_23082021/Sorted_Files/2022-07-29/DI0_D6_TCW_29Jul20220.csv,TRUE,TRUE,raw_behavior_data/_iblrig_taskData.raw.jsonable,688,687,-6.273706888,-1
481,ZFM-04022,2022-07-29,DA,3dffc578-3fa8-4d01-b0df-a61a5593be46,probe12,Region6G,,0,,/mnt/h0/kb/data/one/mainenlab/Subjects/ZFM-04022/2022-07-29/001/raw_photometry_data/raw_photometry.csv,,/mnt/h0/kb/data/external_drive/HCW_S2_23082021/Sorted_Files/2022-07-29/DI0_D6_TCW_29Jul20220.csv,TRUE,TRUE,raw_behavior_data/_iblrig_taskData.raw.jsonable,688,687,-6.273706888,-1
482,ZFM-04026,2022-07-29,DA,24f07e1c-d027-4275-8ce5-c8a21800fcf6,probe10,Region5G,,1,,/mnt/h0/kb/data/one/mainenlab/Subjects/ZFM-04026/2022-07-29/001/raw_photometry_data/raw_photometry.csv,,/mnt/h0/kb/data/external_drive/HCW_S2_23082021/Sorted_Files/2022-07-29/DI1_D4_TCW_29Jul20220.csv,TRUE,TRUE,raw_behavior_data/_iblrig_taskData.raw.jsonable,845,844,-16.95503449,-1
483,ZFM-04392,2022-07-29,5HT,7daf84bd-3ad7-47bd-b877-2843313713e5,probe14,Region6G,,0,new,/mnt/h0/kb/data/one/mainenlab/Subjects/ZFM-04392/2022-07-29/001/raw_photometry_data/raw_photometry.csv,,/mnt/h0/kb/data/external_drive/HCW_S2_23082021/Sorted_Files/2022-07-29/DI0_S5_TCW_29Jul20220.csv,TRUE,TRUE,raw_behavior_data/_iblrig_taskData.raw.jsonable,752,751,1.256958014,-1
484,ZFM-04019,2022-08-02,DA,699dc94d-e141-42d7-afa5-ab9a1fa000f8,probe11,Region5G,,1,,/mnt/h0/kb/data/one/mainenlab/Subjects/ZFM-04019/2022-08-02/001/raw_photometry_data/raw_photometry.csv,,/mnt/h0/kb/data/external_drive/HCW_S2_23082021/Sorted_Files/2022-08-02/DI1_D5_TCW_02Aug20220.csv,TRUE,TRUE,raw_behavior_data/_iblrig_taskData.raw.jsonable,565,564,-2.734111956,-1
485,ZFM-04026,2022-08-02,DA,4bd1973d-8d44-4843-85dd-d672ed2a3329,probe10,Region6G,,0,,/mnt/h0/kb/data/one/mainenlab/Subjects/ZFM-04026/2022-08-02/001/raw_photometry_data/raw_photometry.csv,,/mnt/h0/kb/data/external_drive/HCW_S2_23082021/Sorted_Files/2022-08-02/DI0_D4_TCW_02Aug20220.csv,TRUE,TRUE,raw_behavior_data/_iblrig_taskData.raw.jsonable,785,785,-7.012039343,0
486,ZFM-04392,2022-08-02,5HT,32358ab3-eed4-46f7-9f3c-fab5f3aa6029,probe14,Region5G,,1,new,/mnt/h0/kb/data/one/mainenlab/Subjects/ZFM-04392/2022-08-02/001/raw_photometry_data/raw_photometry.csv,,/mnt/h0/kb/data/external_drive/HCW_S2_23082021/Sorted_Files/2022-08-02/DI1_S5_TCW_02Aug20220.csv,TRUE,TRUE,raw_behavior_data/_iblrig_taskData.raw.jsonable,265,264,-13.01371261,-1
487,ZFM-04533,2022-08-02,NE,5791db3b-4911-4c8f-ae5e-1d6cc2ff586e,probe17,Region6G,0,0,,/mnt/h0/kb/data/one/mainenlab/Subjects/ZFM-04533/2022-08-02/001/raw_photometry_data/raw_photometry.csv,,/mnt/h0/kb/data/external_drive/HCW_S2_23082021/Sorted_Files/2022-08-02/DI0_N1_TCW_02Aug20220.csv,TRUE,TRUE,raw_behavior_data/_iblrig_taskData.raw.jsonable,483,482,-17.89287124,-1
488,ZFM-04019,2022-08-03,DA,1c9d6859-0acd-4e41-9def-a9a08384c18f,probe11,Region6G,,1,,/mnt/h0/kb/data/one/mainenlab/Subjects/ZFM-04019/2022-08-03/001/raw_photometry_data/raw_photometry.csv,,/mnt/h0/kb/data/external_drive/HCW_S2_23082021/Sorted_Files/2022-08-03/DI1_D5_TCW_03Aug20220.csv,TRUE,TRUE,raw_behavior_data/_iblrig_taskData.raw.jsonable,658,657,-8.485778705,-1
489,ZFM-04026,2022-08-03,DA,47fdea29-9505-4a41-892e-d1c15973c684,probe10,Region5G,,0,,/mnt/h0/kb/data/one/mainenlab/Subjects/ZFM-04026/2022-08-03/002/raw_photometry_data/raw_photometry.csv,,/mnt/h0/kb/data/external_drive/HCW_S2_23082021/Sorted_Files/2022-08-03/DI0_D4_TCW_03Aug20221.csv,TRUE,TRUE,raw_behavior_data/_iblrig_taskData.raw.jsonable,421,420,-10.12207925,-1
490,ZFM-04392,2022-08-03,5HT,23f01741-0bcf-4b91-b4bd-173db166fa80,probe14,Region5G,,1,,/mnt/h0/kb/data/one/mainenlab/Subjects/ZFM-04392/2022-08-03/001/raw_photometry_data/raw_photometry.csv,,/mnt/h0/kb/data/external_drive/HCW_S2_23082021/Sorted_Files/2022-08-03/DI1_S5_TCW_03Aug20221.csv,TRUE,TRUE,raw_behavior_data/_iblrig_taskData.raw.jsonable,423,93,-16.40431358,-330
491,ZFM-04533,2022-08-03,NE,a7cce7cd-ed48-4e6b-b3cb-47d760349ddf,probe17,Region5G,0,0,,/mnt/h0/kb/data/one/mainenlab/Subjects/ZFM-04533/2022-08-03/002/raw_photometry_data/raw_photometry.csv,,/mnt/h0/kb/data/external_drive/HCW_S2_23082021/Sorted_Files/2022-08-03/DI0_N1_TCW_03Aug20220.csv,TRUE,TRUE,raw_behavior_data/_iblrig_taskData.raw.jsonable,586,586,-2.191299747,0
492,ZFM-04019,2022-08-04,DA,b711e28f-607a-4662-bd2e-975f1a645820,probe11,Region6G,0,0,,/mnt/h0/kb/data/one/mainenlab/Subjects/ZFM-04019/2022-08-04/001/raw_photometry_data/raw_photometry.csv,/mnt/h0/kb/data/external_drive/HCW_S2_23082021/Sorted_Files/2022-08-04/PhotometryData_D5_N1_TCW_04Aug20220.csv',/mnt/h0/kb/data/external_drive/HCW_S2_23082021/Sorted_Files/2022-08-04/DI0_D4_TCW_04Aug20220.csv,TRUE,TRUE,raw_behavior_data/_iblrig_taskData.raw.jsonable,573,970,-13.0402819,397
493,ZFM-04026,2022-08-04,DA,e42f7261-aef4-45e9-8e73-030f26e39ceb,probe10,Region5G,1,0,,/mnt/h0/kb/data/one/mainenlab/Subjects/ZFM-04026/2022-08-04/001/raw_photometry_data/raw_photometry.csv,/mnt/h0/kb/data/external_drive/HCW_S2_23082021/Sorted_Files/2022-08-04/PhotometryData_N2_D4_TCW_04Aug20220.csv',/mnt/h0/kb/data/external_drive/HCW_S2_23082021/Sorted_Files/2022-08-04/DI0_D4_TCW_04Aug20220.csv,TRUE,TRUE,raw_behavior_data/_iblrig_taskData.raw.jsonable,573,572,-6.653544183,-1
494,ZFM-04533,2022-08-04,NE,f9743f82-6829-49cf-827d-76433a09d67e,probe17,Region5G,0,0,,/mnt/h0/kb/data/one/mainenlab/Subjects/ZFM-04533/2022-08-04/001/raw_photometry_data/raw_photometry.csv,/mnt/h0/kb/data/external_drive/HCW_S2_23082021/Sorted_Files/2022-08-04/PhotometryData_D5_N1_TCW_04Aug20220.csv',/mnt/h0/kb/data/external_drive/HCW_S2_23082021/Sorted_Files/2022-08-04/DI0_N1_TCW_04Aug20220.csv,TRUE,TRUE,raw_behavior_data/_iblrig_taskData.raw.jsonable,676,675,-1.15658518,-1
495,ZFM-04534,2022-08-04,NE,804df770-60c0-451a-8ba6-097c4eaf6b5e,probe18,Region6G,1,1,,/mnt/h0/kb/data/one/mainenlab/Subjects/ZFM-04534/2022-08-04/001/raw_photometry_data/raw_photometry.csv,/mnt/h0/kb/data/external_drive/HCW_S2_23082021/Sorted_Files/2022-08-04/PhotometryData_N2_D4_TCW_04Aug20220.csv',/mnt/h0/kb/data/external_drive/HCW_S2_23082021/Sorted_Files/2022-08-04/DI1_N2_TCW_04Aug20220.csv,TRUE,TRUE,raw_behavior_data/_iblrig_taskData.raw.jsonable,834,833,-4.742056107,-1
496,ZFM-04022,2022-09-07,DA,b8ce4c29-0405-46e7-ba81-9595bb98695d,probe12,Region3G,0,0,new,/mnt/h0/kb/data/external_drive/2022-09-07/raw_photometry0.csv,,/mnt/h0/kb/data/external_drive/2022-09-07/bonsai_DI00.csv,TRUE,TRUE,raw_behavior_data/_iblrig_taskData.raw.jsonable,435,434,-5.92560242,-1
497,ZFM-04022,2022-09-08,DA,6158dd7a-d805-4a7d-9ce6-e92c4e1dfd7d,probe13,Region3G,0,0,new,/mnt/h0/kb/data/external_drive/2022-09-08/raw_photometry0.csv,,/mnt/h0/kb/data/external_drive/2022-09-08/bonsai_DI00.csv,TRUE,TRUE,raw_behavior_data/_iblrig_taskData.raw.jsonable,626,625,-21.51428629,-1
498,ZFM-04022,2022-09-09,DA,c7886822-b569-46e1-8bd5-fe0362ecdce0,probe13,Region3G,0,0,new,/mnt/h0/kb/data/external_drive/2022-09-09/raw_photometry0.csv,,/mnt/h0/kb/data/external_drive/2022-09-09/bonsai_DI00.csv,TRUE,TRUE,raw_behavior_data/_iblrig_taskData.raw.jsonable,892,891,-2.368849575,-1
499,ZFM-04392,2022-09-09,5HT,65047bce-2adf-4769-b1ad-c55418fa0269,probe16,Region4G,1,0,new,/mnt/h0/kb/data/external_drive/2022-09-09/raw_photometry1.csv,,/mnt/h0/kb/data/external_drive/2022-09-09/bonsai_DI01.csv,TRUE,TRUE,raw_behavior_data/_iblrig_taskData.raw.jsonable,610,610,-11.92738612,0
500,ZFM-04019,2022-09-15,DA,ebb0a831-5c1d-453b-8d0b-923c0eae9929,probe11,Region3G,1,0,,/mnt/h0/kb/data/one/mainenlab/Subjects/ZFM-04019/2022-09-15/001/raw_photometry_data/raw_photometry.csv,,/mnt/h0/kb/data/external_drive/2022-09-15/bonsai_DI01.csv,TRUE,TRUE,raw_behavior_data/_iblrig_taskData.raw.jsonable,950,949,-13.80255467,-1
501,ZFM-04019,2022-09-16,DA,69544b1b-7788-4b41-8cad-2d56d5958526,probe11,Region3G,1,0,,/mnt/h0/kb/data/one/mainenlab/Subjects/ZFM-04019/2022-09-16/001/raw_photometry_data/raw_photometry.csv,,/mnt/h0/kb/data/external_drive/2022-09-16/bonsai_DI01.csv,TRUE,TRUE,raw_behavior_data/_iblrig_taskData.raw.jsonable,976,975,3.956393077,-1
502,ZFM-04019,2022-09-21,DA,80bcab5a-20fd-4cc5-8a0e-e1e0149da372,probe11,Region3G,1,0,,/mnt/h0/kb/data/one/mainenlab/Subjects/ZFM-04019/2022-09-21/001/raw_photometry_data/raw_photometry.csv,,/mnt/h0/kb/data/external_drive/2022-09-21/bonsai_DI01.csv,TRUE,TRUE,raw_behavior_data/_iblrig_taskData.raw.jsonable,682,681,-7.090511776,-1
503,ZFM-04533,2022-09-21,NE,2fe3147b-1532-4232-80ba-4015b692c588,probe17,Region3G,0,0,,/mnt/h0/kb/data/one/mainenlab/Subjects/ZFM-04533/2022-09-21/006/raw_photometry_data/raw_photometry.csv,,/mnt/h0/kb/data/external_drive/2022-09-21/bonsai_DI00.csv,TRUE,TRUE,raw_behavior_data/_iblrig_taskData.raw.jsonable,516,515,-13.81353236,-1
504,ZFM-04533,2022-09-22,NE,6eed995a-1203-4463-87a6-4dff9a165ef5,probe17,Region3G,0,0,,/mnt/h0/kb/data/external_drive/2022-09-22/raw_photometry0.csv,,/mnt/h0/kb/data/external_drive/2022-09-22/bonsai_DI00.csv,TRUE,TRUE,raw_behavior_data/_iblrig_taskData.raw.jsonable,32,608,-141.4183855,576
505,ZFM-05236,2022-11-05,5HT,1b0153c8-834f-47d0-8276-4a880e695f17,probe21,Region3G,3,0,,/mnt/h0/kb/data/external_drive/2022-11-05/raw_photometry3.csv,,/mnt/h0/kb/data/external_drive/2022-11-05/bonsai_DI03.csv,TRUE,TRUE,raw_behavior_data/_iblrig_taskData.raw.jsonable,152,126,-9.224037085,-26
506,ZFM-05235,2022-11-07,5HT,b754b022-3d57-4ca5-91de-960fdf2ecd12,probe20,Region3G,0,0,,/mnt/h0/kb/data/one/mainenlab/Subjects/ZFM-05235/2022-11-07/001/raw_photometry_data/raw_photometry.csv,,/mnt/h0/kb/data/external_drive/2022-11-07/bonsai_DI00.csv,TRUE,TRUE,raw_behavior_data/_iblrig_taskData.raw.jsonable,90,89,-8.727779819,-1
507,ZFM-05236,2022-11-07,5HT,dd7055c8-ed7f-4883-91d2-31d48653da06,probe21,Region3G,1,0,,/mnt/h0/kb/data/one/mainenlab/Subjects/ZFM-05236/2022-11-07/001/raw_photometry_data/raw_photometry.csv,,/mnt/h0/kb/data/external_drive/2022-11-07/bonsai_DI01.csv,TRUE,TRUE,raw_behavior_data/_iblrig_taskData.raw.jsonable,126,125,-23.20428657,-1
508,ZFM-05248,2022-11-07,5HT,b1c2122a-29a2-483a-aad3-0361d4d94d67,probe23,Region4G,1,1,,/mnt/h0/kb/data/one/mainenlab/Subjects/ZFM-05248/2022-11-07/002/raw_photometry_data/raw_photometry.csv,/mnt/h0/kb/data/external_drive/2022-11-07/raw_photometry1.csv,/mnt/h0/kb/data/external_drive/2022-11-07/bonsai_DI11.csv,TRUE,TRUE,raw_behavior_data/_iblrig_taskData.raw.jsonable,175,173,11.32404685,-2
510,ZFM-05236,2022-11-22,5HT,f27e4ce3-dafd-41af-a7b7-7add3c333953,probe21,Region3G,1,0,there is a photometry file before this one marked as NOTASK - maybe just the signal of these 2 mice without any task - /mnt/h0/kb/data/external_drive/2022-11-22/raw_photometry1_NOTASK_S7S12.csv,/mnt/h0/kb/data/external_drive/2022-11-22/raw_photometry2.csv,,/mnt/h0/kb/data/external_drive/2022-11-22/bonsai_DI02.csv,TRUE,TRUE,raw_behavior_data/_iblrig_taskData.raw.jsonable,142,141,-4.215429125,-1
511,ZFM-05248,2022-11-22,5HT,5b9592ff-1274-413c-a706-7aa1052baba2,probe23,Region4G,1,1,there is a photometry file before this one marked as NOTASK - maybe just the signal of these 2 mice without any task - /mnt/h0/kb/data/external_drive/2022-11-22/raw_photometry1_NOTASK_S7S12.csv,/mnt/h0/kb/data/external_drive/2022-11-22/raw_photometry2.csv,,/mnt/h0/kb/data/external_drive/2022-11-22/bonsai_DI12.csv,TRUE,TRUE,raw_behavior_data/_iblrig_taskData.raw.jsonable,159,159,-15.1249734,0
512,ZFM-05235,2022-11-23,5HT,d8bdd219-f470-44a7-a7d4-e89ddf904fe2,probe20,Region3G,3,0,,/mnt/h0/kb/data/one/mainenlab/Subjects/ZFM-05235/2022-11-23/003/raw_photometry_data/raw_photometry.csv,,/mnt/h0/kb/data/external_drive/2022-11-23/bonsai_DI03.csv,TRUE,TRUE,raw_behavior_data/_iblrig_taskData.raw.jsonable,130,129,1.829362599,-1
513,ZFM-05236,2022-11-23,5HT,6e9883ff-c5c1-4594-a09f-f12cdca0e368,probe21,Region3G,5,0,,/mnt/h0/kb/data/one/mainenlab/Subjects/ZFM-05236/2022-11-23/002/raw_photometry_data/raw_photometry.csv,,/mnt/h0/kb/data/external_drive/2022-11-23/bonsai_DI05.csv,TRUE,TRUE,raw_behavior_data/_iblrig_taskData.raw.jsonable,166,165,-22.40883839,-1
514,ZFM-05245,2022-11-23,5HT,65450a0c-d955-443c-a651-377a6e485731,probe22,Region4G,6,1,,/mnt/h0/kb/data/one/mainenlab/Subjects/ZFM-05245/2022-11-23/001/raw_photometry_data/raw_photometry.csv,,/mnt/h0/kb/data/external_drive/2022-11-23/bonsai_DI16.csv,TRUE,TRUE,raw_behavior_data/_iblrig_taskData.raw.jsonable,235,234,-36.33341387,-1
515,ZFM-05248,2022-11-23,5HT,6c6020e4-84d4-468c-823b-02a23a342da2,probe23,Region4G,5,1,,/mnt/h0/kb/data/one/mainenlab/Subjects/ZFM-05248/2022-11-23/001/raw_photometry_data/raw_photometry.csv,,/mnt/h0/kb/data/external_drive/2022-11-23/bonsai_DI15.csv,TRUE,TRUE,raw_behavior_data/_iblrig_taskData.raw.jsonable,122,121,9.342372095,-1
516,ZFM-04019,2022-11-24,DA,ffb21d02-6b0a-4a90-a1a2-5a721bcfef7b,probe11,Region3G,2,1,,/mnt/h0/kb/data/external_drive/2022-11-24/raw_photometry2.csv',,/mnt/h0/kb/data/external_drive/2022-11-24/bonsai_DI12.csv,TRUE,TRUE,raw_behavior_data/_iblrig_taskData.raw.jsonable,772,803,1.88746607,31
517,ZFM-04533,2022-11-24,NE,315c9f43-b40b-4cdd-ba31-a05ebf0c4352,probe17,Region4G,3,1,,/mnt/h0/kb/data/one/mainenlab/Subjects/ZFM-04533/2022-11-24/001/raw_photometry_data/raw_photometry.csv,,/mnt/h0/kb/data/external_drive/2022-11-24/bonsai_DI13.csv,TRUE,TRUE,raw_behavior_data/_iblrig_taskData.raw.jsonable,1070,1069,-3.791243364,-1
518,ZFM-04534,2022-11-24,NE,e414d161-d742-4752-968b-983e240ac1c9,probe18,Region4G,2,0,,/mnt/h0/kb/data/one/mainenlab/Subjects/ZFM-04534/2022-11-24/001/raw_photometry_data/raw_photometry.csv,,/mnt/h0/kb/data/external_drive/2022-11-24/bonsai_DI02.csv,TRUE,TRUE,raw_behavior_data/_iblrig_taskData.raw.jsonable,496,495,-12.35641266,-1
519,ZFM-05235,2022-11-24,5HT,c779d086-cf45-4bfe-b1b7-04491ac9c3ef,probe20,Region3G,1,0,,/mnt/h0/kb/data/one/mainenlab/Subjects/ZFM-05235/2022-11-24/001/raw_photometry_data/raw_photometry.csv,,/mnt/h0/kb/data/external_drive/2022-11-24/bonsai_DI01.csv,TRUE,TRUE,raw_behavior_data/_iblrig_taskData.raw.jsonable,152,151,-2.542852198,-1
520,ZFM-05236,2022-11-24,5HT,4b1a9efb-a208-4bc4-a4aa-5ca6256db0fe,probe21,Region3G,1,1,,/mnt/h0/kb/data/one/mainenlab/Subjects/ZFM-05236/2022-11-24/001/raw_photometry_data/raw_photometry.csv,,/mnt/h0/kb/data/external_drive/2022-11-24/bonsai_DI11.csv,TRUE,TRUE,raw_behavior_data/_iblrig_taskData.raw.jsonable,178,255,5.639519808,77
521,ZFM-05245,2022-11-24,5HT,33a0110b-e4f4-46db-85cf-fd4838426da6,probe22,Region4G,1,1,,/mnt/h0/kb/data/one/mainenlab/Subjects/ZFM-05245/2022-11-24/001/raw_photometry_data/raw_photometry.csv,,/mnt/h0/kb/data/external_drive/2022-11-24/bonsai_DI11.csv,TRUE,TRUE,raw_behavior_data/_iblrig_taskData.raw.jsonable,178,177,-25.09820258,-1
522,ZFM-05248,2022-11-24,5HT,f8ac8eed-991a-44f5-95c9-802e4cf6c92b,probe23,Region4G,0,1,,/mnt/h0/kb/data/one/mainenlab/Subjects/ZFM-05248/2022-11-24/001/raw_photometry_data/raw_photometry.csv,,/mnt/h0/kb/data/external_drive/2022-11-24/bonsai_DI10.csv,TRUE,TRUE,raw_behavior_data/_iblrig_taskData.raw.jsonable,265,264,-4.862303967,-1
523,ZFM-04534,2022-11-25,NE,709b76e9-59f0-47e7-8709-156af58b9763,probe18,Region3G,1,0,,/mnt/h0/kb/data/external_drive/2022-11-25/raw_photometry1.csv,,/mnt/h0/kb/data/external_drive/2022-11-25/bonsai_DI01.csv,TRUE,TRUE,raw_behavior_data/_iblrig_taskData.raw.jsonable,566,747,-10.07983323,181
524,ZFM-05235,2022-11-25,5HT,0a8ad5c0-7490-4c99-b693-19110a65e18d,probe20,Region3G,3,0,,/mnt/h0/kb/data/one/mainenlab/Subjects/ZFM-05235/2022-11-25/001/raw_photometry_data/raw_photometry.csv,,/mnt/h0/kb/data/external_drive/2022-11-25/bonsai_DI03.csv,TRUE,TRUE,raw_behavior_data/_iblrig_taskData.raw.jsonable,213,212,-17.72501018,-1
525,ZFM-05236,2022-11-25,5HT,d6c0a1b8-2c34-4cd4-976c-ab384254ec66,probe21,Region3G,0,0,,/mnt/h0/kb/data/one/mainenlab/Subjects/ZFM-05236/2022-11-25/001/raw_photometry_data/raw_photometry.csv,,/mnt/h0/kb/data/external_drive/2022-11-25/bonsai_DI00.csv,TRUE,TRUE,raw_behavior_data/_iblrig_taskData.raw.jsonable,292,291,-5.514326217,-1
526,ZFM-05245,2022-11-25,5HT,47cd4e6f-1b25-43b0-aafd-c8e569856714,probe22,Region4G,3,1,,/mnt/h0/kb/data/one/mainenlab/Subjects/ZFM-05245/2022-11-25/001/raw_photometry_data/raw_photometry.csv,,/mnt/h0/kb/data/external_drive/2022-11-25/bonsai_DI13.csv,TRUE,TRUE,raw_behavior_data/_iblrig_taskData.raw.jsonable,389,389,-3.633240511,0
527,ZFM-05248,2022-11-25,5HT,cd80bc64-e2cf-402e-956a-edab95bcbbae,probe23,Region4G,0,1,,/mnt/h0/kb/data/one/mainenlab/Subjects/ZFM-05248/2022-11-25/001/raw_photometry_data/raw_photometry.csv,,/mnt/h0/kb/data/external_drive/2022-11-25/bonsai_DI10.csv,TRUE,TRUE,raw_behavior_data/_iblrig_taskData.raw.jsonable,262,262,-4.498292751,0
528,ZFM-05235,2022-11-28,5HT,30d7c4d9-444b-4206-929d-831513921ffc,probe20,Region3G,4,0,,/mnt/h0/kb/data/one/mainenlab/Subjects/ZFM-05235/2022-11-28/002/raw_photometry_data/raw_photometry.csv,,/mnt/h0/kb/data/external_drive/2022-11-28/bonsai_DI04.csv,TRUE,TRUE,raw_behavior_data/_iblrig_taskData.raw.jsonable,287,286,-17.78195323,-1
529,ZFM-05245,2022-11-28,5HT,cd1f41a1-0cc9-40b3-a386-807efc21e1f7,probe22,Region4G,4,1,,/mnt/h0/kb/data/one/mainenlab/Subjects/ZFM-05245/2022-11-28/001/raw_photometry_data/raw_photometry.csv,,/mnt/h0/kb/data/external_drive/2022-11-28/bonsai_DI14.csv,TRUE,TRUE,raw_behavior_data/_iblrig_taskData.raw.jsonable,777,776,-7.122236108,-1
530,ZFM-04022,2022-11-29,DA,65f90bf6-5124-430a-ab73-134ac6fb374f,probe13,Region3G,5,0,new,/mnt/h0/kb/data/one/mainenlab/Subjects/ZFM-04022/2022-11-29/001/raw_photometry_data/raw_photometry.csv,,/mnt/h0/kb/data/external_drive/2022-11-29/bonsai_DI05.csv,TRUE,TRUE,raw_behavior_data/_iblrig_taskData.raw.jsonable,617,616,-2.323276744,-1
531,ZFM-04022,2022-11-29,DA,65f90bf6-5124-430a-ab73-134ac6fb374f,probe12,Region4G,5,0,new,/mnt/h0/kb/data/one/mainenlab/Subjects/ZFM-04022/2022-11-29/001/raw_photometry_data/raw_photometry.csv,,/mnt/h0/kb/data/external_drive/2022-11-29/bonsai_DI05.csv,TRUE,TRUE,raw_behavior_data/_iblrig_taskData.raw.jsonable,617,616,-2.323276744,-1
532,ZFM-05235,2022-11-29,5HT,b5b9d6ac-bc86-49c4-96a4-e03de7f98f88,probe20,Region3G,4,0,,/mnt/h0/kb/data/one/mainenlab/Subjects/ZFM-05235/2022-11-29/001/raw_photometry_data/raw_photometry.csv,,/mnt/h0/kb/data/external_drive/2022-11-29/bonsai_DI04.csv,TRUE,TRUE,raw_behavior_data/_iblrig_taskData.raw.jsonable,513,316,3.111553725,-197
533,ZFM-05236,2022-11-29,5HT,4ef02143-d166-4efc-acc0-c9094d45f0a9,probe21,Region3G,2,0,,/mnt/h0/kb/data/one/mainenlab/Subjects/ZFM-05236/2022-11-29/003/raw_photometry_data/raw_photometry.csv,,/mnt/h0/kb/data/external_drive/2022-11-29/bonsai_DI02.csv,TRUE,TRUE,raw_behavior_data/_iblrig_taskData.raw.jsonable,336,335,-25.53206716,-1
534,ZFM-05245,2022-11-29,5HT,0eea87bb-2b4d-433f-8ae8-6bd689357cee,probe22,Region4G,4,1,,/mnt/h0/kb/data/external_drive/2022-11-29/raw_photometry4.csv,,/mnt/h0/kb/data/external_drive/2022-11-29/bonsai_DI14.csv,TRUE,TRUE,raw_behavior_data/_iblrig_taskData.raw.jsonable,733,817,-5.007633887,84
535,ZFM-04022,2022-11-30,DA,08abed98-45d6-4855-a9f5-0ffd770a63e8,probe12,Region3G,4,0,new,/mnt/h0/kb/data/external_drive/2022-11-30/raw_photometry4.csv',,/mnt/h0/kb/data/external_drive/2022-11-30/bonsai_DI04.csv,TRUE,TRUE,raw_behavior_data/_iblrig_taskData.raw.jsonable,790,120,24.97889056,-670
536,ZFM-04022,2022-11-30,DA,08abed98-45d6-4855-a9f5-0ffd770a63e8,probe13,Region4G,4,0,new,/mnt/h0/kb/data/external_drive/2022-11-30/raw_photometry4.csv',,/mnt/h0/kb/data/external_drive/2022-11-30/bonsai_DI04.csv,TRUE,TRUE,raw_behavior_data/_iblrig_taskData.raw.jsonable,790,120,24.97889056,-670
537,ZFM-04533,2022-11-30,NE,9818d32b-a108-4e6d-a0d0-2ee267003f1e,probe17,Region4G,1,1,,/mnt/h0/kb/data/one/mainenlab/Subjects/ZFM-04533/2022-11-30/001/raw_photometry_data/raw_photometry.csv,,/mnt/h0/kb/data/external_drive/2022-11-30/bonsai_DI11.csv,TRUE,TRUE,raw_behavior_data/_iblrig_taskData.raw.jsonable,640,639,7.157185167,-1
538,ZFM-04534,2022-11-30,NE,5ab4b741-6083-41b9-8ad3-5d052fc723d2,probe18,Region3G,1,0,,/mnt/h0/kb/data/one/mainenlab/Subjects/ZFM-04534/2022-11-30/001/raw_photometry_data/raw_photometry.csv,,/mnt/h0/kb/data/external_drive/2022-11-30/bonsai_DI01.csv,TRUE,TRUE,raw_behavior_data/_iblrig_taskData.raw.jsonable,476,475,-10.2513581,-1
539,ZFM-05235,2022-11-30,5HT,a6f5bdab-9cdb-439f-9d94-7e0f83439b33,probe20,Region3G,2,0,,/mnt/h0/kb/data/one/mainenlab/Subjects/ZFM-05235/2022-11-30/001/raw_photometry_data/raw_photometry.csv,,/mnt/h0/kb/data/external_drive/2022-11-30/bonsai_DI03.csv,TRUE,TRUE,raw_behavior_data/_iblrig_taskData.raw.jsonable,423,422,-7.75825612,-1
540,ZFM-05236,2022-11-30,5HT,3b3f2d89-94ed-4ca0-b060-404af091bd53,probe21,Region3G,0,0,,/mnt/h0/kb/data/one/mainenlab/Subjects/ZFM-05236/2022-11-30/001/raw_photometry_data/raw_photometry.csv,,/mnt/h0/kb/data/external_drive/2022-11-30/bonsai_DI00.csv,TRUE,TRUE,raw_behavior_data/_iblrig_taskData.raw.jsonable,378,378,-11.49153727,0
541,ZFM-05245,2022-11-30,5HT,0e5090dd-466b-45fa-aaba-34e40fe77d6e,probe22,Region4G,3,1,,/mnt/h0/kb/data/one/mainenlab/Subjects/ZFM-05245/2022-11-30/004/raw_photometry_data/raw_photometry.csv,,/mnt/h0/kb/data/external_drive/2022-11-30/bonsai_DI13.csv,TRUE,TRUE,raw_behavior_data/_iblrig_taskData.raw.jsonable,1097,1096,-4.148634508,-1
542,ZFM-05248,2022-11-30,5HT,5e36d10d-3bb9-418b-abce-68fc52581135,probe23,Region4G,0,1,,/mnt/h0/kb/data/one/mainenlab/Subjects/ZFM-05248/2022-11-30/004/raw_photometry_data/raw_photometry.csv,/mnt/h0/kb/data/external_drive/2022-11-30/raw_photometry0.csv,/mnt/h0/kb/data/external_drive/2022-11-30/bonsai_DI10.csv,TRUE,TRUE,raw_behavior_data/_iblrig_taskData.raw.jsonable,332,331,-20.3710965,-1
544,ZFM-04533,2022-12-12,NE,5f55f76c-8be1-4443-aac1-403969ad3b38,probe17,Region4G,0,1,,/mnt/h0/kb/data/one/mainenlab/Subjects/ZFM-04533/2022-12-12/001/raw_photometry_data/raw_photometry.csv,,/mnt/h0/kb/data/external_drive/2022-12-12/bonsai_DI10.csv,TRUE,TRUE,raw_behavior_data/_iblrig_taskData.raw.jsonable,160,159,-31.14408665,-1
545,ZFM-05236,2022-12-23,5HT,1590fbc8-8f3a-4cfe-b129-f70300941eaa,probe21,Region3G,0,0,,/mnt/h0/kb/data/one/mainenlab/Subjects/ZFM-05236/2022-12-23/001/raw_photometry_data/raw_photometry.csv,,/mnt/h0/kb/data/external_drive/2022-12-23/bonsai_DI00.csv,TRUE,TRUE,raw_behavior_data/_iblrig_taskData.raw.jsonable,292,291,-18.82456387,-1
546,ZFM-05245,2022-12-23,5HT,81fefda2-7ec3-4bec-87a9-29c9be28f9a5,probe22,Region4G,0,1,,/mnt/h0/kb/data/one/mainenlab/Subjects/ZFM-05245/2022-12-23/001/raw_photometry_data/raw_photometry.csv,,/mnt/h0/kb/data/external_drive/2022-12-23/bonsai_DI10.csv,TRUE,TRUE,raw_behavior_data/_iblrig_taskData.raw.jsonable,713,712,-4.52126991,-1
547,ZFM-04533,2022-12-24,NE,eafc9110-276d-4a55-8f23-5e21de257344,probe17,Region4G,2,1,,/mnt/h0/kb/data/one/mainenlab/Subjects/ZFM-04533/2022-12-24/001/raw_photometry_data/raw_photometry.csv,,/mnt/h0/kb/data/external_drive/2022-12-24/bonsai_DI12.csv,TRUE,TRUE,raw_behavior_data/_iblrig_taskData.raw.jsonable,576,575,-0.4560222674,-1
549,ZFM-05235,2022-12-24,5HT,9fd2f18e-381f-4a1f-badf-ac5d65e4036c,probe20,Region3G,1,0,"2nd one; no stop between ZFM-05236+ZFM-05245 (round1) and ZFM-05235 (round2), there should be a long pause between both sessions ",/mnt/h0/kb/data/external_drive/2022-12-24/raw_photometry1.csv,,/mnt/h0/kb/data/external_drive/2022-12-24/bonsai_DI01.csv,TRUE,TRUE,raw_behavior_data/_iblrig_taskData.raw.jsonable,698,255,-6.529796762,-443
550,ZFM-05236,2022-12-24,5HT,31fa227f-8e67-4a81-b4d9-d83e3712802e,probe21,Region3G,1,0,"1st one; no stop between ZFM-05236+ZFM-05245 (round1) and ZFM-05235 (round2), there should be a long pause between both sessions ",/mnt/h0/kb/data/external_drive/2022-12-24/raw_photometry1.csv,,/mnt/h0/kb/data/external_drive/2022-12-24/bonsai_DI01.csv,TRUE,TRUE,raw_behavior_data/_iblrig_taskData.raw.jsonable,698,442,-13.66168888,-256
551,ZFM-05245,2022-12-24,5HT,eea8eab8-d744-4418-83f4-697996ee040c,probe22,Region4G,1,1,,/mnt/h0/kb/data/external_drive/2022-12-24/raw_photometry1.csv,,/mnt/h0/kb/data/external_drive/2022-12-24/bonsai_DI11.csv,TRUE,TRUE,raw_behavior_data/_iblrig_taskData.raw.jsonable,1127,1126,-3.844176142,-1
553,ZFM-04022,2022-12-28,DA,820790a2-7ae5-4daa-8871-e8e55d0a317d,probe13,Region3G,4,0,new,/mnt/h0/kb/data/external_drive/2022-12-28/raw_photometry4.csv,,/mnt/h0/kb/data/external_drive/2022-12-28/bonsai_DI04.csv,TRUE,TRUE,raw_behavior_data/_iblrig_taskData.raw.jsonable,371,370,-1.363423814,-1
554,ZFM-04022,2022-12-28,DA,820790a2-7ae5-4daa-8871-e8e55d0a317d,probe12,Region4G,4,0,new,/mnt/h0/kb/data/external_drive/2022-12-28/raw_photometry4.csv,,/mnt/h0/kb/data/external_drive/2022-12-28/bonsai_DI04.csv,TRUE,TRUE,raw_behavior_data/_iblrig_taskData.raw.jsonable,371,370,-1.363423814,-1
555,ZFM-04533,2022-12-28,NE,5782c52f-81dc-403f-bb94-4f39dc4a92a3,probe17,Region4G,0,1,,/mnt/h0/kb/data/one/mainenlab/Subjects/ZFM-04533/2022-12-28/002/raw_photometry_data/raw_photometry.csv,,/mnt/h0/kb/data/external_drive/2022-12-28/bonsai_DI10.csv,TRUE,TRUE,raw_behavior_data/_iblrig_taskData.raw.jsonable,298,297,-3.404079036,-1
556,ZFM-04534,2022-12-28,NE,f0115609-af4a-4242-8faf-f4c5bfeb512e,probe18,Region3G,1,0,,/mnt/h0/kb/data/one/mainenlab/Subjects/ZFM-04534/2022-12-28/001/raw_photometry_data/raw_photometry.csv,,/mnt/h0/kb/data/external_drive/2022-12-28/bonsai_DI01.csv,TRUE,TRUE,raw_behavior_data/_iblrig_taskData.raw.jsonable,389,388,1.077195647,-1
557,ZFM-05235,2022-12-28,5HT,522a3c54-58bd-4b48-91c0-590db76a53c1,probe20,Region3G,2,0,,/mnt/h0/kb/data/one/mainenlab/Subjects/ZFM-05235/2022-12-28/001/raw_photometry_data/raw_photometry.csv,/mnt/h0/kb/data/external_drive/2022-12-28/raw_photometry2.csv,/mnt/h0/kb/data/external_drive/2022-12-28/bonsai_DI02.csv,TRUE,TRUE,raw_behavior_data/_iblrig_taskData.raw.jsonable,466,465,-3.325108098,-1
559,ZFM-05245,2022-12-28,5HT,8b964e4c-2105-4601-81d2-00c3262945fa,probe22,Region4G,1,1,,/mnt/h0/kb/data/one/mainenlab/Subjects/ZFM-05245/2022-12-28/002/raw_photometry_data/raw_photometry.csv,,/mnt/h0/kb/data/external_drive/2022-12-28/bonsai_DI11.csv,TRUE,TRUE,raw_behavior_data/_iblrig_taskData.raw.jsonable,616,590,-4.777770804,-26
560,ZFM-05248,2022-12-28,5HT,aa0abb58-dcef-45a9-8cd9-fbcb964c327e,probe23,Region4G,3,1,,/mnt/h0/kb/data/one/mainenlab/Subjects/ZFM-05248/2022-12-28/001/raw_photometry_data/raw_photometry.csv,,/mnt/h0/kb/data/external_drive/2022-12-28/bonsai_DI13.csv,TRUE,TRUE,raw_behavior_data/_iblrig_taskData.raw.jsonable,313,312,-23.31340788,-1
561,ZFM-04019,2022-12-29,DA,cb626478-5372-48c2-803f-0d1ac8255564,probe11,Region4G,3,1,,/mnt/h0/kb/data/one/mainenlab/Subjects/ZFM-04019/2022-12-29/001/raw_photometry_data/raw_photometry.csv,,/mnt/h0/kb/data/external_drive/2022-12-29/bonsai_DI13.csv,TRUE,TRUE,raw_behavior_data/_iblrig_taskData.raw.jsonable,494,493,-1.645041332,-1
562,ZFM-04533,2022-12-29,NE,4ac35324-a13c-4517-a61f-7183a2f6ff44,probe17,Region4G,1,1,,/mnt/h0/kb/data/one/mainenlab/Subjects/ZFM-04533/2022-12-29/001/raw_photometry_data/raw_photometry.csv,,/mnt/h0/kb/data/external_drive/2022-12-29/bonsai_DI11.csv,TRUE,TRUE,raw_behavior_data/_iblrig_taskData.raw.jsonable,434,433,-7.911551643,-1
563,ZFM-04534,2022-12-29,NE,ab67b581-3c52-479a-b6ff-529112d2e052,probe18,Region3G,1,0,,/mnt/h0/kb/data/one/mainenlab/Subjects/ZFM-04534/2022-12-29/001/raw_photometry_data/raw_photometry.csv,,/mnt/h0/kb/data/external_drive/2022-12-29/bonsai_DI01.csv,TRUE,TRUE,raw_behavior_data/_iblrig_taskData.raw.jsonable,486,485,3.333914286,-1
564,ZFM-05235,2022-12-29,5HT,cbbb91b1-6aea-4d13-ab21-266d219115ec,probe20,Region3G,3,0,,/mnt/h0/kb/data/one/mainenlab/Subjects/ZFM-05235/2022-12-29/001/raw_photometry_data/raw_photometry.csv,/mnt/h0/kb/data/external_drive/2022-12-29/raw_photometry3.csv,/mnt/h0/kb/data/external_drive/2022-12-29/bonsai_DI03.csv,TRUE,TRUE,raw_behavior_data/_iblrig_taskData.raw.jsonable,261,260,-9.673166369,-1
566,ZFM-05245,2022-12-29,5HT,fa6c16e8-9340-4e43-a6e2-4188669975f1,probe22,Region4G,0,1,,/mnt/h0/kb/data/one/mainenlab/Subjects/ZFM-05245/2022-12-29/002/raw_photometry_data/raw_photometry.csv,,/mnt/h0/kb/data/external_drive/2022-12-29/bonsai_DI10.csv,TRUE,TRUE,raw_behavior_data/_iblrig_taskData.raw.jsonable,755,754,-4.592354719,-1
567,ZFM-04019,2022-12-30,DA,0f41a88d-6746-4754-b8da-2992dcfcb55d,probe11,Region4G,1,1,,/mnt/h0/kb/data/one/mainenlab/Subjects/ZFM-04019/2022-12-30/001/raw_photometry_data/raw_photometry.csv,,/mnt/h0/kb/data/external_drive/2022-12-30/bonsai_DI11.csv,TRUE,TRUE,raw_behavior_data/_iblrig_taskData.raw.jsonable,498,497,-12.02766424,-1
568,ZFM-04022,2022-12-30,DA,a1ccc8ed-9829-4af8-91fd-cc1c83b74b98,probe12,Region3G,0,0,new,/mnt/h0/kb/data/one/mainenlab/Subjects/ZFM-04022/2022-12-30/001/raw_photometry_data/raw_photometry.csv,,/mnt/h0/kb/data/external_drive/2022-12-30/bonsai_DI00.csv,TRUE,TRUE,raw_behavior_data/_iblrig_taskData.raw.jsonable,444,443,-10.31571343,-1
569,ZFM-04022,2022-12-30,DA,a1ccc8ed-9829-4af8-91fd-cc1c83b74b98,probe13,Region4G,0,0,new,/mnt/h0/kb/data/one/mainenlab/Subjects/ZFM-04022/2022-12-30/001/raw_photometry_data/raw_photometry.csv,,/mnt/h0/kb/data/external_drive/2022-12-30/bonsai_DI00.csv,TRUE,TRUE,raw_behavior_data/_iblrig_taskData.raw.jsonable,444,443,-10.31571343,-1
570,ZFM-04533,2022-12-30,NE,1b3db3e1-9777-4ad5-80e9-703c87550ad2,probe17,Region3G,3,1,,/mnt/h0/kb/data/one/mainenlab/Subjects/ZFM-04533/2022-12-30/001/raw_photometry_data/raw_photometry.csv,,/mnt/h0/kb/data/external_drive/2022-12-30/bonsai_DI13.csv,TRUE,TRUE,raw_behavior_data/_iblrig_taskData.raw.jsonable,522,521,-4.339526502,-1
571,ZFM-04534,2022-12-30,NE,51678022-d298-475a-a740-3e46a2159424,probe18,Region4G,3,0,,/mnt/h0/kb/data/one/mainenlab/Subjects/ZFM-04534/2022-12-30/001/raw_photometry_data/raw_photometry.csv,,/mnt/h0/kb/data/external_drive/2022-12-30/bonsai_DI03.csv,TRUE,TRUE,raw_behavior_data/_iblrig_taskData.raw.jsonable,344,343,-7.100540837,-1
572,ZFM-05235,2022-12-30,5HT,ab725a59-2e6a-4fb3-b5ca-d13272a61143,probe20,Region4G,4,0,,/mnt/h0/kb/data/one/mainenlab/Subjects/ZFM-05235/2022-12-30/002/raw_photometry_data/raw_photometry.csv,/mnt/h0/kb/data/external_drive/2022-12-30/raw_photometry4.csv,/mnt/h0/kb/data/external_drive/2022-12-30/bonsai_DI04.csv,TRUE,TRUE,raw_behavior_data/_iblrig_taskData.raw.jsonable,644,644,-6.250116685,0
574,ZFM-05245,2022-12-30,5HT,c50eb87e-93e6-4467-bba2-3b6dd9d7ff66,probe22,Region3G,4,1,,/mnt/h0/kb/data/one/mainenlab/Subjects/ZFM-05245/2022-12-30/001/raw_photometry_data/raw_photometry.csv,,/mnt/h0/kb/data/external_drive/2022-12-30/bonsai_DI14.csv,TRUE,TRUE,raw_behavior_data/_iblrig_taskData.raw.jsonable,808,807,-9.816540584,-1
575,ZFM-04019,2023-01-06,DA,c8b2c767-4e60-4872-9e20-7a43434c9a5d,probe11,Region3G,0,1,,/mnt/h0/kb/data/external_drive/2023-01-06/raw_photometry0.csv,,/mnt/h0/kb/data/external_drive/2023-01-06/bonsai_DI10.csv,TRUE,TRUE,raw_behavior_data/_iblrig_taskData.raw.jsonable,777,786,-13.10909442,9
576,ZFM-04533,2023-01-06,NE,5e62eb8a-01ba-48b8-a7e1-931bb3aa6a5a,probe17,Region3G,1,1,,/mnt/h0/kb/data/external_drive/2023-01-06/raw_photometry1.csv,,/mnt/h0/kb/data/external_drive/2023-01-06/bonsai_DI11.csv,TRUE,TRUE,raw_behavior_data/_iblrig_taskData.raw.jsonable,617,899,238.1059699,282
577,ZFM-04019,2023-01-10,DA,9e8c2697-f5f7-42f6-b483-5b9af9c1652e,probe11,Region3G,3,0,,/mnt/h0/kb/data/one/mainenlab/Subjects/ZFM-04019/2023-01-10/001/raw_photometry_data/raw_photometry.csv,,/mnt/h0/kb/data/external_drive/2023-01-10/bonsai_DI03.csv,TRUE,TRUE,raw_behavior_data/_iblrig_taskData.raw.jsonable,350,349,-16.79042642,-1
578,ZFM-04022,2023-01-10,DA,537a8269-3cdb-4738-9b0f-1134cd4e3d0d,probe12,Region3G,1,0,new,/mnt/h0/kb/data/one/mainenlab/Subjects/ZFM-04022/2023-01-10/002/raw_photometry_data/raw_photometry.csv,,/mnt/h0/kb/data/external_drive/2023-01-10/bonsai_DI01.csv,TRUE,TRUE,raw_behavior_data/_iblrig_taskData.raw.jsonable,161,160,9.220044562,-1
579,ZFM-04022,2023-01-10,DA,537a8269-3cdb-4738-9b0f-1134cd4e3d0d,probe13,Region4G,1,0,new,/mnt/h0/kb/data/one/mainenlab/Subjects/ZFM-04022/2023-01-10/002/raw_photometry_data/raw_photometry.csv,,/mnt/h0/kb/data/external_drive/2023-01-10/bonsai_DI01.csv,TRUE,TRUE,raw_behavior_data/_iblrig_taskData.raw.jsonable,161,160,9.220044562,-1
580,ZFM-04019,2023-01-11,DA,76f443fb-a06d-4ffd-9725-23d5c0d40386,probe11,Region3G,1,0,,/mnt/h0/kb/data/one/mainenlab/Subjects/ZFM-04019/2023-01-11/004/raw_photometry_data/raw_photometry.csv,,/mnt/h0/kb/data/external_drive/2023-01-11/bonsai_DI01.csv,TRUE,TRUE,raw_behavior_data/_iblrig_taskData.raw.jsonable,464,463,-4.723267827,-1
581,ZFM-04022,2023-01-11,DA,ecbff390-fe10-4e4d-986c-5a44e497224b,probe12,Region3G,0,0,new,/mnt/h0/kb/data/external_drive/2023-01-11/raw_photometry0.csv,,/mnt/h0/kb/data/external_drive/2023-01-11/bonsai_DI00.csv,TRUE,TRUE,raw_behavior_data/_iblrig_taskData.raw.jsonable,338,337,-12.82527961,-1
582,ZFM-04022,2023-01-11,DA,ecbff390-fe10-4e4d-986c-5a44e497224b,probe13,Region4G,0,0,new,/mnt/h0/kb/data/external_drive/2023-01-11/raw_photometry0.csv,,/mnt/h0/kb/data/external_drive/2023-01-11/bonsai_DI00.csv,TRUE,TRUE,raw_behavior_data/_iblrig_taskData.raw.jsonable,338,337,-12.82527961,-1
583,ZFM-04019,2023-01-12,DA,e316594f-bcdb-42ba-b8e8-68d80a456a34,probe11,Region3G,2,1,,/mnt/h0/kb/data/one/mainenlab/Subjects/ZFM-04019/2023-01-12/001/raw_photometry_data/raw_photometry.csv,,/mnt/h0/kb/data/external_drive/2023-01-12/bonsai_DI12.csv,TRUE,TRUE,raw_behavior_data/_iblrig_taskData.raw.jsonable,306,305,-9.491552131,-1
584,ZFM-04022,2023-01-12,DA,67231166-8980-4146-ad6d-3d7bee327ccf,probe12,Region3G,0,0,new,/mnt/h0/kb/data/one/mainenlab/Subjects/ZFM-04022/2023-01-12/003/raw_photometry_data/raw_photometry.csv,,/mnt/h0/kb/data/external_drive/2023-01-12/bonsai_DI00.csv,TRUE,TRUE,raw_behavior_data/_iblrig_taskData.raw.jsonable,571,570,-13.48937297,-1
585,ZFM-04022,2023-01-12,DA,67231166-8980-4146-ad6d-3d7bee327ccf,probe13,Region4G,0,0,new,/mnt/h0/kb/data/one/mainenlab/Subjects/ZFM-04022/2023-01-12/003/raw_photometry_data/raw_photometry.csv,,/mnt/h0/kb/data/external_drive/2023-01-12/bonsai_DI00.csv,TRUE,TRUE,raw_behavior_data/_iblrig_taskData.raw.jsonable,571,570,-13.48937297,-1
586,ZFM-04392,2023-01-12,5HT,1222465e-796f-4dd9-bc80-4c2db028568c,probe14,Region4G,2,0,new,/mnt/h0/kb/data/one/mainenlab/Subjects/ZFM-04392/2023-01-12/001/raw_photometry_data/raw_photometry.csv,,/mnt/h0/kb/data/external_drive/2023-01-12/bonsai_DI02.csv,TRUE,TRUE,raw_behavior_data/_iblrig_taskData.raw.jsonable,246,245,-12.49821999,-1
587,ZFM-05236,2023-01-12,5HT,7215d155-04c6-48f6-b7c2-7eedf21d0381,probe21,Region4G,3,0,,/mnt/h0/kb/data/one/mainenlab/Subjects/ZFM-05236/2023-01-12/001/raw_photometry_data/raw_photometry.csv,,/mnt/h0/kb/data/external_drive/2023-01-12/bonsai_DI03.csv,TRUE,TRUE,raw_behavior_data/_iblrig_taskData.raw.jsonable,929,928,-6.544307923,-1
588,ZFM-05245,2023-01-12,5HT,db41396e-1e6a-46ca-abc5-969984e30fc0,probe22,Region3G,3,1,,/mnt/h0/kb/data/one/mainenlab/Subjects/ZFM-05245/2023-01-12/001/raw_photometry_data/raw_photometry.csv,,/mnt/h0/kb/data/external_drive/2023-01-12/bonsai_DI13.csv,TRUE,TRUE,raw_behavior_data/_iblrig_taskData.raw.jsonable,1080,1079,-12.07047183,-1
589,ZFM-04022,2023-01-13,DA,65aa40c1-3400-4717-8854-4cfba85b5899,probe12,Region3G,0,0,new; 3 photometry files; and extra,/mnt/h0/kb/data/external_drive/2023-01-13/raw_photometry0.csv,,/mnt/h0/kb/data/external_drive/2023-01-13/bonsai_DI00.csv,TRUE,TRUE,raw_behavior_data/_iblrig_taskData.raw.jsonable,,,,
590,ZFM-04022,2023-01-13,DA,65aa40c1-3400-4717-8854-4cfba85b5899,probe13,Region4G,0,0,new; 3 photometry files,/mnt/h0/kb/data/external_drive/2023-01-13/raw_photometry0.csv,,/mnt/h0/kb/data/external_drive/2023-01-13/bonsai_DI00.csv,TRUE,TRUE,raw_behavior_data/_iblrig_taskData.raw.jsonable,,,,
591,ZFM-04392,2023-01-13,5HT,75cf3bf9-4217-46ce-8887-b6a2ec372d58,probe14,Region4G,3,0,new,/mnt/h0/kb/data/one/mainenlab/Subjects/ZFM-04392/2023-01-13/001/raw_photometry_data/raw_photometry.csv,,/mnt/h0/kb/data/external_drive/2023-01-13/bonsai_DI03.csv,TRUE,TRUE,raw_behavior_data/_iblrig_taskData.raw.jsonable,488,487,-6.633377461,-1
592,ZFM-04533,2023-01-13,NE,7c7e3075-b052-47eb-9f04-4884ba17048f,probe17,Region4G,5,1,,/mnt/h0/kb/data/one/mainenlab/Subjects/ZFM-04533/2023-01-13/002/raw_photometry_data/raw_photometry.csv,,/mnt/h0/kb/data/external_drive/2023-01-13/bonsai_DI15.csv,TRUE,TRUE,raw_behavior_data/_iblrig_taskData.raw.jsonable,683,683,-12.43348072,0
593,ZFM-04534,2023-01-13,NE,759012f4-b280-49c4-b79d-f5419534ec16,probe18,Region3G,5,0,,/mnt/h0/kb/data/one/mainenlab/Subjects/ZFM-04534/2023-01-13/001/raw_photometry_data/raw_photometry.csv,,/mnt/h0/kb/data/external_drive/2023-01-13/bonsai_DI05.csv,TRUE,TRUE,raw_behavior_data/_iblrig_taskData.raw.jsonable,391,390,-6.38785334,-1
595,ZFM-04022,2023-01-17,DA,950565f4-1054-4a58-b5c9-8fa47ff42fe6,probe12,Region3G,0,0,new; check date,/mnt/h0/kb/data/external_drive/2023-01-16/raw_photometry0.csv,,/mnt/h0/kb/data/external_drive/2023-01-16/bonsai_DI00.csv,TRUE,TRUE,raw_behavior_data/_iblrig_taskData.raw.jsonable,783,782,-0.7301832527,-1
596,ZFM-04022,2023-01-17,DA,950565f4-1054-4a58-b5c9-8fa47ff42fe6,probe13,Region4G,0,0,new; check date,/mnt/h0/kb/data/external_drive/2023-01-16/raw_photometry0.csv,,/mnt/h0/kb/data/external_drive/2023-01-16/bonsai_DI00.csv,TRUE,TRUE,raw_behavior_data/_iblrig_taskData.raw.jsonable,783,782,-0.7301832527,-1
597,ZFM-03450,2023-01-18,DA,29726dbf-c61c-49ab-a006-d279e480a31f,probe09,Region3G,0,0,new,/mnt/h0/kb/data/external_drive/2023-01-18/raw_photometry0.csv,,/mnt/h0/kb/data/external_drive/2023-01-18/bonsai_DI00.csv,TRUE,TRUE,raw_behavior_data/_iblrig_taskData.raw.jsonable,545,272,33.89218589,-273
598,ZFM-03450,2023-01-18,DA,29726dbf-c61c-49ab-a006-d279e480a31f,probe08,Region4G,0,0,new,/mnt/h0/kb/data/external_drive/2023-01-18/raw_photometry0.csv,,/mnt/h0/kb/data/external_drive/2023-01-18/bonsai_DI00.csv,TRUE,TRUE,raw_behavior_data/_iblrig_taskData.raw.jsonable,545,272,33.89218589,-273
599,ZFM-04022,2023-01-18,DA,f0eb3ff8-873e-4bce-8082-7c8e28b47edb,probe12,Region3G,1,0,new,/mnt/h0/kb/data/external_drive/2023-01-18/raw_photometry1.csv,,/mnt/h0/kb/data/external_drive/2023-01-18/bonsai_DI01.csv,TRUE,TRUE,raw_behavior_data/_iblrig_taskData.raw.jsonable,1,840,-486460.8063,839
600,ZFM-04022,2023-01-18,DA,f0eb3ff8-873e-4bce-8082-7c8e28b47edb,probe13,Region4G,1,0,new,/mnt/h0/kb/data/external_drive/2023-01-18/raw_photometry1.csv',,/mnt/h0/kb/data/external_drive/2023-01-18/bonsai_DI01.csv,TRUE,TRUE,raw_behavior_data/_iblrig_taskData.raw.jsonable,1,840,-486460.8063,839
601,ZFM-04019,2023-01-19,DA,382c9380-a2f7-411f-949d-a6df6c00747f,probe11,Region3G,1,1,,/mnt/h0/kb/data/one/mainenlab/Subjects/ZFM-04019/2023-01-19/001/raw_photometry_data/raw_photometry.csv,,/mnt/h0/kb/data/external_drive/2023-01-19/bonsai_DI11.csv,TRUE,TRUE,raw_behavior_data/_iblrig_taskData.raw.jsonable,660,659,-1.673625554,-1
602,ZFM-04022,2023-01-19,DA,195af50b-9118-4ecd-a254-78f903f788bb,probe12,Region3G,0,0,new,/mnt/h0/kb/data/external_drive/2023-01-19/raw_photometry0.csv,,/mnt/h0/kb/data/external_drive/2023-01-19/bonsai_DI00.csv,TRUE,TRUE,raw_behavior_data/_iblrig_taskData.raw.jsonable,1,426,1452676.252,425
603,ZFM-04022,2023-01-19,DA,195af50b-9118-4ecd-a254-78f903f788bb,probe13,Region4G,0,0,new,/mnt/h0/kb/data/external_drive/2023-01-19/raw_photometry0.csv,,/mnt/h0/kb/data/external_drive/2023-01-19/bonsai_DI00.csv,TRUE,TRUE,raw_behavior_data/_iblrig_taskData.raw.jsonable,1,426,1452676.252,425
604,ZFM-04022,2023-01-24,DA,3fa057d6-8f25-462e-b728-e3b2df0e9365,probe12,Region3G,1,0,new TTL ITI,/mnt/h0/kb/data/external_drive/2023-01-24/raw_photometry1.csv,,/mnt/h0/kb/data/external_drive/2023-01-24/bonsai_DI01.csv,TRUE,TRUE,raw_behavior_data/_iblrig_taskData.raw.jsonable,417,417,-16.07473152,0
605,ZFM-04022,2023-01-24,DA,3fa057d6-8f25-462e-b728-e3b2df0e9365,probe13,Region4G,1,0,new TTL ITI,/mnt/h0/kb/data/external_drive/2023-01-24/raw_photometry1.csv,,/mnt/h0/kb/data/external_drive/2023-01-24/bonsai_DI01.csv,TRUE,TRUE,raw_behavior_data/_iblrig_taskData.raw.jsonable,417,417,-16.07473152,0
606,ZFM-04533,2023-01-24,NE,8686b7cb-6e2c-4f27-b54e-7ed60a342616,probe17,Region4G,2,1,,/mnt/h0/kb/data/external_drive/2023-01-24/raw_photometry2.csv,,/mnt/h0/kb/data/external_drive/2023-01-24/bonsai_DI12.csv,TRUE,TRUE,raw_behavior_data/_iblrig_taskData.raw.jsonable,650,650,1890.459284,0
607,ZFM-04022,2023-01-25,DA,60246d4e-2386-443a-a5d6-94ac015aaf06,probe12,Region3G,0,0,new,/mnt/h0/kb/data/external_drive/2023-01-25/raw_photometry0.csv,,/mnt/h0/kb/data/external_drive/2023-01-25/bonsai_DI00.csv,TRUE,TRUE,raw_behavior_data/_iblrig_taskData.raw.jsonable,633,633,-21.74261813,0
608,ZFM-04022,2023-01-25,DA,60246d4e-2386-443a-a5d6-94ac015aaf06,probe13,Region4G,0,0,new,/mnt/h0/kb/data/external_drive/2023-01-25/raw_photometry0.csv,,/mnt/h0/kb/data/external_drive/2023-01-25/bonsai_DI00.csv,TRUE,TRUE,raw_behavior_data/_iblrig_taskData.raw.jsonable,633,633,-21.74261813,0
609,ZFM-04533,2023-01-25,NE,71dd1936-ea31-4aa4-9708-d510a8705aac,probe17,Region3G,1,1,,/mnt/h0/kb/data/one/mainenlab/Subjects/ZFM-04533/2023-01-25/001/raw_photometry_data/raw_photometry.csv,,/mnt/h0/kb/data/external_drive/2023-01-25/bonsai_DI11.csv,TRUE,TRUE,raw_behavior_data/_iblrig_taskData.raw.jsonable,534,533,-2.22305899,-1
610,ZFM-04534,2023-01-25,NE,ee28a83f-5a2b-47e3-acbe-f6a70b53d6a7,probe18,Region4G,1,0,,/mnt/h0/kb/data/one/mainenlab/Subjects/ZFM-04534/2023-01-25/001/raw_photometry_data/raw_photometry.csv,,/mnt/h0/kb/data/external_drive/2023-01-25/bonsai_DI01.csv,TRUE,TRUE,raw_behavior_data/_iblrig_taskData.raw.jsonable,517,516,-15.27382884,-1
611,ZFM-05236,2023-01-25,5HT,ae6c1e4c-ae5a-41aa-948f-e5938491cc20,probe21,Region4G,2,0,,/mnt/h0/kb/data/one/mainenlab/Subjects/ZFM-05236/2023-01-25/001/raw_photometry_data/raw_photometry.csv,,/mnt/h0/kb/data/external_drive/2023-01-25/bonsai_DI02.csv,TRUE,TRUE,raw_behavior_data/_iblrig_taskData.raw.jsonable,722,721,-8.799201793,-1
612,ZFM-05245,2023-01-25,5HT,77a6741c-81cc-475f-9454-a9b997be02a4,probe22,Region3G,2,1,,/mnt/h0/kb/data/one/mainenlab/Subjects/ZFM-05245/2023-01-25/003/raw_photometry_data/raw_photometry.csv,,/mnt/h0/kb/data/external_drive/2023-01-25/bonsai_DI12.csv,TRUE,TRUE,raw_behavior_data/_iblrig_taskData.raw.jsonable,881,881,-0.9271111582,0
613,ZFM-04392,2023-01-26,5HT,0dc40f70-791a-45e8-9e83-b692b776ebcf,probe14,Region3G,0,1,new,/mnt/h0/kb/data/one/mainenlab/Subjects/ZFM-04392/2023-01-26/001/raw_photometry_data/raw_photometry.csv,,/mnt/h0/kb/data/external_drive/2023-01-26/bonsai_DI10.csv,TRUE,TRUE,raw_behavior_data/_iblrig_taskData.raw.jsonable,794,793,-5.942758487,-1
614,ZFM-05245,2023-01-26,5HT,3da96b73-216d-49c7-9b12-5b6d3d7f98bd,probe22,Region4G,0,0,,/mnt/h0/kb/data/one/mainenlab/Subjects/ZFM-05245/2023-01-26/001/raw_photometry_data/raw_photometry.csv,,/mnt/h0/kb/data/external_drive/2023-01-26/bonsai_DI00.csv,TRUE,TRUE,raw_behavior_data/_iblrig_taskData.raw.jsonable,611,610,-10.87861821,-1
615,ZFM-04392,2023-01-31,5HT,13db60fb-0fb9-47d2-9b39-b26530120e3f,probe14,Region3G,0,0,new,/mnt/h0/kb/data/one/mainenlab/Subjects/ZFM-04392/2023-01-31/001/raw_photometry_data/raw_photometry.csv,,/mnt/h0/kb/data/external_drive/2023-01-31/bonsai_DI00.csv,TRUE,TRUE,raw_behavior_data/_iblrig_taskData.raw.jsonable,288,287,-2.774027767,-1
616,ZFM-04533,2023-01-31,NE,eab7b265-7f0b-4436-86f7-e3dc1ef72294,probe17,Region3G,2,0,,/mnt/h0/kb/data/one/mainenlab/Subjects/ZFM-04533/2023-01-31/003/raw_photometry_data/raw_photometry.csv,,/mnt/h0/kb/data/external_drive/2023-01-31/bonsai_DI02.csv,TRUE,TRUE,raw_behavior_data/_iblrig_taskData.raw.jsonable,910,909,-9.35901724,-1
618,ZFM-04392,2023-02-01,5HT,87f301e0-3776-4094-9399-c98cc053f501,probe14,Region3G,0,1,,/mnt/h0/kb/data/one/mainenlab/Subjects/ZFM-04392/2023-02-01/001/raw_photometry_data/raw_photometry.csv,,/mnt/h0/kb/data/external_drive/2023-02-01/bonsai_DI10.csv,TRUE,TRUE,raw_behavior_data/_iblrig_taskData.raw.jsonable,574,573,-7.067178141,-1
619,ZFM-04392,2023-02-01,5HT,87f301e0-3776-4094-9399-c98cc053f501,probe16,Region4G,0,1,,/mnt/h0/kb/data/one/mainenlab/Subjects/ZFM-04392/2023-02-01/001/raw_photometry_data/raw_photometry.csv,,/mnt/h0/kb/data/external_drive/2023-02-01/bonsai_DI10.csv,TRUE,TRUE,raw_behavior_data/_iblrig_taskData.raw.jsonable,574,573,-7.067178141,-1
620,ZFM-04392,2023-02-02,5HT,dd521bae-7ba0-43aa-a3cb-c1e2924ae18b,probe14,Region3G,1,0,new,/mnt/h0/kb/data/one/mainenlab/Subjects/ZFM-04392/2023-02-02/001/raw_photometry_data/raw_photometry.csv,,/mnt/h0/kb/data/external_drive/2023-02-02/bonsai_DI01.csv,TRUE,TRUE,raw_behavior_data/_iblrig_taskData.raw.jsonable,825,824,-19.61526808,-1
621,ZFM-05235,2023-02-02,5HT,70d6a5a0-eed2-4ec2-9e66-4d3c238b7b99,probe20,Region4G,0,0,,/mnt/h0/kb/data/external_drive/2023-02-02/raw_photometry0.csv,,/mnt/h0/kb/data/external_drive/2023-02-02/bonsai_DI00.csv,TRUE,TRUE,raw_behavior_data/_iblrig_taskData.raw.jsonable,1033,1032,5.004803776,-1
622,ZFM-05245,2023-02-02,5HT,03137436-d2f2-4b90-b661-2cfd74960a47,probe22,Region4G,1,1,,/mnt/h0/kb/data/one/mainenlab/Subjects/ZFM-05245/2023-02-02/001/raw_photometry_data/raw_photometry.csv,,/mnt/h0/kb/data/external_drive/2023-02-02/bonsai_DI11.csv,TRUE,TRUE,raw_behavior_data/_iblrig_taskData.raw.jsonable,1214,1213,-1.579801718,-1
623,ZFM-05248,2023-02-02,5HT,c1d5a3c6-56b2-4167-ba4d-27ae8cd82f50,probe23,Region3G,0,1,,/mnt/h0/kb/data/external_drive/2023-02-02/raw_photometry0.csv,,/mnt/h0/kb/data/external_drive/2023-02-02/bonsai_DI10.csv,TRUE,TRUE,raw_behavior_data/_iblrig_taskData.raw.jsonable,1026,1026,-0.2290012311,0
624,ZFM-04392,2023-02-03,5HT,e637617d-4ef5-403e-9f3d-14cac9599e02,probe14,Region3G,1,1,new,/mnt/h0/kb/data/one/mainenlab/Subjects/ZFM-04392/2023-02-03/001/raw_photometry_data/raw_photometry.csv,,/mnt/h0/kb/data/external_drive/2023-02-03/bonsai_DI11.csv,TRUE,TRUE,raw_behavior_data/_iblrig_taskData.raw.jsonable,1045,1044,-14.40556857,-1
625,ZFM-05248,2023-02-03,5HT,05edb276-347e-4eca-8250-4b257b22b439,probe23,Region4G,1,0,,/mnt/h0/kb/data/one/mainenlab/Subjects/ZFM-05248/2023-02-03/001/raw_photometry_data/raw_photometry.csv,,/mnt/h0/kb/data/external_drive/2023-02-03/bonsai_DI01.csv,TRUE,TRUE,raw_behavior_data/_iblrig_taskData.raw.jsonable,982,981,-3.394140446,-1
626,ZFM-04392,2023-02-07,5HT,b8eac593-7661-4b9d-945f-6bf19e5197ba,probe14,Region3G,0,1,new,/mnt/h0/kb/data/one/mainenlab/Subjects/ZFM-04392/2023-02-07/001/raw_photometry_data/raw_photometry.csv,,/mnt/h0/kb/data/external_drive/2023-02-07/bonsai_DI10.csv,TRUE,TRUE,raw_behavior_data/_iblrig_taskData.raw.jsonable,647,647,-5.033607187,0
627,ZFM-05235,2023-02-07,5HT,65266cb3-1d35-4859-b83d-e5aa65b3245c,probe20,Region4G,1,1,,/mnt/h0/kb/data/external_drive/2023-02-07/raw_photometry1.csv,,/mnt/h0/kb/data/external_drive/2023-02-07/bonsai_DI11.csv,TRUE,TRUE,raw_behavior_data/_iblrig_taskData.raw.jsonable,598,597,-11.44182282,-1
628,ZFM-05245,2023-02-07,5HT,4eca4ea5-4070-4199-a3e3-5d22173612d7,probe22,Region4G,0,0,,/mnt/h0/kb/data/one/mainenlab/Subjects/ZFM-05245/2023-02-07/001/raw_photometry_data/raw_photometry.csv,,/mnt/h0/kb/data/external_drive/2023-02-07/bonsai_DI00.csv,TRUE,TRUE,raw_behavior_data/_iblrig_taskData.raw.jsonable,1074,1073,-2.925204194,-1
629,ZFM-05248,2023-02-07,5HT,c822f952-6bbe-4118-89cf-f0ba82902f81,probe23,Region3G,1,0,,/mnt/h0/kb/data/external_drive/2023-02-07/raw_photometry1.csv,,/mnt/h0/kb/data/external_drive/2023-02-07/bonsai_DI01.csv,TRUE,TRUE,raw_behavior_data/_iblrig_taskData.raw.jsonable,851,851,3.731061055,0
630,ZFM-04392,2023-02-08,5HT,03d9e3ca-5472-4f31-8137-d153a4af5524,probe14,Region3G,1,1,new,/mnt/h0/kb/data/one/mainenlab/Subjects/ZFM-04392/2023-02-08/001/raw_photometry_data/raw_photometry.csv,,/mnt/h0/kb/data/external_drive/2023-02-08/bonsai_DI11.csv,TRUE,TRUE,raw_behavior_data/_iblrig_taskData.raw.jsonable,666,665,-5.866438293,-1
631,ZFM-05245,2023-02-08,5HT,211d0096-754c-4cea-a345-d61ecb61a15e,probe22,Region4G,1,0,,/mnt/h0/kb/data/one/mainenlab/Subjects/ZFM-05245/2023-02-08/003/raw_photometry_data/raw_photometry.csv,,/mnt/h0/kb/data/external_drive/2023-02-08/bonsai_DI01.csv,TRUE,TRUE,raw_behavior_data/_iblrig_taskData.raw.jsonable,801,800,-4.093289235,-1
632,ZFM-04392,2023-02-09,5HT,f96226d3-926c-434f-89f8-8571154534b5,probe14,Region3G,1,1,new,/mnt/h0/kb/data/one/mainenlab/Subjects/ZFM-04392/2023-02-09/001/raw_photometry_data/raw_photometry.csv,,/mnt/h0/kb/data/external_drive/2023-02-09/bonsai_DI11.csv,TRUE,TRUE,raw_behavior_data/_iblrig_taskData.raw.jsonable,654,653,-14.50931425,-1
633,ZFM-05235,2023-02-09,5HT,a5508783-bd0b-48a1-a325-5889933a61c4,probe20,Region4G,0,0,,/mnt/h0/kb/data/one/mainenlab/Subjects/ZFM-05235/2023-02-09/001/raw_photometry_data/raw_photometry.csv,,/mnt/h0/kb/data/external_drive/2023-02-09/bonsai_DI00.csv,TRUE,TRUE,raw_behavior_data/_iblrig_taskData.raw.jsonable,1036,1035,-9.735199679,-1
634,ZFM-05236,2023-02-09,5HT,c42d324e-cb29-4dc7-a9e3-897c86189e96,probe21,Region4G,2,0,,/mnt/h0/kb/data/one/mainenlab/Subjects/ZFM-05236/2023-02-09/001/raw_photometry_data/raw_photometry.csv,,/mnt/h0/kb/data/external_drive/2023-02-09/bonsai_DI02.csv,TRUE,TRUE,raw_behavior_data/_iblrig_taskData.raw.jsonable,783,782,-2.669507904,-1
635,ZFM-05245,2023-02-09,5HT,839299f0-b765-4169-9be7-8969328d340a,probe22,Region4G,1,0,,/mnt/h0/kb/data/one/mainenlab/Subjects/ZFM-05245/2023-02-09/001/raw_photometry_data/raw_photometry.csv,,/mnt/h0/kb/data/external_drive/2023-02-09/bonsai_DI01.csv,TRUE,TRUE,raw_behavior_data/_iblrig_taskData.raw.jsonable,818,817,-1.489622007,-1
636,ZFM-05248,2023-02-09,5HT,466f5411-2841-465c-b2bb-00652e81bac3,probe23,Region3G,0,1,,/mnt/h0/kb/data/one/mainenlab/Subjects/ZFM-05248/2023-02-09/002/raw_photometry_data/raw_photometry.csv,,/mnt/h0/kb/data/external_drive/2023-02-09/bonsai_DI10.csv,TRUE,TRUE,raw_behavior_data/_iblrig_taskData.raw.jsonable,1284,1283,-11.92152456,-1
637,ZFM-04533,2023-02-10,NE,3b638d72-3d2a-4f06-aeb9-0c7cb36adaa5,probe17,Region4G,1,1,,/mnt/h0/kb/data/one/mainenlab/Subjects/ZFM-04533/2023-02-10/001/raw_photometry_data/raw_photometry.csv,,/mnt/h0/kb/data/external_drive/2023-02-10/bonsai_DI11.csv,TRUE,TRUE,raw_behavior_data/_iblrig_taskData.raw.jsonable,492,491,-10.50197098,-1
638,ZFM-05235,2023-02-10,5HT,ffe2da46-0c38-40f2-b285-200d95a745df,probe20,Region4G,0,0,,/mnt/h0/kb/data/one/mainenlab/Subjects/ZFM-05235/2023-02-10/001/raw_photometry_data/raw_photometry.csv,,/mnt/h0/kb/data/external_drive/2023-02-10/bonsai_DI00.csv,TRUE,TRUE,raw_behavior_data/_iblrig_taskData.raw.jsonable,427,426,-15.11804865,-1
639,ZFM-05236,2023-02-10,5HT,c6373022-3939-471b-9ab1-5c4b4660c948,probe21,Region4G,4,0,,/mnt/h0/kb/data/one/mainenlab/Subjects/ZFM-05236/2023-02-10/001/raw_photometry_data/raw_photometry.csv,,/mnt/h0/kb/data/external_drive/2023-02-10/bonsai_DI04.csv,TRUE,TRUE,raw_behavior_data/_iblrig_taskData.raw.jsonable,749,748,-6.609755497,-1
640,ZFM-05248,2023-02-10,5HT,7ffd404f-3ddd-46aa-99f0-e6db99cc5186,probe23,Region3G,0,1,,/mnt/h0/kb/data/one/mainenlab/Subjects/ZFM-05248/2023-02-10/002/raw_photometry_data/raw_photometry.csv,,/mnt/h0/kb/data/external_drive/2023-02-10/bonsai_DI10.csv,TRUE,TRUE,raw_behavior_data/_iblrig_taskData.raw.jsonable,925,925,-8.015581188,0
641,ZFM-04533,2023-02-14,NE,ec61ebd3-b37f-4e8b-a386-c2f5a15706b8,probe17,Region3G,2,0,,/mnt/h0/kb/data/one/mainenlab/Subjects/ZFM-04533/2023-02-14/001/raw_photometry_data/raw_photometry.csv,,/mnt/h0/kb/data/external_drive/2023-02-14/bonsai_DI02.csv,TRUE,TRUE,raw_behavior_data/_iblrig_taskData.raw.jsonable,182,182,0.2232779052,0
642,ZFM-05235,2023-02-14,5HT,788b6ca7-2264-4f8b-8683-fd6ac05d5c08,probe20,Region4G,0,0,,/mnt/h0/kb/data/external_drive/2023-02-14/raw_photometry0.csv,,/mnt/h0/kb/data/external_drive/2023-02-14/bonsai_DI00.csv,TRUE,TRUE,raw_behavior_data/_iblrig_taskData.raw.jsonable,447,446,-20.69219771,-1
643,ZFM-05248,2023-02-14,5HT,e6afd0aa-877e-4a36-8420-4d94bdfe2c37,probe23,Region3G,0,1,,/mnt/h0/kb/data/external_drive/2023-02-14/raw_photometry0.csv,,/mnt/h0/kb/data/external_drive/2023-02-14/bonsai_DI10.csv,TRUE,TRUE,raw_behavior_data/_iblrig_taskData.raw.jsonable,1042,1041,-6.015060793,-1
644,ZFM-05236,2023-02-28,5HT,ccecb17b-a1f3-4b62-96c2-d6530981dc6f,probe21,Region4G,1,1,,/mnt/h0/kb/data/one/mainenlab/Subjects/ZFM-05236/2023-02-28/001/raw_photometry_data/raw_photometry.csv,,/mnt/h0/kb/data/external_drive/2023-02-28/bonsai_DI11.csv,TRUE,TRUE,raw_behavior_data/_iblrig_taskData.raw.jsonable,564,563,-11.22061131,-1
645,ZFM-05248,2023-02-28,5HT,b5a05899-dd61-422b-b3ab-8d095c1324e1,probe23,Region4G,0,0,,/mnt/h0/kb/data/one/mainenlab/Subjects/ZFM-05248/2023-02-28/001/raw_photometry_data/raw_photometry.csv,,/mnt/h0/kb/data/external_drive/2023-02-28/bonsai_DI00.csv,TRUE,TRUE,raw_behavior_data/_iblrig_taskData.raw.jsonable,719,718,-2.95928959,-1
646,ZFM-04534,2023-03-01,NE,cdbd799a-1914-4dc7-923b-bef7dd45efe1,probe18,Region4G,2,0,,/mnt/h0/kb/data/external_drive/2023-03-01/raw_photometry2.csv,,/mnt/h0/kb/data/external_drive/2023-03-01/bonsai_DI02.csv,TRUE,TRUE,raw_behavior_data/_iblrig_taskData.raw.jsonable,299,298,-25.59413069,-1
647,ZFM-05236,2023-03-01,5HT,ddd1a68d-5235-45b7-9756-bc84f187327b,probe21,Region4G,1,0,,/mnt/h0/kb/data/one/mainenlab/Subjects/ZFM-05236/2023-03-01/001/raw_photometry_data/raw_photometry.csv,,/mnt/h0/kb/data/external_drive/2023-03-01/bonsai_DI01.csv,TRUE,TRUE,raw_behavior_data/_iblrig_taskData.raw.jsonable,551,550,-7.915805676,-1
648,ZFM-05245,2023-03-01,5HT,ec02dc0b-7a44-46d9-a140-8400cc5092a7,probe22,Region3G,1,1,,/mnt/h0/kb/data/one/mainenlab/Subjects/ZFM-05245/2023-03-01/001/raw_photometry_data/raw_photometry.csv,,/mnt/h0/kb/data/external_drive/2023-03-01/bonsai_DI11.csv,TRUE,TRUE,raw_behavior_data/_iblrig_taskData.raw.jsonable,589,588,8.611058675,-1
649,ZFM-05248,2023-03-01,5HT,e34470a5-3770-4665-85fd-a815ad3d8fea,probe23,Region4G,0,0,,/mnt/h0/kb/data/one/mainenlab/Subjects/ZFM-05248/2023-03-01/001/raw_photometry_data/raw_photometry.csv,,/mnt/h0/kb/data/external_drive/2023-03-01/bonsai_DI00.csv,TRUE,TRUE,raw_behavior_data/_iblrig_taskData.raw.jsonable,674,673,-12.50488783,-1
650,ZFM-04019,2023-03-02,DA,89b8ef70-e620-49c2-a0f7-09890ba9fc0e,probe11,Region3G,4,1,,/mnt/h0/kb/data/one/mainenlab/Subjects/ZFM-04019/2023-03-02/001/raw_photometry_data/raw_photometry.csv,,/mnt/h0/kb/data/external_drive/2023-03-02/bonsai_DI14.csv,TRUE,TRUE,raw_behavior_data/_iblrig_taskData.raw.jsonable,1002,1001,-0.1584244234,-1
651,ZFM-04534,2023-03-02,NE,5425e864-71d4-46a6-89f8-25387e82e27b,probe18,Region4G,4,0,,/mnt/h0/kb/data/one/mainenlab/Subjects/ZFM-04534/2023-03-02/001/raw_photometry_data/raw_photometry.csv,,/mnt/h0/kb/data/external_drive/2023-03-02/bonsai_DI04.csv,TRUE,TRUE,raw_behavior_data/_iblrig_taskData.raw.jsonable,218,217,-8.675503093,-1
652,ZFM-05236,2023-03-02,5HT,dcbd69d4-af03-49ce-a528-045e5ced7289,probe21,Region3G,1,0,,/mnt/h0/kb/data/one/mainenlab/Subjects/ZFM-05236/2023-03-02/001/raw_photometry_data/raw_photometry.csv,,/mnt/h0/kb/data/external_drive/2023-03-02/bonsai_DI01.csv,TRUE,TRUE,raw_behavior_data/_iblrig_taskData.raw.jsonable,915,914,-3.171452218,-1
653,ZFM-05245,2023-03-02,5HT,82e249d6-fdd8-4cdc-927f-d0ff45063c85,probe22,Region4G,1,1,,/mnt/h0/kb/data/one/mainenlab/Subjects/ZFM-05245/2023-03-02/001/raw_photometry_data/raw_photometry.csv,,/mnt/h0/kb/data/external_drive/2023-03-02/bonsai_DI11.csv,TRUE,TRUE,raw_behavior_data/_iblrig_taskData.raw.jsonable,908,907,-5.457117857,-1
654,ZFM-05248,2023-03-02,5HT,221ef514-77a1-4d80-afd8-a94bd6bda632,probe23,Region4G,0,0,,/mnt/h0/kb/data/one/mainenlab/Subjects/ZFM-05248/2023-03-02/001/raw_photometry_data/raw_photometry.csv,,/mnt/h0/kb/data/external_drive/2023-03-02/bonsai_DI00.csv,TRUE,TRUE,raw_behavior_data/_iblrig_taskData.raw.jsonable,1009,1008,-4.315051338,-1
655,ZFM-05236,2023-03-03,5HT,1f585edf-0e43-46f4-9069-b4ed61c32c0f,probe21,Region3G,0,1,,/mnt/h0/kb/data/one/mainenlab/Subjects/ZFM-05236/2023-03-03/001/raw_photometry_data/raw_photometry.csv,,/mnt/h0/kb/data/external_drive/2023-03-03/bonsai_DI10.csv,TRUE,TRUE,raw_behavior_data/_iblrig_taskData.raw.jsonable,722,721,9.872179472,-1
656,ZFM-05236,2023-03-06,5HT,72a5e765-efaf-49a5-831b-3cc35ec76517,probe21,Region3G,1,0,,/mnt/h0/kb/data/one/mainenlab/Subjects/ZFM-05236/2023-03-06/001/raw_photometry_data/raw_photometry.csv,,/mnt/h0/kb/data/external_drive/2023-03-06/bonsai_DI01.csv,TRUE,TRUE,raw_behavior_data/_iblrig_taskData.raw.jsonable,738,737,-18.21323476,-1
657,ZFM-05245,2023-03-06,5HT,2ac33f48-6efb-4544-be5c-5ec2c6bd023f,probe22,Region4G,0,1,,/mnt/h0/kb/data/one/mainenlab/Subjects/ZFM-05245/2023-03-06/001/raw_photometry_data/raw_photometry.csv,,/mnt/h0/kb/data/external_drive/2023-03-06/bonsai_DI10.csv,TRUE,TRUE,raw_behavior_data/_iblrig_taskData.raw.jsonable,825,824,5.812640443,-1
658,ZFM-05235,2023-03-07,5HT,d8aee2ec-9d50-4c8d-bafb-e4601c231b75,probe20,Region4G,0,0,,/mnt/h0/kb/data/one/mainenlab/Subjects/ZFM-05235/2023-03-07/001/raw_photometry_data/raw_photometry.csv,,/mnt/h0/kb/data/external_drive/2023-03-07/bonsai_DI00.csv,TRUE,TRUE,raw_behavior_data/_iblrig_taskData.raw.jsonable,630,629,-19.97775509,-1
659,ZFM-05248,2023-03-07,5HT,77fcafb4-08db-488e-8446-a8ed26a5bb3c,probe23,Region3G,0,1,,/mnt/h0/kb/data/one/mainenlab/Subjects/ZFM-05248/2023-03-07/002/raw_photometry_data/raw_photometry.csv,,/mnt/h0/kb/data/external_drive/2023-03-07/bonsai_DI10.csv,TRUE,TRUE,raw_behavior_data/_iblrig_taskData.raw.jsonable,685,684,-9.767114118,-1
660,ZFM-05235,2023-03-10,5HT,3063f519-ed42-4d75-a925-6a6754f3b050,probe20,Region4G,0,0,,/mnt/h0/kb/data/one/mainenlab/Subjects/ZFM-05235/2023-03-10/001/raw_photometry_data/raw_photometry.csv,,/mnt/h0/kb/data/external_drive/2023-03-10/bonsai_DI00.csv,TRUE,TRUE,raw_behavior_data/_iblrig_taskData.raw.jsonable,529,528,-7.797458492,-1
661,ZFM-05236,2023-03-10,5HT,674d4571-fdcd-4371-8a96-a7b70903b501,probe21,Region3G,1,0,,/mnt/h0/kb/data/one/mainenlab/Subjects/ZFM-05236/2023-03-10/001/raw_photometry_data/raw_photometry.csv,,/mnt/h0/kb/data/external_drive/2023-03-10/bonsai_DI01.csv,TRUE,TRUE,raw_behavior_data/_iblrig_taskData.raw.jsonable,979,978,1.366921761,-1
662,ZFM-05245,2023-03-10,5HT,7d1671eb-6e78-4944-a0f8-8e45df765468,probe22,Region4G,1,1,,/mnt/h0/kb/data/one/mainenlab/Subjects/ZFM-05245/2023-03-10/001/raw_photometry_data/raw_photometry.csv,,/mnt/h0/kb/data/external_drive/2023-03-10/bonsai_DI11.csv,TRUE,TRUE,raw_behavior_data/_iblrig_taskData.raw.jsonable,895,894,3.367721888,-1
663,ZFM-05248,2023-03-10,5HT,f08f1781-068b-42a9-9a7d-6c02cad2bc99,probe23,Region3G,0,1,,/mnt/h0/kb/data/one/mainenlab/Subjects/ZFM-05248/2023-03-10/001/raw_photometry_data/raw_photometry.csv,,/mnt/h0/kb/data/external_drive/2023-03-10/bonsai_DI10.csv,TRUE,TRUE,raw_behavior_data/_iblrig_taskData.raw.jsonable,699,698,3.95721471,-1
664,ZFM-05236,2023-03-13,5HT,96799584-c84c-4a7c-9bf9-9419f99ec896,probe21,Region3G,0,0,,/mnt/h0/kb/data/one/mainenlab/Subjects/ZFM-05236/2023-03-13/001/raw_photometry_data/raw_photometry.csv,,/mnt/h0/kb/data/external_drive/2023-03-13/bonsai_DI00.csv,TRUE,TRUE,raw_behavior_data/_iblrig_taskData.raw.jsonable,230,229,-9.816082158,-1
665,ZFM-05245,2023-03-13,5HT,19ddec16-aef3-403d-8b75-217a38182dce,probe22,Region4G,0,1,,/mnt/h0/kb/data/one/mainenlab/Subjects/ZFM-05245/2023-03-13/001/raw_photometry_data/raw_photometry.csv,,/mnt/h0/kb/data/external_drive/2023-03-13/bonsai_DI10.csv,TRUE,TRUE,raw_behavior_data/_iblrig_taskData.raw.jsonable,837,837,-2.219978636,0
666,ZFM-05236,2023-03-14,5HT,fdae1a4d-639e-4d22-b065-777cebd3742f,probe21,Region3G,0,0,,/mnt/h0/kb/data/one/mainenlab/Subjects/ZFM-05236/2023-03-14/001/raw_photometry_data/raw_photometry.csv,,/mnt/h0/kb/data/external_drive/2023-03-14/bonsai_DI00.csv,TRUE,TRUE,raw_behavior_data/_iblrig_taskData.raw.jsonable,622,621,-10.72167659,-1
667,ZFM-05245,2023-03-14,5HT,0e94299d-0964-4c4b-be26-8100bc7e3d68,probe22,Region4G,0,1,,/mnt/h0/kb/data/one/mainenlab/Subjects/ZFM-05245/2023-03-14/001/raw_photometry_data/raw_photometry.csv,,/mnt/h0/kb/data/external_drive/2023-03-14/bonsai_DI10.csv,TRUE,TRUE,raw_behavior_data/_iblrig_taskData.raw.jsonable,977,976,-8.33323191,-1
668,ZFM-05248,2023-03-14,5HT,25d211b0-ea0a-4cbf-a280-ff57294b4e73,probe23,Region4G,1,0,,/mnt/h0/kb/data/one/mainenlab/Subjects/ZFM-05248/2023-03-14/001/raw_photometry_data/raw_photometry.csv,,/mnt/h0/kb/data/external_drive/2023-03-14/bonsai_DI01.csv,TRUE,TRUE,raw_behavior_data/_iblrig_taskData.raw.jsonable,851,850,-13.56696625,-1
669,ZFM-05235,2023-03-15,5HT,fe1ad473-b4c3-4145-b44f-59c6d040aa0e,probe20,Region4G,0,0,,/mnt/h0/kb/data/one/mainenlab/Subjects/ZFM-05235/2023-03-15/001/raw_photometry_data/raw_photometry.csv,,/mnt/h0/kb/data/external_drive/2023-03-15/bonsai_DI00.csv,TRUE,TRUE,raw_behavior_data/_iblrig_taskData.raw.jsonable,747,746,-8.935256349,-1
670,ZFM-05236,2023-03-15,5HT,d7bf2611-00bc-42d3-95c6-ac120753cd94,probe21,Region3G,3,0,,/mnt/h0/kb/data/one/mainenlab/Subjects/ZFM-05236/2023-03-15/004/raw_photometry_data/raw_photometry.csv,,/mnt/h0/kb/data/external_drive/2023-03-15/bonsai_DI03.csv,TRUE,TRUE,raw_behavior_data/_iblrig_taskData.raw.jsonable,956,955,-16.44639095,-1
671,ZFM-05245,2023-03-15,5HT,512c88d3-1efa-4dfe-a73b-fa9117db5454,probe22,Region4G,3,1,,/mnt/h0/kb/data/one/mainenlab/Subjects/ZFM-05245/2023-03-15/002/raw_photometry_data/raw_photometry.csv,,/mnt/h0/kb/data/external_drive/2023-03-15/bonsai_DI13.csv,TRUE,TRUE,raw_behavior_data/_iblrig_taskData.raw.jsonable,1054,1053,3.73479726,-1
672,ZFM-05248,2023-03-15,5HT,31aa7e8d-e630-4879-98fc-ff25fc525a13,probe23,Region3G,0,1,,/mnt/h0/kb/data/one/mainenlab/Subjects/ZFM-05248/2023-03-15/002/raw_photometry_data/raw_photometry.csv,,/mnt/h0/kb/data/external_drive/2023-03-15/bonsai_DI10.csv,TRUE,TRUE,raw_behavior_data/_iblrig_taskData.raw.jsonable,995,994,-4.997061664,-1
673,ZFM-04019,2023-03-16,DA,46fe69ff-d001-4608-a15e-d5e029c14fc3,probe11,Region3G,3,1,,/mnt/h0/kb/data/one/mainenlab/Subjects/ZFM-04019/2023-03-16/001/raw_photometry_data/raw_photometry.csv,,/mnt/h0/kb/data/external_drive/2023-03-16/bonsai_DI13.csv,TRUE,TRUE,raw_behavior_data/_iblrig_taskData.raw.jsonable,1084,1083,-4.085248987,-1
674,ZFM-04534,2023-03-16,NE,2e7a8008-c655-47c0-aaae-31c8a9f473e5,probe18,Region4G,3,0,,/mnt/h0/kb/data/one/mainenlab/Subjects/ZFM-04534/2023-03-16/001/raw_photometry_data/raw_photometry.csv,,/mnt/h0/kb/data/external_drive/2023-03-16/bonsai_DI03.csv,TRUE,TRUE,raw_behavior_data/_iblrig_taskData.raw.jsonable,525,524,-2.514279364,-1
675,ZFM-05236,2023-03-16,5HT,0cfad1ba-d410-4e78-be5e-2a817bc9ca48,probe21,Region3G,1,0,,/mnt/h0/kb/data/one/mainenlab/Subjects/ZFM-05236/2023-03-16/001/raw_photometry_data/raw_photometry.csv,,/mnt/h0/kb/data/external_drive/2023-03-16/bonsai_DI01.csv,TRUE,TRUE,raw_behavior_data/_iblrig_taskData.raw.jsonable,762,761,1.796359161,-1
676,ZFM-05245,2023-03-16,5HT,5743661d-a36d-4c4f-a2ef-51fbeee79b7c,probe22,Region4G,1,1,,/mnt/h0/kb/data/one/mainenlab/Subjects/ZFM-05245/2023-03-16/001/raw_photometry_data/raw_photometry.csv,,/mnt/h0/kb/data/external_drive/2023-03-16/bonsai_DI11.csv,TRUE,TRUE,raw_behavior_data/_iblrig_taskData.raw.jsonable,943,942,5.163830935,-1
677,ZFM-05248,2023-03-16,5HT,1c09046e-48d8-47f3-9d07-2241e3f3a136,probe23,Region3G,0,1,,/mnt/h0/kb/data/one/mainenlab/Subjects/ZFM-05248/2023-03-16/001/raw_photometry_data/raw_photometry.csv,/mnt/h0/kb/data/external_drive/2023-03-16/raw_photometry0.csv,/mnt/h0/kb/data/external_drive/2023-03-16/bonsai_DI10.csv,TRUE,TRUE,raw_behavior_data/_iblrig_taskData.raw.jsonable,997,996,-7.988145933,-1
679,ZFM-05236,2023-03-17,5HT,30848d1f-944c-47c7-949c-e61fd93d2eda,probe21,Region3G,0,0,,/mnt/h0/kb/data/one/mainenlab/Subjects/ZFM-05236/2023-03-17/001/raw_photometry_data/raw_photometry.csv,,/mnt/h0/kb/data/external_drive/2023-03-17/bonsai_DI00.csv,TRUE,TRUE,raw_behavior_data/_iblrig_taskData.raw.jsonable,913,913,-6.485090761,0
680,ZFM-05245,2023-03-17,5HT,40da378d-f08f-4c15-9e3e-8a04a0bf4e23,probe22,Region4G,0,1,,/mnt/h0/kb/data/one/mainenlab/Subjects/ZFM-05245/2023-03-17/001/raw_photometry_data/raw_photometry.csv,,/mnt/h0/kb/data/external_drive/2023-03-17/bonsai_DI10.csv,TRUE,TRUE,raw_behavior_data/_iblrig_taskData.raw.jsonable,911,910,0.4232001883,-1
681,ZFM-05248,2023-03-17,5HT,a7366bb4-8e5d-44fc-97f8-af129659b9c6,probe23,Region3G,2,1,,/mnt/h0/kb/data/one/mainenlab/Subjects/ZFM-05248/2023-03-17/002/raw_photometry_data/raw_photometry.csv,,/mnt/h0/kb/data/external_drive/2023-03-17/bonsai_DI12.csv,TRUE,TRUE,raw_behavior_data/_iblrig_taskData.raw.jsonable,644,643,-17.48078991,-1
682,ZFM-05236,2023-03-20,5HT,8481a1f4-464a-4ae4-bdd0-f9ac13afa053,probe21,Region3G,0,0,,/mnt/h0/kb/data/one/mainenlab/Subjects/ZFM-05236/2023-03-20/001/raw_photometry_data/raw_photometry.csv,,/mnt/h0/kb/data/external_drive/2023-03-20/bonsai_DI00.csv,TRUE,TRUE,raw_behavior_data/_iblrig_taskData.raw.jsonable,343,342,-8.692357206,-1
683,ZFM-05245,2023-03-20,5HT,26b1e8e2-47c8-4925-9ae5-43929635294d,probe22,Region4G,0,1,,/mnt/h0/kb/data/one/mainenlab/Subjects/ZFM-05245/2023-03-20/001/raw_photometry_data/raw_photometry.csv,,/mnt/h0/kb/data/external_drive/2023-03-20/bonsai_DI10.csv,TRUE,TRUE,raw_behavior_data/_iblrig_taskData.raw.jsonable,827,826,-3.231286952,-1
684,ZFM-05236,2023-03-21,5HT,b55591a9-351e-4d87-b5c3-84789be4efbf,probe21,Region3G,0,0,,/mnt/h0/kb/data/external_drive/2023-03-21/raw_photometry0.csv,,/mnt/h0/kb/data/external_drive/2023-03-21/bonsai_DI00.csv,TRUE,TRUE,raw_behavior_data/_iblrig_taskData.raw.jsonable,603,602,3.672193183,-1
685,ZFM-05248,2023-03-21,5HT,9f6567f4-ae65-4df6-8844-d7ee913354a0,probe23,Region3G,2,0,,/mnt/h0/kb/data/one/mainenlab/Subjects/ZFM-05248/2023-03-21/002/raw_photometry_data/raw_photometry.csv,,/mnt/h0/kb/data/external_drive/2023-03-21/bonsai_DI02.csv,TRUE,TRUE,raw_behavior_data/_iblrig_taskData.raw.jsonable,385,384,-10.33212115,-1
686,ZFM-04019,2023-03-22,DA,b5e94727-4842-4e81-830a-2b48b60ecf0b,probe11,Region4G,2,0,,/mnt/h0/kb/data/one/mainenlab/Subjects/ZFM-04019/2023-03-22/001/raw_photometry_data/raw_photometry.csv,,/mnt/h0/kb/data/external_drive/2023-03-22/bonsai_DI02.csv,TRUE,TRUE,raw_behavior_data/_iblrig_taskData.raw.jsonable,357,356,-0.1029987869,-1
687,ZFM-05235,2023-03-22,5HT,30d401e0-96f5-44c7-9cce-cf2de823cf78,probe20,Region4G,1,0,,/mnt/h0/kb/data/one/mainenlab/Subjects/ZFM-05235/2023-03-22/001/raw_photometry_data/raw_photometry.csv,,/mnt/h0/kb/data/external_drive/2023-03-22/bonsai_DI01.csv,TRUE,TRUE,raw_behavior_data/_iblrig_taskData.raw.jsonable,1036,1035,-5.128069644,-1
688,ZFM-05236,2023-03-22,5HT,336ea054-9380-41dd-a897-64cfcfebde65,probe21,Region3G,0,0,,/mnt/h0/kb/data/one/mainenlab/Subjects/ZFM-05236/2023-03-22/005/raw_photometry_data/raw_photometry.csv,,/mnt/h0/kb/data/external_drive/2023-03-22/bonsai_DI00.csv,TRUE,TRUE,raw_behavior_data/_iblrig_taskData.raw.jsonable,654,653,2.536022963,-1
689,ZFM-05245,2023-03-22,5HT,16aa7570-578f-4daa-8244-844716fb1320,probe22,Region4G,0,1,,/mnt/h0/kb/data/one/mainenlab/Subjects/ZFM-05245/2023-03-22/003/raw_photometry_data/raw_photometry.csv,,/mnt/h0/kb/data/external_drive/2023-03-22/bonsai_DI10.csv,TRUE,TRUE,raw_behavior_data/_iblrig_taskData.raw.jsonable,729,729,-4.040896373,0
690,ZFM-05248,2023-03-22,5HT,87aa70c9-02d8-4f22-8e8a-bafff6597c9b,probe23,Region3G,1,1,,/mnt/h0/kb/data/one/mainenlab/Subjects/ZFM-05248/2023-03-22/002/raw_photometry_data/raw_photometry.csv,,/mnt/h0/kb/data/external_drive/2023-03-22/bonsai_DI11.csv,TRUE,TRUE,raw_behavior_data/_iblrig_taskData.raw.jsonable,900,899,-4.702335152,-1
691,ZFM-05235,2023-03-23,5HT,cb25dead-c27b-40d7-b52e-d32cc6ddf1f6,probe20,Region4G,1,0,,/mnt/h0/kb/data/one/mainenlab/Subjects/ZFM-05235/2023-03-23/001/raw_photometry_data/raw_photometry.csv,/mnt/h0/kb/data/external_drive/2023-03-23/raw_photometry1.csv,/mnt/h0/kb/data/one/mainenlab/Subjects/ZFM-05235/2023-03-23/001/raw_photometry_data/raw_digital_input.csv,TRUE,TRUE,raw_behavior_data/_iblrig_taskData.raw.jsonable,983,982,-9.247637034,-1
693,ZFM-05236,2023-03-23,5HT,7a3fa5ee-b1af-4670-8af1-15504aaba538,probe21,Region4G,0,0,,/mnt/h0/kb/data/one/mainenlab/Subjects/ZFM-05236/2023-03-23/001/raw_photometry_data/raw_photometry.csv,,/mnt/h0/kb/data/external_drive/2023-03-23/bonsai_DI00.csv,TRUE,TRUE,raw_behavior_data/_iblrig_taskData.raw.jsonable,1004,1003,-6.158442974,-1
694,ZFM-05245,2023-03-23,5HT,b52fcc2d-2079-4690-ba28-46761d098bf4,probe22,Region3G,0,1,,/mnt/h0/kb/data/one/mainenlab/Subjects/ZFM-05245/2023-03-23/001/raw_photometry_data/raw_photometry.csv,,/mnt/h0/kb/data/external_drive/2023-03-23/bonsai_DI10.csv,TRUE,TRUE,raw_behavior_data/_iblrig_taskData.raw.jsonable,1080,1079,0.2962246662,-1
695,ZFM-05248,2023-03-23,5HT,5a86f96b-5a14-4735-ad4a-936efaa85dc4,probe23,Region3G,1,1,,/mnt/h0/kb/data/one/mainenlab/Subjects/ZFM-05248/2023-03-23/001/raw_photometry_data/raw_photometry.csv,,/mnt/h0/kb/data/external_drive/2023-03-23/bonsai_DI12.csv,TRUE,TRUE,raw_behavior_data/_iblrig_taskData.raw.jsonable,1127,1126,-5.482697236,-1
696,ZFM-04019,2023-03-24,DA,82114940-6291-4e2c-8d3e-4f3b73c081de,probe11,Region3G,1,0,,/mnt/h0/kb/data/one/mainenlab/Subjects/ZFM-04019/2023-03-24/001/raw_photometry_data/raw_photometry.csv,,/mnt/h0/kb/data/external_drive/2023-03-24/bonsai_DI01.csv,TRUE,TRUE,raw_behavior_data/_iblrig_taskData.raw.jsonable,976,975,-6.648984042,-1
697,ZFM-05235,2023-03-24,5HT,e21eb0cd-3401-4765-9d12-9ae6e63468f3,probe20,Region4G,2,0,,/mnt/h0/kb/data/one/mainenlab/Subjects/ZFM-05235/2023-03-24/001/raw_photometry_data/raw_photometry.csv,,/mnt/h0/kb/data/external_drive/2023-03-24/bonsai_DI02.csv,TRUE,TRUE,raw_behavior_data/_iblrig_taskData.raw.jsonable,1453,1452,-11.61598216,-1
698,ZFM-05236,2023-03-24,5HT,13319506-3b45-4e94-85c6-b1080dc7b10a,probe21,Region3G,0,0,,/mnt/h0/kb/data/one/mainenlab/Subjects/ZFM-05236/2023-03-24/001/raw_photometry_data/raw_photometry.csv,,/mnt/h0/kb/data/external_drive/2023-03-24/bonsai_DI00.csv,TRUE,TRUE,raw_behavior_data/_iblrig_taskData.raw.jsonable,1114,1113,-11.878685,-1
699,ZFM-05245,2023-03-24,5HT,7450da43-665b-48d2-ac4d-29082d58ae0a,probe22,Region4G,0,1,,/mnt/h0/kb/data/one/mainenlab/Subjects/ZFM-05245/2023-03-24/001/raw_photometry_data/raw_photometry.csv,,/mnt/h0/kb/data/external_drive/2023-03-24/bonsai_DI10.csv,TRUE,TRUE,raw_behavior_data/_iblrig_taskData.raw.jsonable,1260,1260,1.408074579,0
700,ZFM-05248,2023-03-24,5HT,d1f7fa83-21a1-4f31-90db-b519f7cffa0e,probe23,Region3G,2,1,,/mnt/h0/kb/data/one/mainenlab/Subjects/ZFM-05248/2023-03-24/001/raw_photometry_data/raw_photometry.csv,,/mnt/h0/kb/data/external_drive/2023-03-24/bonsai_DI12.csv,TRUE,TRUE,raw_behavior_data/_iblrig_taskData.raw.jsonable,1142,1141,-3.668751506,-1
701,ZFM-05236,2023-03-27,5HT,17f41d19-3dd6-4857-8463-ecf7cca7f8bf,probe21,Region4G,1,0,,/mnt/h0/kb/data/external_drive/2023-03-27/raw_photometry1.csv,,/mnt/h0/kb/data/external_drive/2023-03-27/bonsai_DI01.csv,TRUE,TRUE,raw_behavior_data/_iblrig_taskData.raw.jsonable,393,392,1.49335425,-1
702,ZFM-04019,2023-03-28,DA,4f99c144-76e2-4f60-90a2-289f952c8eb6,probe11,Region3G,4,1,,/mnt/h0/kb/data/one/mainenlab/Subjects/ZFM-04019/2023-03-28/001/raw_photometry_data/raw_photometry.csv,,/mnt/h0/kb/data/external_drive/2023-03-28/bonsai_DI14.csv,TRUE,TRUE,raw_behavior_data/_iblrig_taskData.raw.jsonable,236,235,-24.79602891,-1
703,ZFM-05236,2023-03-28,5HT,337aeb44-4687-4077-b0b8-93daa9ddf010,probe21,Region4G,1,0,,/mnt/h0/kb/data/one/mainenlab/Subjects/ZFM-05236/2023-03-28/001/raw_photometry_data/raw_photometry.csv,,/mnt/h0/kb/data/external_drive/2023-03-28/bonsai_DI01.csv,TRUE,TRUE,raw_behavior_data/_iblrig_taskData.raw.jsonable,358,357,-7.568024546,-1
704,ZFM-05245,2023-03-28,5HT,d226644e-d10b-4142-9e5e-17aa91f378d6,probe22,Region3G,1,1,,/mnt/h0/kb/data/one/mainenlab/Subjects/ZFM-05245/2023-03-28/001/raw_photometry_data/raw_photometry.csv,,/mnt/h0/kb/data/external_drive/2023-03-28/bonsai_DI11.csv,TRUE,TRUE,raw_behavior_data/_iblrig_taskData.raw.jsonable,808,807,1.274929666,-1
705,ZFM-05248,2023-03-28,5HT,6ec2482d-7928-4f76-b11a-056f5409bf8a,probe23,Region4G,0,0,,/mnt/h0/kb/data/one/mainenlab/Subjects/ZFM-05248/2023-03-28/001/raw_photometry_data/raw_photometry.csv,/mnt/h0/kb/data/external_drive/2023-03-28/raw_photometry0.csv,/mnt/h0/kb/data/external_drive/2023-03-28/bonsai_DI00.csv,TRUE,TRUE,raw_behavior_data/_iblrig_taskData.raw.jsonable,647,646,-7.158580989,-1
707,ZFM-05236,2023-03-29,5HT,1abdd971-e182-44af-a053-257c373dd556,probe21,Region5G,2,0,,/mnt/h0/kb/data/one/mainenlab/Subjects/ZFM-05236/2023-03-29/001/raw_photometry_data/raw_photometry.csv,,/mnt/h0/kb/data/external_drive/2023-03-29/bonsai_DI02.csv,TRUE,TRUE,raw_behavior_data/_iblrig_taskData.raw.jsonable,630,629,1.704236523,-1
708,ZFM-05245,2023-03-29,5HT,e7c37ff1-e3ee-4e82-813f-f408af91730c,probe22,Region3G,2,1,,/mnt/h0/kb/data/one/mainenlab/Subjects/ZFM-05245/2023-03-29/001/raw_photometry_data/raw_photometry.csv,,/mnt/h0/kb/data/external_drive/2023-03-29/bonsai_DI12.csv,TRUE,TRUE,raw_behavior_data/_iblrig_taskData.raw.jsonable,1054,1054,-8.191899324,0
709,ZFM-05248,2023-03-29,5HT,f3e67065-7cef-46a1-b6e2-bcedccdfcee1,probe23,Region3G,0,0,,/mnt/h0/kb/data/one/mainenlab/Subjects/ZFM-05248/2023-03-29/002/raw_photometry_data/raw_photometry.csv,,/mnt/h0/kb/data/external_drive/2023-03-29/bonsai_DI00.csv,TRUE,TRUE,raw_behavior_data/_iblrig_taskData.raw.jsonable,760,759,-3.503108509,-1
710,ZFM-05235,2023-03-31,5HT,5862e6c2-cf5a-430b-bab3-9d9a48e2ab80,probe20,Region5G,2,0,,/mnt/h0/kb/data/one/mainenlab/Subjects/ZFM-05235/2023-03-31/001/raw_photometry_data/raw_photometry.csv,,/mnt/h0/kb/data/external_drive/2023-03-31/bonsai_DI02.csv,TRUE,TRUE,raw_behavior_data/_iblrig_taskData.raw.jsonable,1128,1127,-10.85409939,-1
711,ZFM-05236,2023-03-31,5HT,738bf463-d046-4567-892a-0efbd21fb01d,probe21,Region5G,1,0,,/mnt/h0/kb/data/one/mainenlab/Subjects/ZFM-05236/2023-03-31/001/raw_photometry_data/raw_photometry.csv,,/mnt/h0/kb/data/external_drive/2023-03-31/bonsai_DI01.csv,TRUE,TRUE,raw_behavior_data/_iblrig_taskData.raw.jsonable,1002,1001,-7.439841894,-1
712,ZFM-05245,2023-03-31,5HT,a54d305f-2089-47ac-8e75-134db4fd3ed9,probe22,Region3G,1,1,,/mnt/h0/kb/data/one/mainenlab/Subjects/ZFM-05245/2023-03-31/001/raw_photometry_data/raw_photometry.csv,,/mnt/h0/kb/data/external_drive/2023-03-31/bonsai_DI11.csv,TRUE,TRUE,raw_behavior_data/_iblrig_taskData.raw.jsonable,995,994,-4.548361174,-1
713,ZFM-05248,2023-03-31,5HT,dc80e090-11c7-4660-bac4-809fd0642234,probe23,Region3G,2,1,,/mnt/h0/kb/data/one/mainenlab/Subjects/ZFM-05248/2023-03-31/001/raw_photometry_data/raw_photometry.csv,,/mnt/h0/kb/data/external_drive/2023-03-31/bonsai_DI12.csv,TRUE,TRUE,raw_behavior_data/_iblrig_taskData.raw.jsonable,954,953,-0.5537455676,-1
714,ZFM-04019,2023-04-03,DA,b0d53975-2e58-480f-8703-3a2a05a2bd24,probe11,Region3G,1,1,,/mnt/h0/kb/data/one/mainenlab/Subjects/ZFM-04019/2023-04-03/001/raw_photometry_data/raw_photometry.csv,,/mnt/h0/kb/data/external_drive/2023-04-03/bonsai_DI11.csv,TRUE,TRUE,raw_behavior_data/_iblrig_taskData.raw.jsonable,126,125,-5.63798313,-1
715,ZFM-05235,2023-04-03,5HT,74f58a22-f0c6-4570-ad9f-3115e51f829a,probe20,Region5G,1,0,,/mnt/h0/kb/data/one/mainenlab/Subjects/ZFM-05235/2023-04-03/001/raw_photometry_data/raw_photometry.csv,,/mnt/h0/kb/data/external_drive/2023-04-03/bonsai_DI01.csv,TRUE,TRUE,raw_behavior_data/_iblrig_taskData.raw.jsonable,752,751,-16.20405401,-1
716,ZFM-05236,2023-04-03,5HT,708a3e0e-d8d7-43a8-b182-6a4192e4dc80,probe21,Region5G,2,0,,/mnt/h0/kb/data/external_drive/2023-04-03/raw_photometry2.csv,,/mnt/h0/kb/data/external_drive/2023-04-03/bonsai_DI02.csv,TRUE,TRUE,raw_behavior_data/_iblrig_taskData.raw.jsonable,190,189,-17.37197445,-1
717,ZFM-04019,2023-04-04,DA,f8980936-90f3-4285-8ec2-a9a051f7f7e4,probe11,Region3G,1,1,,/mnt/h0/kb/data/external_drive/2023-04-04/raw_photometry1.csv,,/mnt/h0/kb/data/external_drive/2023-04-04/bonsai_DI11.csv,TRUE,TRUE,raw_behavior_data/_iblrig_taskData.raw.jsonable,308,281,-9.997187736,-27
718,ZFM-05235,2023-04-04,5HT,6c559422-2c18-4e3b-8f15-2b9628039301,probe20,Region5G,1,0,,/mnt/h0/kb/data/external_drive/2023-04-04/raw_photometry1.csv,,/mnt/h0/kb/data/external_drive/2023-04-04/bonsai_DI01.csv,TRUE,TRUE,raw_behavior_data/_iblrig_taskData.raw.jsonable,1115,1114,-4.807687972,-1
719,ZFM-05236,2023-04-04,5HT,4590ea45-e39a-45cd-925c-542d4a5eb97b,probe21,Region5G,0,0,,/mnt/h0/kb/data/one/mainenlab/Subjects/ZFM-05236/2023-04-04/001/raw_photometry_data/raw_photometry.csv,,/mnt/h0/kb/data/external_drive/2023-04-04/bonsai_DI00.csv,TRUE,TRUE,raw_behavior_data/_iblrig_taskData.raw.jsonable,797,796,-4.817224873,-1
720,ZFM-05245,2023-04-04,5HT,5ca99111-68bd-40cf-a582-7956a9057b0d,probe22,Region3G,0,1,,/mnt/h0/kb/data/one/mainenlab/Subjects/ZFM-05245/2023-04-04/001/raw_photometry_data/raw_photometry.csv,,/mnt/h0/kb/data/external_drive/2023-04-04/bonsai_DI10.csv,TRUE,TRUE,raw_behavior_data/_iblrig_taskData.raw.jsonable,842,841,4.451630548,-1
721,ZFM-05248,2023-04-04,5HT,fe81ae58-44cb-4623-82d4-15a177b771cc,probe23,Region5G,3,0,,/mnt/h0/kb/data/one/mainenlab/Subjects/ZFM-05248/2023-04-04/001/raw_photometry_data/raw_photometry.csv,,/mnt/h0/kb/data/external_drive/2023-04-04/bonsai_DI03.csv,TRUE,TRUE,raw_behavior_data/_iblrig_taskData.raw.jsonable,528,528,-0.5479382952,0
722,ZFM-05235,2023-04-05,5HT,7546cd5b-f351-4450-80dc-315780181c6d,probe20,Region5G,0,0,,/mnt/h0/kb/data/one/mainenlab/Subjects/ZFM-05235/2023-04-05/001/raw_photometry_data/raw_photometry.csv,,/mnt/h0/kb/data/external_drive/2023-04-05/bonsai_DI00.csv,TRUE,TRUE,raw_behavior_data/_iblrig_taskData.raw.jsonable,1224,1223,-4.425814417,-1
723,ZFM-05236,2023-04-05,5HT,85764273-c611-491f-b4f5-de127dde1cf1,probe21,Region3G,2,0,,/mnt/h0/kb/data/one/mainenlab/Subjects/ZFM-05236/2023-04-05/001/raw_photometry_data/raw_photometry.csv,,/mnt/h0/kb/data/external_drive/2023-04-05/bonsai_DI02.csv,TRUE,TRUE,raw_behavior_data/_iblrig_taskData.raw.jsonable,874,874,-6.741767166,0
724,ZFM-05248,2023-04-05,5HT,d9e81a3a-920f-48bc-a7c0-19fe2345c30e,probe23,Region3G,0,1,,/mnt/h0/kb/data/one/mainenlab/Subjects/ZFM-05248/2023-04-05/001/raw_photometry_data/raw_photometry.csv,,/mnt/h0/kb/data/external_drive/2023-04-05/bonsai_DI10.csv,TRUE,TRUE,raw_behavior_data/_iblrig_taskData.raw.jsonable,1034,1034,-1.326869852,0
725,ZFM-05236,2023-04-06,5HT,5e847644-4e5b-4074-bb48-8218c0fa76fd,probe21,Region5G,1,0,,/mnt/h0/kb/data/one/mainenlab/Subjects/ZFM-05236/2023-04-06/001/raw_photometry_data/raw_photometry.csv,,/mnt/h0/kb/data/external_drive/2023-04-06/bonsai_DI01.csv,TRUE,TRUE,raw_behavior_data/_iblrig_taskData.raw.jsonable,933,932,-7.054610445,-1
726,ZFM-05236,2023-04-07,5HT,86e88a0d-a637-4bf4-a215-ef6013277234,probe21,Region6G,0,0,,/mnt/h0/kb/data/one/mainenlab/Subjects/ZFM-05236/2023-04-07/001/raw_photometry_data/raw_photometry.csv,,/mnt/h0/kb/data/external_drive/2023-04-07/bonsai_DI00.csv,TRUE,TRUE,raw_behavior_data/_iblrig_taskData.raw.jsonable,1052,1051,-8.010887603,-1
727,ZFM-05235,2023-06-21,5HT,66d7a5cf-28f3-4360-9009-4680edb00cbb,probe20,Region4G,1,0,,/mnt/h0/kb/data/one/mainenlab/Subjects/ZFM-05235/2023-06-21/001/raw_photometry_data/raw_photometry.csv,,/mnt/h0/kb/data/external_drive/2023-06-21/bonsai_DI01.csv,TRUE,TRUE,raw_behavior_data/_iblrig_taskData.raw.jsonable,410,409,-17.80771709,-1
728,ZFM-05236,2023-06-21,5HT,8bfac9d7-fbfe-4175-b5df-58ff91b5acdd,probe21,Region4G,0,0,,/mnt/h0/kb/data/one/mainenlab/Subjects/ZFM-05236/2023-06-21/005/raw_photometry_data/raw_photometry.csv,,/mnt/h0/kb/data/external_drive/2023-06-21/bonsai_DI00.csv,TRUE,TRUE,raw_behavior_data/_iblrig_taskData.raw.jsonable,469,468,-7.723897697,-1
729,ZFM-05248,2023-06-21,5HT,3cb024c2-b9da-4538-9b6a-0cfbaab3d118,probe23,Region3G,1,1,,/mnt/h0/kb/data/one/mainenlab/Subjects/ZFM-05248/2023-06-21/001/raw_photometry_data/raw_photometry.csv,,/mnt/h0/kb/data/external_drive/2023-06-21/bonsai_DI11.csv,TRUE,TRUE,raw_behavior_data/_iblrig_taskData.raw.jsonable,593,592,-4.591941819,-1
730,ZFM-05235,2023-06-23,5HT,6b9f04a1-d699-44b6-9b95-5bfc340fa52b,probe20,Region4G,2,0,,/mnt/h0/kb/data/one/mainenlab/Subjects/ZFM-05235/2023-06-23/001/raw_photometry_data/raw_photometry.csv,,/mnt/h0/kb/data/external_drive/2023-06-23/bonsai_DI02.csv,TRUE,TRUE,raw_behavior_data/_iblrig_taskData.raw.jsonable,470,469,-25.1210672,-1
731,ZFM-05236,2023-06-23,5HT,ba98d015-7c70-4d15-bde3-658d667e72ff,probe21,Region4G,1,0,,/mnt/h0/kb/data/one/mainenlab/Subjects/ZFM-05236/2023-06-23/001/raw_photometry_data/raw_photometry.csv,,/mnt/h0/kb/data/external_drive/2023-06-23/bonsai_DI01.csv,TRUE,TRUE,raw_behavior_data/_iblrig_taskData.raw.jsonable,670,670,-9.089846468,0
732,ZFM-05248,2023-06-23,5HT,10f2979e-6468-4f48-af70-5b4e35cb9340,probe23,Region3G,2,1,,/mnt/h0/kb/data/one/mainenlab/Subjects/ZFM-05248/2023-06-23/001/raw_photometry_data/raw_photometry.csv,,/mnt/h0/kb/data/external_drive/2023-06-23/bonsai_DI12.csv,TRUE,TRUE,raw_behavior_data/_iblrig_taskData.raw.jsonable,790,789,-3.487075244,-1
733,ZFM-05235,2023-06-26,5HT,ec6db5c7-23e9-4e0d-9feb-b8774e30a388,probe20,Region5G,3,0,,/mnt/h0/kb/data/one/mainenlab/Subjects/ZFM-05235/2023-06-26/001/raw_photometry_data/raw_photometry.csv,,/mnt/h0/kb/data/external_drive/2023-06-26/bonsai_DI03.csv,TRUE,TRUE,raw_behavior_data/_iblrig_taskData.raw.jsonable,422,421,-21.4954453,-1
734,ZFM-05236,2023-06-26,5HT,7498c624-f308-47f1-b44b-9354026816b9,probe21,Region4G,1,0,,/mnt/h0/kb/data/one/mainenlab/Subjects/ZFM-05236/2023-06-26/001/raw_photometry_data/raw_photometry.csv,,/mnt/h0/kb/data/external_drive/2023-06-26/bonsai_DI01.csv,TRUE,TRUE,raw_behavior_data/_iblrig_taskData.raw.jsonable,512,511,0.6244063894,-1
735,ZFM-05248,2023-06-26,5HT,df1d5d83-ad49-4779-9817-9099801cbaa4,probe23,Region3G,3,1,,/mnt/h0/kb/data/one/mainenlab/Subjects/ZFM-05248/2023-06-26/001/raw_photometry_data/raw_photometry.csv,,/mnt/h0/kb/data/external_drive/2023-06-26/bonsai_DI13.csv,TRUE,TRUE,raw_behavior_data/_iblrig_taskData.raw.jsonable,780,779,-3.137158972,-1
736,ZFM-04019,2023-06-27,DA,61e2e055-e7ba-4e10-85ac-50f2ce4e82c5,probe11,Region3G,1,0,,/mnt/h0/kb/data/one/mainenlab/Subjects/ZFM-04019/2023-06-27/003/raw_photometry_data/raw_photometry.csv,,/mnt/h0/kb/data/external_drive/2023-06-27/bonsai_DI01.csv,TRUE,TRUE,raw_behavior_data/_iblrig_taskData.raw.jsonable,840,839,-1.253449785,-1
737,ZFM-05235,2023-06-27,5HT,770c1a1f-3b7b-43e1-934e-102a3b22faf9,probe20,Region3G,3,0,,/mnt/h0/kb/data/one/mainenlab/Subjects/ZFM-05235/2023-06-27/001/raw_photometry_data/raw_photometry.csv,,/mnt/h0/kb/data/external_drive/2023-06-27/bonsai_DI03.csv,TRUE,TRUE,raw_behavior_data/_iblrig_taskData.raw.jsonable,555,554,-1.987531538,-1
738,ZFM-05236,2023-06-27,5HT,57c0be0d-5010-4257-bab5-dbf7eca081f3,probe21,Region4G,2,0,,/mnt/h0/kb/data/one/mainenlab/Subjects/ZFM-05236/2023-06-27/001/raw_photometry_data/raw_photometry.csv,,/mnt/h0/kb/data/external_drive/2023-06-27/bonsai_DI02.csv,TRUE,TRUE,raw_behavior_data/_iblrig_taskData.raw.jsonable,640,639,-10.80605375,-1
739,ZFM-05248,2023-06-27,5HT,3f4b9711-7cea-41f2-9fc5-ee095fcad5c0,probe23,Region3G,0,0,,/mnt/h0/kb/data/one/mainenlab/Subjects/ZFM-05248/2023-06-27/001/raw_photometry_data/raw_photometry.csv,,/mnt/h0/kb/data/external_drive/2023-06-27/bonsai_DI00.csv,TRUE,TRUE,raw_behavior_data/_iblrig_taskData.raw.jsonable,635,634,-7.691105293,-1
740,ZFM-04022,2023-07-03,DA,2b051f03-6723-476f-b8e6-f309a119dde7,probe13,Region4G,3,1,,/mnt/h0/kb/data/one/mainenlab/Subjects/ZFM-04022/2023-07-03/001/raw_photometry_data/raw_photometry.csv,,/mnt/h0/kb/data/external_drive/2023-07-03/bonsai_DI13.csv,TRUE,TRUE,raw_behavior_data/_iblrig_taskData.raw.jsonable,188,187,-15.22403571,-1
741,ZFM-05235,2023-07-03,5HT,ff0ca404-8f5c-4a6c-9535-d8e62270112f,probe20,Region4G,1,0,,/mnt/h0/kb/data/one/mainenlab/Subjects/ZFM-05235/2023-07-03/001/raw_photometry_data/raw_photometry.csv,,/mnt/h0/kb/data/external_drive/2023-07-03/bonsai_DI01.csv,TRUE,TRUE,raw_behavior_data/_iblrig_taskData.raw.jsonable,276,275,-15.02583731,-1
742,ZFM-05236,2023-07-03,5HT,e69221c7-b533-42dc-8631-000279a45a70,probe21,Region4G,2,0,,/mnt/h0/kb/data/one/mainenlab/Subjects/ZFM-05236/2023-07-03/001/raw_photometry_data/raw_photometry.csv,,/mnt/h0/kb/data/external_drive/2023-07-03/bonsai_DI02.csv,TRUE,TRUE,raw_behavior_data/_iblrig_taskData.raw.jsonable,349,348,7.217002071,-1
743,ZFM-05245,2023-07-03,5HT,55d7f234-cc47-44a6-bb36-086c854eff00,probe22,Region3G,2,1,,/mnt/h0/kb/data/one/mainenlab/Subjects/ZFM-05245/2023-07-03/001/raw_photometry_data/raw_photometry.csv,,/mnt/h0/kb/data/external_drive/2023-07-03/bonsai_DI12.csv,TRUE,TRUE,raw_behavior_data/_iblrig_taskData.raw.jsonable,304,304,-9.837841547,0
744,ZFM-05248,2023-07-03,5HT,b0c91134-9ee0-48c9-ab86-bef2f77bcf99,probe23,Region3G,1,1,,/mnt/h0/kb/data/one/mainenlab/Subjects/ZFM-05248/2023-07-03/001/raw_photometry_data/raw_photometry.csv,,/mnt/h0/kb/data/external_drive/2023-07-03/bonsai_DI11.csv,TRUE,TRUE,raw_behavior_data/_iblrig_taskData.raw.jsonable,602,601,-11.86273485,-1
745,ZFM-05235,2023-07-04,5HT,ce9e5e1e-9aa9-4386-9077-1c74484efb22,probe20,Region3G,0,0,,/mnt/h0/kb/data/external_drive/2023-07-04/raw_photometry0.csv,,/mnt/h0/kb/data/external_drive/2023-07-04/bonsai_DI00.csv,TRUE,TRUE,raw_behavior_data/_iblrig_taskData.raw.jsonable,402,401,-9.086598743,-1
746,ZFM-05236,2023-07-04,5HT,cb7994bf-f063-46ea-bd05-aa6e9a2fc7ef,probe21,Region3G,3,0,,/mnt/h0/kb/data/one/mainenlab/Subjects/ZFM-05236/2023-07-04/001/raw_photometry_data/raw_photometry.csv,,/mnt/h0/kb/data/external_drive/2023-07-04/bonsai_DI03.csv,TRUE,TRUE,raw_behavior_data/_iblrig_taskData.raw.jsonable,560,559,-10.44820706,-1
747,ZFM-05245,2023-07-04,5HT,274c4683-ef2a-471a-841f-af634446ec8d,probe22,Region5G,2,1,,/mnt/h0/kb/data/one/mainenlab/Subjects/ZFM-05245/2023-07-04/001/raw_photometry_data/raw_photometry.csv,,/mnt/h0/kb/data/external_drive/2023-07-04/bonsai_DI12.csv,TRUE,TRUE,raw_behavior_data/_iblrig_taskData.raw.jsonable,543,542,-14.52154656,-1
748,ZFM-05235,2023-07-05,5HT,c6206a6a-82d7-4b00-a22f-284e142afb05,probe20,Region3G,0,0,,/mnt/h0/kb/data/one/mainenlab/Subjects/ZFM-05235/2023-07-05/001/raw_photometry_data/raw_photometry.csv,,/mnt/h0/kb/data/external_drive/2023-07-05/bonsai_DI00.csv,TRUE,TRUE,raw_behavior_data/_iblrig_taskData.raw.jsonable,379,378,13.14151284,-1
749,ZFM-05236,2023-07-05,5HT,5b7c1f53-0c33-4ac3-8838-2926f46abf13,probe21,Region3G,4,0,,/mnt/h0/kb/data/one/mainenlab/Subjects/ZFM-05236/2023-07-05/001/raw_photometry_data/raw_photometry.csv,,/mnt/h0/kb/data/external_drive/2023-07-05/bonsai_DI04.csv,TRUE,TRUE,raw_behavior_data/_iblrig_taskData.raw.jsonable,648,647,-15.30058535,-1
750,ZFM-05245,2023-07-05,5HT,490f4be9-de15-4251-aae4-2e059bbc03c9,probe22,Region4G,4,1,,/mnt/h0/kb/data/one/mainenlab/Subjects/ZFM-05245/2023-07-05/001/raw_photometry_data/raw_photometry.csv,,/mnt/h0/kb/data/external_drive/2023-07-05/bonsai_DI14.csv,TRUE,TRUE,raw_behavior_data/_iblrig_taskData.raw.jsonable,644,643,-6.84168636,-1
751,ZFM-05235,2023-07-06,5HT,5fb4cceb-744f-4505-8892-054ae3581c55,probe20,Region4G,5,0,,/mnt/h0/kb/data/one/mainenlab/Subjects/ZFM-05235/2023-07-06/001/raw_photometry_data/raw_photometry.csv,,/mnt/h0/kb/data/external_drive/2023-07-06/bonsai_DI05.csv,TRUE,TRUE,raw_task_data_00/_iblrig_taskData.raw.jsonable,1611,591,-21.07613359,-1020
752,ZFM-05245,2023-07-06,5HT,be3208c9-43de-44dc-bdc6-ff8963464f98,probe22,Region4G,0,1,,/mnt/h0/kb/data/one/mainenlab/Subjects/ZFM-05245/2023-07-06/001/raw_photometry_data/raw_photometry.csv,,/mnt/h0/kb/data/external_drive/2023-07-06/bonsai_DI10.csv,TRUE,TRUE,raw_behavior_data/_iblrig_taskData.raw.jsonable,827,826,-5.325905473,-1
753,ZFM-05235,2023-07-07,5HT,3fbea691-8a43-4ae5-b2ff-d22ed34070d4,probe20,Region4G,0,0,,/mnt/h0/kb/data/one/mainenlab/Subjects/ZFM-05235/2023-07-07/001/raw_photometry_data/raw_photometry.csv,,/mnt/h0/kb/data/external_drive/2023-07-07/bonsai_DI00.csv,TRUE,TRUE,raw_task_data_00/_iblrig_taskData.raw.jsonable,1947,715,-16.97086318,-1232
754,ZFM-05245,2023-07-07,5HT,8996a0d0-3b23-4d7e-92a4-8272b4bb5a9f,probe22,Region3G,0,1,,/mnt/h0/kb/data/one/mainenlab/Subjects/ZFM-05245/2023-07-07/001/raw_photometry_data/raw_photometry.csv,,/mnt/h0/kb/data/external_drive/2023-07-07/bonsai_DI10.csv,TRUE,TRUE,raw_behavior_data/_iblrig_taskData.raw.jsonable,827,826,-3.711731147,-1
755,ZFM-05248,2023-07-07,5HT,bca1e711-bd2a-411e-afe2-8da1308994c3,probe23,Region4G,5,1,,/mnt/h0/kb/data/one/mainenlab/Subjects/ZFM-05248/2023-07-07/001/raw_photometry_data/raw_photometry.csv,,/mnt/h0/kb/data/external_drive/2023-07-07/bonsai_DI15.csv,TRUE,TRUE,raw_behavior_data/_iblrig_taskData.raw.jsonable,704,704,-2.323181374,0
756,ZFM-04022,2023-07-11,DA,afef8af4-2812-49a9-be2a-85ef210a28e3,probe13,Region4G,2,1,,/mnt/h0/kb/data/one/mainenlab/Subjects/ZFM-04022/2023-07-11/001/raw_photometry_data/raw_photometry.csv,,/mnt/h0/kb/data/external_drive/2023-07-11/bonsai_DI12.csv,TRUE,TRUE,raw_behavior_data/_iblrig_taskData.raw.jsonable,219,218,-6.550526489,-1
757,ZFM-05235,2023-07-11,5HT,846e7135-06cb-4f56-8482-93ee82030fb8,probe20,Region3G,5,0,,/mnt/h0/kb/data/one/mainenlab/Subjects/ZFM-05235/2023-07-11/001/raw_photometry_data/raw_photometry.csv,,/mnt/h0/kb/data/external_drive/2023-07-11/bonsai_DI05.csv,TRUE,TRUE,raw_task_data_00/_iblrig_taskData.raw.jsonable,923,362,-20.85692404,-561
758,ZFM-05245,2023-07-11,5HT,40a2c7c5-bdce-4aae-ab2f-e088d82e58d3,probe22,Region3G,3,1,,/mnt/h0/kb/data/one/mainenlab/Subjects/ZFM-05245/2023-07-11/001/raw_photometry_data/raw_photometry.csv,,/mnt/h0/kb/data/external_drive/2023-07-11/bonsai_DI13.csv,TRUE,TRUE,raw_behavior_data/_iblrig_taskData.raw.jsonable,1081,1081,-2.249958688,0
759,ZFM-06171,2023-07-11,NE,e36d532d-4aaa-4631-94d5-ea4d456525ad,probe29,Region4G,4,0,,/mnt/h0/kb/data/one/mainenlab/Subjects/ZFM-06171/2023-07-11/001/raw_photometry_data/raw_photometry.csv,,/mnt/h0/kb/data/external_drive/2023-07-11/bonsai_DI04.csv,TRUE,TRUE,raw_task_data_00/_iblrig_taskData.raw.jsonable,510,207,-20.41351286,-303
760,ZFM-06268,2023-07-11,NE,54eae5aa-65d7-43de-a3bd-6c240c798647,probe25,Region3G,4,1,,/mnt/h0/kb/data/one/mainenlab/Subjects/ZFM-06268/2023-07-11/001/raw_photometry_data/raw_photometry.csv,,/mnt/h0/kb/data/external_drive/2023-07-11/bonsai_DI14.csv,TRUE,TRUE,raw_behavior_data/_iblrig_taskData.raw.jsonable,286,285,0.2039318351,-1
761,ZFM-06271,2023-07-11,NE,d4bec9fb-6f78-4608-861d-bf7e79c6088c,probe26,Region3G,2,0,,/mnt/h0/kb/data/one/mainenlab/Subjects/ZFM-06271/2023-07-11/001/raw_photometry_data/raw_photometry.csv,,/mnt/h0/kb/data/external_drive/2023-07-11/bonsai_DI02.csv,TRUE,TRUE,raw_behavior_data/_iblrig_taskData.raw.jsonable,175,174,-40.19513438,-1
762,ZFM-06272,2023-07-11,NE,f0f9a9f5-61b4-494a-b123-97eda031ca3e,probe27,Region3G,1,1,,/mnt/h0/kb/data/one/mainenlab/Subjects/ZFM-06272/2023-07-11/001/raw_photometry_data/raw_photometry.csv,,/mnt/h0/kb/data/external_drive/2023-07-11/bonsai_DI11.csv,TRUE,TRUE,raw_behavior_data/_iblrig_taskData.raw.jsonable,279,278,-3.409638126,-1
763,ZFM-06272,2023-07-11,NE,f0f9a9f5-61b4-494a-b123-97eda031ca3e,probe28,Region4G,1,1,,/mnt/h0/kb/data/one/mainenlab/Subjects/ZFM-06272/2023-07-11/001/raw_photometry_data/raw_photometry.csv,,/mnt/h0/kb/data/external_drive/2023-07-11/bonsai_DI11.csv,TRUE,TRUE,raw_behavior_data/_iblrig_taskData.raw.jsonable,279,278,-3.409638126,-1
764,ZFM-06275,2023-07-11,NE,b3f33e6f-7e93-4a52-a49d-0f95bdd11e9a,probe30,Region4G,5,1,,/mnt/h0/kb/data/one/mainenlab/Subjects/ZFM-06275/2023-07-11/001/raw_photometry_data/raw_photometry.csv,,/mnt/h0/kb/data/external_drive/2023-07-11/bonsai_DI15.csv,TRUE,TRUE,raw_behavior_data/_iblrig_taskData.raw.jsonable,126,125,-6.639838951,-1
765,ZFM-06275,2023-07-11,NE,b3f33e6f-7e93-4a52-a49d-0f95bdd11e9a,probe31,Region5G,5,1,,/mnt/h0/kb/data/one/mainenlab/Subjects/ZFM-06275/2023-07-11/001/raw_photometry_data/raw_photometry.csv,,/mnt/h0/kb/data/external_drive/2023-07-11/bonsai_DI15.csv,TRUE,TRUE,raw_behavior_data/_iblrig_taskData.raw.jsonable,126,125,-6.639838951,-1
766,ZFM-05235,2023-07-12,5HT,9e8c9727-01de-4384-a274-5f0881d806f0,probe20,Region4G,0,0,,/mnt/h0/kb/data/one/mainenlab/Subjects/ZFM-05235/2023-07-12/001/raw_photometry_data/raw_photometry.csv,,/mnt/h0/kb/data/external_drive/2023-07-12/bonsai_DI00.csv,TRUE,TRUE,raw_task_data_00/_iblrig_taskData.raw.jsonable,1983,768,-17.27038723,-1215
767,ZFM-05245,2023-07-12,5HT,4f9da1a0-5465-410b-83f4-e852cfe61107,probe22,Region3G,3,1,,/mnt/h0/kb/data/one/mainenlab/Subjects/ZFM-05245/2023-07-12/008/raw_photometry_data/raw_photometry.csv,,/mnt/h0/kb/data/external_drive/2023-07-12/bonsai_DI13.csv,TRUE,TRUE,raw_behavior_data/_iblrig_taskData.raw.jsonable,1134,1134,-6.675886205,0
768,ZFM-06171,2023-07-12,NE,f2796bdf-5d09-4743-897e-1761504b37b7,probe29,Region4G,4,0,,/mnt/h0/kb/data/one/mainenlab/Subjects/ZFM-06171/2023-07-12/001/raw_photometry_data/raw_photometry.csv,,/mnt/h0/kb/data/external_drive/2023-07-12/bonsai_DI04.csv,TRUE,TRUE,raw_task_data_00/_iblrig_taskData.raw.jsonable,599,235,-18.55976392,-364
769,ZFM-06268,2023-07-12,NE,b2d12feb-0458-40c6-bfc5-8f1f09c83bc0,probe25,Region3G,5,0,,/mnt/h0/kb/data/one/mainenlab/Subjects/ZFM-06268/2023-07-12/001/raw_photometry_data/raw_photometry.csv,,/mnt/h0/kb/data/external_drive/2023-07-12/bonsai_DI05.csv,TRUE,TRUE,raw_behavior_data/_iblrig_taskData.raw.jsonable,273,272,-13.02992449,-1
770,ZFM-06271,2023-07-12,NE,a0b2d572-b3a1-4f13-be2a-ad9a8c95a428,probe26,Region3G,4,1,,/mnt/h0/kb/data/one/mainenlab/Subjects/ZFM-06271/2023-07-12/001/raw_photometry_data/raw_photometry.csv,,/mnt/h0/kb/data/external_drive/2023-07-12/bonsai_DI14.csv,TRUE,TRUE,raw_behavior_data/_iblrig_taskData.raw.jsonable,286,285,-12.44304686,-1
771,ZFM-06272,2023-07-12,NE,3966a4e3-233a-4915-abcb-0fec2466d04c,probe27,Region3G,2,1,,/mnt/h0/kb/data/one/mainenlab/Subjects/ZFM-06272/2023-07-12/001/raw_photometry_data/raw_photometry.csv,,/mnt/h0/kb/data/external_drive/2023-07-12/bonsai_DI12.csv,TRUE,TRUE,raw_behavior_data/_iblrig_taskData.raw.jsonable,172,171,-18.52209987,-1
772,ZFM-06272,2023-07-12,NE,3966a4e3-233a-4915-abcb-0fec2466d04c,probe28,Region4G,2,1,,/mnt/h0/kb/data/one/mainenlab/Subjects/ZFM-06272/2023-07-12/001/raw_photometry_data/raw_photometry.csv,,/mnt/h0/kb/data/external_drive/2023-07-12/bonsai_DI12.csv,TRUE,TRUE,raw_behavior_data/_iblrig_taskData.raw.jsonable,172,171,-18.52209987,-1
773,ZFM-06275,2023-07-12,NE,d59084b8-6b52-492c-bb5f-5a5ca38ab2ed,probe30,Region4G,5,1,,/mnt/h0/kb/data/one/mainenlab/Subjects/ZFM-06275/2023-07-12/001/raw_photometry_data/raw_photometry.csv,,/mnt/h0/kb/data/external_drive/2023-07-12/bonsai_DI15.csv,TRUE,TRUE,raw_behavior_data/_iblrig_taskData.raw.jsonable,155,154,-3.905261454,-1
774,ZFM-06275,2023-07-12,NE,d59084b8-6b52-492c-bb5f-5a5ca38ab2ed,probe31,Region5G,5,1,,/mnt/h0/kb/data/one/mainenlab/Subjects/ZFM-06275/2023-07-12/001/raw_photometry_data/raw_photometry.csv,,/mnt/h0/kb/data/external_drive/2023-07-12/bonsai_DI15.csv,TRUE,TRUE,raw_behavior_data/_iblrig_taskData.raw.jsonable,155,154,-3.905261454,-1
775,ZFM-05248,2023-07-13,5HT,b59d74aa-334b-4e01-a1c9-3cac0ee46cae,probe23,Region3G,4,1,,/mnt/h0/kb/data/one/mainenlab/Subjects/ZFM-05248/2023-07-13/001/raw_photometry_data/raw_photometry.csv,,/mnt/h0/kb/data/external_drive/2023-07-13/bonsai_DI14.csv,TRUE,TRUE,raw_behavior_data/_iblrig_taskData.raw.jsonable,957,956,-4.364976208,-1
776,ZFM-06268,2023-07-13,NE,02afad27-9f6a-4917-a178-5261268ab89e,probe25,Region3G,2,0,,/mnt/h0/kb/data/one/mainenlab/Subjects/ZFM-06268/2023-07-13/001/raw_photometry_data/raw_photometry.csv,,/mnt/h0/kb/data/external_drive/2023-07-13/bonsai_DI02.csv,TRUE,TRUE,raw_behavior_data/_iblrig_taskData.raw.jsonable,358,357,2.218167259,-1
777,ZFM-06271,2023-07-13,NE,ba8d0a39-b96c-4178-a82b-24cc720c7ab9,probe26,Region3G,0,0,,/mnt/h0/kb/data/one/mainenlab/Subjects/ZFM-06271/2023-07-13/002/raw_photometry_data/raw_photometry.csv,,/mnt/h0/kb/data/external_drive/2023-07-13/bonsai_DI00.csv,TRUE,TRUE,raw_behavior_data/_iblrig_taskData.raw.jsonable,144,144,-19.66938526,0
778,ZFM-06272,2023-07-13,NE,bbfe7d98-c200-4d7f-9d58-cc65b366d012,probe27,Region4G,0,1,,/mnt/h0/kb/data/one/mainenlab/Subjects/ZFM-06272/2023-07-13/001/raw_photometry_data/raw_photometry.csv,,/mnt/h0/kb/data/external_drive/2023-07-13/bonsai_DI10.csv,TRUE,TRUE,raw_behavior_data/_iblrig_taskData.raw.jsonable,149,148,-28.42524222,-1
779,ZFM-06272,2023-07-13,NE,bbfe7d98-c200-4d7f-9d58-cc65b366d012,probe28,Region5G,0,1,,/mnt/h0/kb/data/one/mainenlab/Subjects/ZFM-06272/2023-07-13/001/raw_photometry_data/raw_photometry.csv,,/mnt/h0/kb/data/external_drive/2023-07-13/bonsai_DI10.csv,TRUE,TRUE,raw_behavior_data/_iblrig_taskData.raw.jsonable,149,148,-28.42524222,-1
780,ZFM-06275,2023-07-13,NE,82ea7603-9a8f-46de-83e4-bf748236a532,probe30,Region4G,2,1,,/mnt/h0/kb/data/one/mainenlab/Subjects/ZFM-06275/2023-07-13/001/raw_photometry_data/raw_photometry.csv,,/mnt/h0/kb/data/external_drive/2023-07-13/bonsai_DI12.csv,TRUE,TRUE,raw_behavior_data/_iblrig_taskData.raw.jsonable,156,155,-1.418893951,-1
781,ZFM-06275,2023-07-13,NE,82ea7603-9a8f-46de-83e4-bf748236a532,probe31,Region5G,2,1,,/mnt/h0/kb/data/one/mainenlab/Subjects/ZFM-06275/2023-07-13/001/raw_photometry_data/raw_photometry.csv,,/mnt/h0/kb/data/external_drive/2023-07-13/bonsai_DI12.csv,TRUE,TRUE,raw_behavior_data/_iblrig_taskData.raw.jsonable,156,155,-1.418893951,-1
782,ZFM-05235,2023-07-14,5HT,601228ff-a945-46c0-989f-0544d527ecc1,probe20,Region3G,3,0,,/mnt/h0/kb/data/one/mainenlab/Subjects/ZFM-05235/2023-07-14/001/raw_photometry_data/raw_photometry.csv,,/mnt/h0/kb/data/external_drive/2023-07-14/bonsai_DI03.csv,TRUE,TRUE,raw_task_data_00/_iblrig_taskData.raw.jsonable,2862,1028,-21.22842501,-1834
783,ZFM-05245,2023-07-14,5HT,5104ba1a-9c35-470a-8f6d-69a07349e19b,probe22,Region4G,3,1,,/mnt/h0/kb/data/one/mainenlab/Subjects/ZFM-05245/2023-07-14/001/raw_photometry_data/raw_photometry.csv,,/mnt/h0/kb/data/external_drive/2023-07-14/bonsai_DI13.csv,TRUE,TRUE,raw_behavior_data/_iblrig_taskData.raw.jsonable,1204,1204,0.9933138295,0
784,ZFM-05248,2023-07-14,5HT,4e8dbc88-f96c-4de9-91f1-2e5c3b3c3a71,probe23,Region1G,4,1,,/mnt/h0/kb/data/external_drive/2023-07-14/raw_photometry4.csv,,/mnt/h0/kb/data/external_drive/2023-07-14/bonsai_DI14.csv,TRUE,TRUE,raw_behavior_data/_iblrig_taskData.raw.jsonable,1045,1045,-13.85643574,0
785,ZFM-06268,2023-07-14,NE,d89c4622-6ec6-4a7d-82c1-776a3316f562,probe25,Region3G,2,0,,/mnt/h0/kb/data/one/mainenlab/Subjects/ZFM-06268/2023-07-14/001/raw_photometry_data/raw_photometry.csv,,/mnt/h0/kb/data/external_drive/2023-07-14/bonsai_DI02.csv,TRUE,TRUE,raw_behavior_data/_iblrig_taskData.raw.jsonable,352,351,-7.487845105,-1
786,ZFM-06271,2023-07-14,NE,c4657551-607e-42c9-92e6-58968130e6ae,probe26,Region3G,1,0,,/mnt/h0/kb/data/one/mainenlab/Subjects/ZFM-06271/2023-07-14/003/raw_photometry_data/raw_photometry.csv,,/mnt/h0/kb/data/external_drive/2023-07-14/bonsai_DI11.csv,TRUE,TRUE,raw_behavior_data/_iblrig_taskData.raw.jsonable,283,354,10.62952965,71
787,ZFM-06272,2023-07-14,NE,c3583d46-7d56-42fc-ac63-886b39c45eb6,probe27,Region4G,1,1,,/mnt/h0/kb/data/one/mainenlab/Subjects/ZFM-06272/2023-07-14/001/raw_photometry_data/raw_photometry.csv,,/mnt/h0/kb/data/external_drive/2023-07-14/bonsai_DI11.csv,TRUE,TRUE,raw_behavior_data/_iblrig_taskData.raw.jsonable,283,282,-7.336011932,-1
788,ZFM-06272,2023-07-14,NE,c3583d46-7d56-42fc-ac63-886b39c45eb6,probe28,Region5G,1,1,,/mnt/h0/kb/data/one/mainenlab/Subjects/ZFM-06272/2023-07-14/001/raw_photometry_data/raw_photometry.csv,,/mnt/h0/kb/data/external_drive/2023-07-14/bonsai_DI11.csv,TRUE,TRUE,raw_behavior_data/_iblrig_taskData.raw.jsonable,283,282,-7.336011932,-1
789,ZFM-06275,2023-07-14,NE,7898a185-7a41-417d-a436-8248df0d7ef9,probe31,Region4G,2,1,,/mnt/h0/kb/data/one/mainenlab/Subjects/ZFM-06275/2023-07-14/001/raw_photometry_data/raw_photometry.csv,,/mnt/h0/kb/data/external_drive/2023-07-14/bonsai_DI12.csv,TRUE,TRUE,raw_behavior_data/_iblrig_taskData.raw.jsonable,178,177,-13.14700241,-1
790,ZFM-06275,2023-07-14,NE,7898a185-7a41-417d-a436-8248df0d7ef9,probe30,Region5G,2,1,,/mnt/h0/kb/data/one/mainenlab/Subjects/ZFM-06275/2023-07-14/001/raw_photometry_data/raw_photometry.csv,,/mnt/h0/kb/data/external_drive/2023-07-14/bonsai_DI12.csv,TRUE,TRUE,raw_behavior_data/_iblrig_taskData.raw.jsonable,178,177,-13.14700241,-1
791,ZFM-06271,2023-07-17,NE,96b09f01-ca84-4704-8123-6055d642c80e,probe26,Region3G,1,0,,/mnt/h0/kb/data/one/mainenlab/Subjects/ZFM-06271/2023-07-17/002/raw_photometry_data/raw_photometry.csv,,/mnt/h0/kb/data/external_drive/2023-07-17/bonsai_DI01.csv,TRUE,TRUE,raw_behavior_data/_iblrig_taskData.raw.jsonable,97,96,-16.22085408,-1
792,ZFM-06272,2023-07-17,NE,a0cf75ac-84c1-41d5-9d4c-4bf2f1614e69,probe27,Region4G,1,1,,/mnt/h0/kb/data/one/mainenlab/Subjects/ZFM-06272/2023-07-17/001/raw_photometry_data/raw_photometry.csv,,/mnt/h0/kb/data/external_drive/2023-07-17/bonsai_DI11.csv,TRUE,TRUE,raw_behavior_data/_iblrig_taskData.raw.jsonable,136,135,-0.6393870259,-1
793,ZFM-06272,2023-07-17,NE,a0cf75ac-84c1-41d5-9d4c-4bf2f1614e69,probe28,Region5G,1,1,,/mnt/h0/kb/data/one/mainenlab/Subjects/ZFM-06272/2023-07-17/001/raw_photometry_data/raw_photometry.csv,,/mnt/h0/kb/data/external_drive/2023-07-17/bonsai_DI11.csv,TRUE,TRUE,raw_behavior_data/_iblrig_taskData.raw.jsonable,136,135,-0.6393870259,-1
794,ZFM-06275,2023-07-17,NE,335bf327-e26a-41d1-9346-58a9fbf73548,probe30,Region4G,2,1,,/mnt/h0/kb/data/one/mainenlab/Subjects/ZFM-06275/2023-07-17/001/raw_photometry_data/raw_photometry.csv,,/mnt/h0/kb/data/external_drive/2023-07-17/bonsai_DI12.csv,TRUE,TRUE,raw_behavior_data/_iblrig_taskData.raw.jsonable,187,186,-3.599116672,-1
795,ZFM-06275,2023-07-17,NE,335bf327-e26a-41d1-9346-58a9fbf73548,probe31,Region5G,2,1,,/mnt/h0/kb/data/one/mainenlab/Subjects/ZFM-06275/2023-07-17/001/raw_photometry_data/raw_photometry.csv,,/mnt/h0/kb/data/external_drive/2023-07-17/bonsai_DI12.csv,TRUE,TRUE,raw_behavior_data/_iblrig_taskData.raw.jsonable,187,186,-3.599116672,-1
796,ZFM-05235,2023-07-18,5HT,08384e8f-0d9f-4560-afd7-d0e4b32974ca,probe20,Region4G,2,0,new,/mnt/h0/kb/data/external_drive/2023-07-18/raw_photometry2.csv,,/mnt/h0/kb/data/external_drive/2023-07-18/bonsai_DI02.csv,TRUE,TRUE,raw_task_data_00/_iblrig_taskData.raw.jsonable,2528,942,-222388.7158,-1586
797,ZFM-05245,2023-07-18,5HT,25ff1634-88e8-47bf-9f3a-f527d0f94444,probe22,Region3G,2,1,new,/mnt/h0/kb/data/external_drive/2023-07-18/raw_photometry2.csv,,/mnt/h0/kb/data/external_drive/2023-07-18/bonsai_DI12.csv,TRUE,TRUE,raw_behavior_data/_iblrig_taskData.raw.jsonable,440,439,-384844.9342,-1
798,ZFM-05248,2023-07-18,5HT,f4e107bc-bb6e-4cae-89b2-86a2487b5db0,probe23,Region3G,5,1,new,/mnt/h0/kb/data/external_drive/2023-07-18/raw_photometry5.csv,,/mnt/h0/kb/data/external_drive/2023-07-18/bonsai_DI15.csv,TRUE,TRUE,raw_behavior_data/_iblrig_taskData.raw.jsonable,681,681,-149.964052,0
799,ZFM-06171,2023-07-18,NE,43cc3bde-cd84-465f-b6f3-9c958936ea7e,probe29,Region4G,4,0,new,/mnt/h0/kb/data/external_drive/2023-07-18/raw_photometry4.csv,,/mnt/h0/kb/data/external_drive/2023-07-18/bonsai_DI04.csv,TRUE,TRUE,raw_task_data_00/_iblrig_taskData.raw.jsonable,356,142,-22.32038944,-214
800,ZFM-06268,2023-07-18,NE,50b5a5f9-30b4-4a2f-b250-9dddaf4a1cfb,probe25,Region4G,5,0,new,/mnt/h0/kb/data/external_drive/2023-07-18/raw_photometry5.csv,,/mnt/h0/kb/data/external_drive/2023-07-18/bonsai_DI05.csv,TRUE,TRUE,raw_task_data_00/_iblrig_taskData.raw.jsonable,571,209,140.6374327,-362
801,ZFM-06272,2023-07-18,NE,cf85cc4a-ac50-4369-bcce-7d2b4163b4d2,probe27,Region3G,1,1,new,/mnt/h0/kb/data/external_drive/2023-07-18/raw_photometry1.csv,,/mnt/h0/kb/data/external_drive/2023-07-18/bonsai_DI11.csv,TRUE,TRUE,raw_behavior_data/_iblrig_taskData.raw.jsonable,261,260,-3.108541315,-1
802,ZFM-06272,2023-07-18,NE,cf85cc4a-ac50-4369-bcce-7d2b4163b4d2,probe28,Region4G,1,1,new,/mnt/h0/kb/data/external_drive/2023-07-18/raw_photometry1.csv,,/mnt/h0/kb/data/external_drive/2023-07-18/bonsai_DI11.csv,TRUE,TRUE,raw_behavior_data/_iblrig_taskData.raw.jsonable,261,260,-3.108541315,-1
803,ZFM-06275,2023-07-18,NE,9a831b36-a025-4eba-98a9-e350ac769d21,probe30,Region3G,4,1,new,/mnt/h0/kb/data/external_drive/2023-07-18/raw_photometry4.csv,,/mnt/h0/kb/data/external_drive/2023-07-18/bonsai_DI14.csv,TRUE,TRUE,raw_behavior_data/_iblrig_taskData.raw.jsonable,110,109,-62.93714693,-1
804,ZFM-06275,2023-07-18,NE,9a831b36-a025-4eba-98a9-e350ac769d21,probe31,Region5G,4,1,new,/mnt/h0/kb/data/external_drive/2023-07-18/raw_photometry4.csv,,/mnt/h0/kb/data/external_drive/2023-07-18/bonsai_DI14.csv,TRUE,TRUE,raw_behavior_data/_iblrig_taskData.raw.jsonable,110,109,-62.93714693,-1
805,ZFM-06305,2023-07-18,ACh,cab3493f-fa7f-42d1-94ec-f01ca14abc8e,probe32,Region3G,0,1,new,/mnt/h0/kb/data/external_drive/2023-07-18/raw_photometry0.csv,,/mnt/h0/kb/data/external_drive/2023-07-18/bonsai_DI10.csv,TRUE,TRUE,raw_behavior_data/_iblrig_taskData.raw.jsonable,226,226,-2437.783969,0
806,ZFM-06305,2023-07-18,ACh,cab3493f-fa7f-42d1-94ec-f01ca14abc8e,probe33,Region4G,0,1,new,/mnt/h0/kb/data/external_drive/2023-07-18/raw_photometry0.csv,,/mnt/h0/kb/data/external_drive/2023-07-18/bonsai_DI10.csv,TRUE,TRUE,raw_behavior_data/_iblrig_taskData.raw.jsonable,226,226,-2437.783969,0
807,ZFM-05235,2023-07-19,5HT,c36f9eb1-7512-4271-aa24-f57ed2c2641d,probe20,Region3G,4,0,,/mnt/h0/kb/data/one/mainenlab/Subjects/ZFM-05235/2023-07-19/001/raw_photometry_data/raw_photometry.csv,,/mnt/h0/kb/data/external_drive/2023-07-19/bonsai_DI04.csv,TRUE,TRUE,raw_task_data_00/_iblrig_taskData.raw.jsonable,2891,1040,-21.3671269,-1851
808,ZFM-05248,2023-07-19,5HT,cd9d071e-c798-4900-891f-b65640ec22b1,probe23,Region4G,4,1,,/mnt/h0/kb/data/one/mainenlab/Subjects/ZFM-05248/2023-07-19/001/raw_photometry_data/raw_photometry.csv,,/mnt/h0/kb/data/external_drive/2023-07-19/bonsai_DI14.csv,TRUE,TRUE,raw_behavior_data/_iblrig_taskData.raw.jsonable,1072,1071,-11.42289104,-1
809,ZFM-06305,2023-07-19,ACh,a6298862-d6ab-4c5f-9d5b-e88eee7d9569,probe32,Region3G,5,0,,/mnt/h0/kb/data/one/mainenlab/Subjects/ZFM-06305/2023-07-19/001/raw_photometry_data/raw_photometry.csv,,/mnt/h0/kb/data/external_drive/2023-07-19/bonsai_DI05.csv,TRUE,TRUE,raw_behavior_data/_iblrig_taskData.raw.jsonable,270,269,3.352496996,-1
810,ZFM-05235,2023-07-20,5HT,7c961885-9c46-4fc3-b76e-f3c0b24b5aa9,probe20,Region4G,1,0,,/mnt/h0/kb/data/one/mainenlab/Subjects/ZFM-05235/2023-07-20/001/raw_photometry_data/raw_photometry.csv,,/mnt/h0/kb/data/external_drive/2023-07-20/bonsai_DI01.csv,TRUE,TRUE,raw_task_data_00/_iblrig_taskData.raw.jsonable,2274,829,-14.09181124,-1445
811,ZFM-05248,2023-07-20,5HT,65b43acb-afa5-4590-a400-f7f4c79788ab,probe23,Region3G,1,1,,/mnt/h0/kb/data/one/mainenlab/Subjects/ZFM-05248/2023-07-20/002/raw_photometry_data/raw_photometry.csv,,/mnt/h0/kb/data/external_drive/2023-07-20/bonsai_DI11.csv,TRUE,TRUE,raw_behavior_data/_iblrig_taskData.raw.jsonable,815,814,1.121711625,-1
812,ZFM-05235,2023-07-21,5HT,16f482a8-457e-467c-8528-18b7d2da62c1,probe20,Region4G,0,0,,/mnt/h0/kb/data/one/mainenlab/Subjects/ZFM-05235/2023-07-21/001/raw_photometry_data/raw_photometry.csv,,/mnt/h0/kb/data/external_drive/2023-07-21/bonsai_DI00.csv,TRUE,TRUE,raw_task_data_00/_iblrig_taskData.raw.jsonable,2504,887,-21.19219927,-1617
813,ZFM-05248,2023-07-21,5HT,56044f43-8550-4b36-ae5d-0a32e627c0fd,probe23,Region3G,0,1,,/mnt/h0/kb/data/one/mainenlab/Subjects/ZFM-05248/2023-07-21/001/raw_photometry_data/raw_photometry.csv,,/mnt/h0/kb/data/external_drive/2023-07-21/bonsai_DI10.csv,TRUE,TRUE,raw_behavior_data/_iblrig_taskData.raw.jsonable,804,803,3.010390835,-1
814,ZFM-06271,2023-07-21,NE,8a312611-e4b1-403e-a4d3-7ba4e4af61c5,probe26,Region3G,1,0,,/mnt/h0/kb/data/one/mainenlab/Subjects/ZFM-06271/2023-07-21/001/raw_photometry_data/raw_photometry.csv,,/mnt/h0/kb/data/external_drive/2023-07-21/bonsai_DI01.csv,TRUE,TRUE,raw_behavior_data/_iblrig_taskData.raw.jsonable,733,732,-8.406022145,-1
815,ZFM-06272,2023-07-21,NE,9a0500ac-eada-463b-8481-125d470f9279,probe27,Region4G,1,1,,/mnt/h0/kb/data/one/mainenlab/Subjects/ZFM-06272/2023-07-21/001/raw_photometry_data/raw_photometry.csv,,/mnt/h0/kb/data/external_drive/2023-07-21/bonsai_DI11.csv,TRUE,TRUE,raw_behavior_data/_iblrig_taskData.raw.jsonable,496,495,3.558319842,-1
816,ZFM-06272,2023-07-21,NE,9a0500ac-eada-463b-8481-125d470f9279,probe28,Region5G,1,1,,/mnt/h0/kb/data/one/mainenlab/Subjects/ZFM-06272/2023-07-21/001/raw_photometry_data/raw_photometry.csv,,/mnt/h0/kb/data/external_drive/2023-07-21/bonsai_DI11.csv,TRUE,TRUE,raw_behavior_data/_iblrig_taskData.raw.jsonable,496,495,3.558319842,-1
817,ZFM-05235,2023-07-24,5HT,8a328917-6ce3-4a8e-8d97-a21456187702,probe20,Region3G,4,1,,/mnt/h0/kb/data/one/mainenlab/Subjects/ZFM-05235/2023-07-24/001/raw_photometry_data/raw_photometry.csv,,/mnt/h0/kb/data/external_drive/2023-07-24/bonsai_DI14.csv,TRUE,TRUE,raw_behavior_data/_iblrig_taskData.raw.jsonable,803,802,-4.087455442,-1
818,ZFM-05248,2023-07-24,5HT,385d2bc7-02e6-4d65-b20a-68ea9bd85e7c,probe23,Region3G,3,1,,/mnt/h0/kb/data/one/mainenlab/Subjects/ZFM-05248/2023-07-24/001/raw_photometry_data/raw_photometry.csv,,/mnt/h0/kb/data/external_drive/2023-07-24/bonsai_DI13.csv,TRUE,TRUE,raw_behavior_data/_iblrig_taskData.raw.jsonable,690,689,-20.85359047,-1
819,ZFM-06171,2023-07-24,NE,e0959e04-920a-4484-bef2-ade756454080,probe29,Region3G,1,0,,/mnt/h0/kb/data/one/mainenlab/Subjects/ZFM-06171/2023-07-24/001/raw_photometry_data/raw_photometry.csv,,/mnt/h0/kb/data/external_drive/2023-07-24/bonsai_DI01.csv,TRUE,TRUE,raw_task_data_00/_iblrig_taskData.raw.jsonable,690,290,-19.6296082,-400
820,ZFM-06275,2023-07-24,NE,f7b15251-171d-4815-a09d-03e7df86238b,probe30,Region3G,2,0,,/mnt/h0/kb/data/one/mainenlab/Subjects/ZFM-06275/2023-07-24/001/raw_photometry_data/raw_photometry.csv,,/mnt/h0/kb/data/external_drive/2023-07-24/bonsai_DI02.csv,TRUE,TRUE,raw_behavior_data/_iblrig_taskData.raw.jsonable,247,246,-6.663343149,-1
821,ZFM-06275,2023-07-24,NE,f7b15251-171d-4815-a09d-03e7df86238b,probe31,Region4G,2,0,,/mnt/h0/kb/data/one/mainenlab/Subjects/ZFM-06275/2023-07-24/001/raw_photometry_data/raw_photometry.csv,,/mnt/h0/kb/data/external_drive/2023-07-24/bonsai_DI02.csv,TRUE,TRUE,raw_behavior_data/_iblrig_taskData.raw.jsonable,247,246,-6.663343149,-1
822,ZFM-06305,2023-07-24,ACh,cb7d4951-a7fc-46d1-9e78-6a43d5a576e4,probe32,Region4G,1,1,,/mnt/h0/kb/data/one/mainenlab/Subjects/ZFM-06305/2023-07-24/002/raw_photometry_data/raw_photometry.csv,,/mnt/h0/kb/data/external_drive/2023-07-24/bonsai_DI11.csv,TRUE,TRUE,raw_behavior_data/_iblrig_taskData.raw.jsonable,330,329,-6.947202698,-1
823,ZFM-06305,2023-07-24,ACh,cb7d4951-a7fc-46d1-9e78-6a43d5a576e4,probe33,Region5G,1,1,,/mnt/h0/kb/data/one/mainenlab/Subjects/ZFM-06305/2023-07-24/002/raw_photometry_data/raw_photometry.csv,,/mnt/h0/kb/data/external_drive/2023-07-24/bonsai_DI11.csv,TRUE,TRUE,raw_behavior_data/_iblrig_taskData.raw.jsonable,330,329,-6.947202698,-1
824,ZFM-05248,2023-07-25,5HT,9c86d1db-cb3f-4bfe-bdd4-450c25b1b779,probe23,Region3G,2,1,,/mnt/h0/kb/data/one/mainenlab/Subjects/ZFM-05248/2023-07-25/001/raw_photometry_data/raw_photometry.csv,,/mnt/h0/kb/data/external_drive/2023-07-25/bonsai_DI12.csv,TRUE,TRUE,raw_behavior_data/_iblrig_taskData.raw.jsonable,1160,1159,-10.45092546,-1
825,ZFM-06271,2023-07-25,NE,d7a52ed0-26c8-4143-bd41-9238c89f36d1,probe26,Region3G,3,0,,/mnt/h0/kb/data/one/mainenlab/Subjects/ZFM-06271/2023-07-25/001/raw_photometry_data/raw_photometry.csv,,/mnt/h0/kb/data/external_drive/2023-07-25/bonsai_DI03.csv,TRUE,TRUE,raw_behavior_data/_iblrig_taskData.raw.jsonable,452,451,-13.01287153,-1
826,ZFM-06275,2023-07-25,NE,2aea6071-0e98-49a2-9b2a-ddd872af28c0,probe30,Region3G,1,0,,/mnt/h0/kb/data/one/mainenlab/Subjects/ZFM-06275/2023-07-25/001/raw_photometry_data/raw_photometry.csv,,/mnt/h0/kb/data/external_drive/2023-07-25/bonsai_DI01.csv,TRUE,TRUE,raw_behavior_data/_iblrig_taskData.raw.jsonable,188,187,-14.17951001,-1
827,ZFM-06275,2023-07-25,NE,2aea6071-0e98-49a2-9b2a-ddd872af28c0,probe31,Region4G,1,0,,/mnt/h0/kb/data/one/mainenlab/Subjects/ZFM-06275/2023-07-25/001/raw_photometry_data/raw_photometry.csv,,/mnt/h0/kb/data/external_drive/2023-07-25/bonsai_DI01.csv,TRUE,TRUE,raw_behavior_data/_iblrig_taskData.raw.jsonable,188,187,-14.17951001,-1
828,ZFM-06305,2023-07-25,ACh,8b9f9da7-0310-4181-963f-d917db08549e,probe32,Region4G,3,1,,/mnt/h0/kb/data/one/mainenlab/Subjects/ZFM-06305/2023-07-25/001/raw_photometry_data/raw_photometry.csv,,/mnt/h0/kb/data/external_drive/2023-07-25/bonsai_DI13.csv,TRUE,TRUE,raw_behavior_data/_iblrig_taskData.raw.jsonable,423,422,-3.963925503,-1
829,ZFM-06305,2023-07-25,ACh,8b9f9da7-0310-4181-963f-d917db08549e,probe33,Region5G,3,1,,/mnt/h0/kb/data/one/mainenlab/Subjects/ZFM-06305/2023-07-25/001/raw_photometry_data/raw_photometry.csv,,/mnt/h0/kb/data/external_drive/2023-07-25/bonsai_DI13.csv,TRUE,TRUE,raw_behavior_data/_iblrig_taskData.raw.jsonable,423,422,-3.963925503,-1
830,ZFM-06268,2023-08-14,NE,a42724f8-dcce-4995-bc18-5c4b6223795e,probe25,Region5G,3,0,,/mnt/h0/kb/data/one/mainenlab/Subjects/ZFM-06268/2023-08-14/001/raw_photometry_data/raw_photometry.csv,,/mnt/h0/kb/data/external_drive/2023-08-14/bonsai_DI03.csv,TRUE,TRUE,raw_task_data_00/_iblrig_taskData.raw.jsonable,413,156,-20.58848592,-257
831,ZFM-06272,2023-08-14,NE,121f90b8-5f45-4652-83b1-ccb5948f211e,probe27,Region3G,3,1,,/mnt/h0/kb/data/one/mainenlab/Subjects/ZFM-06272/2023-08-14/001/raw_photometry_data/raw_photometry.csv,,/mnt/h0/kb/data/external_drive/2023-08-14/bonsai_DI13.csv,TRUE,TRUE,raw_behavior_data/_iblrig_taskData.raw.jsonable,116,115,-36.39535621,-1
832,ZFM-06272,2023-08-14,NE,121f90b8-5f45-4652-83b1-ccb5948f211e,probe28,Region4G,3,1,,/mnt/h0/kb/data/one/mainenlab/Subjects/ZFM-06272/2023-08-14/001/raw_photometry_data/raw_photometry.csv,,/mnt/h0/kb/data/external_drive/2023-08-14/bonsai_DI13.csv,TRUE,TRUE,raw_behavior_data/_iblrig_taskData.raw.jsonable,116,115,-36.39535621,-1
833,ZFM-05248,2023-08-15,5HT,b46d38e4-cba5-4d2f-b975-93542a452317,probe23,Region3G,4,1,,/mnt/h0/kb/data/one/mainenlab/Subjects/ZFM-05248/2023-08-15/001/raw_photometry_data/raw_photometry.csv,,/mnt/h0/kb/data/external_drive/2023-08-15/bonsai_DI14.csv,TRUE,TRUE,raw_behavior_data/_iblrig_taskData.raw.jsonable,494,493,-10.24700652,-1
834,ZFM-06171,2023-08-15,NE,71d65658-a483-4dba-ae00-c4b037521ee3,probe29,Region3G,3,0,,/mnt/h0/kb/data/one/mainenlab/Subjects/ZFM-06171/2023-08-15/001/raw_photometry_data/raw_photometry.csv,,/mnt/h0/kb/data/external_drive/2023-08-15/bonsai_DI03.csv,TRUE,TRUE,raw_task_data_00/_iblrig_taskData.raw.jsonable,364,145,-22.3315931,-219
835,ZFM-06268,2023-08-15,NE,52370a2b-4895-4c90-ac2e-a392f20a9a97,probe25,Region3G,2,0,,/mnt/h0/kb/data/one/mainenlab/Subjects/ZFM-06268/2023-08-15/001/raw_photometry_data/raw_photometry.csv,,/mnt/h0/kb/data/external_drive/2023-08-15/bonsai_DI02.csv,TRUE,TRUE,raw_task_data_00/_iblrig_taskData.raw.jsonable,795,299,-20.39599728,-496
836,ZFM-06271,2023-08-15,NE,eba018ce-ff43-439f-9584-e5353d7d1f52,probe26,Region3G,1,0,,/mnt/h0/kb/data/one/mainenlab/Subjects/ZFM-06271/2023-08-15/002/raw_photometry_data/raw_photometry.csv,,/mnt/h0/kb/data/external_drive/2023-08-15/bonsai_DI01.csv,TRUE,TRUE,raw_behavior_data/_iblrig_taskData.raw.jsonable,375,374,1.405247679,-1
837,ZFM-06272,2023-08-15,NE,a2306ee2-d845-4b73-abf0-cf1faf35be7d,probe27,Region4G,1,1,,/mnt/h0/kb/data/one/mainenlab/Subjects/ZFM-06272/2023-08-15/001/raw_photometry_data/raw_photometry.csv,,/mnt/h0/kb/data/external_drive/2023-08-15/bonsai_DI11.csv,TRUE,TRUE,raw_behavior_data/_iblrig_taskData.raw.jsonable,332,331,2.101658942,-1
838,ZFM-06272,2023-08-15,NE,a2306ee2-d845-4b73-abf0-cf1faf35be7d,probe28,Region5G,1,1,,/mnt/h0/kb/data/one/mainenlab/Subjects/ZFM-06272/2023-08-15/001/raw_photometry_data/raw_photometry.csv,,/mnt/h0/kb/data/external_drive/2023-08-15/bonsai_DI11.csv,TRUE,TRUE,raw_behavior_data/_iblrig_taskData.raw.jsonable,332,331,2.101658942,-1
839,ZFM-06275,2023-08-15,NE,e5559ea6-fef3-4e68-8b01-545e960b3f59,probe30,Region4G,2,1,,/mnt/h0/kb/data/one/mainenlab/Subjects/ZFM-06275/2023-08-15/001/raw_photometry_data/raw_photometry.csv,,/mnt/h0/kb/data/external_drive/2023-08-15/bonsai_DI12.csv,TRUE,TRUE,raw_behavior_data/_iblrig_taskData.raw.jsonable,250,249,25.59212946,-1
840,ZFM-06275,2023-08-15,NE,e5559ea6-fef3-4e68-8b01-545e960b3f59,probe31,Region5G,2,1,,/mnt/h0/kb/data/one/mainenlab/Subjects/ZFM-06275/2023-08-15/001/raw_photometry_data/raw_photometry.csv,,/mnt/h0/kb/data/external_drive/2023-08-15/bonsai_DI12.csv,TRUE,TRUE,raw_behavior_data/_iblrig_taskData.raw.jsonable,250,249,25.59212946,-1
841,ZFM-06305,2023-08-15,ACh,f652f72e-1f84-46e4-b417-dc3ff166b392,probe32,Region4G,3,1,,/mnt/h0/kb/data/one/mainenlab/Subjects/ZFM-06305/2023-08-15/001/raw_photometry_data/raw_photometry.csv,,/mnt/h0/kb/data/external_drive/2023-08-15/bonsai_DI13.csv,TRUE,TRUE,raw_behavior_data/_iblrig_taskData.raw.jsonable,193,192,11.27350653,-1
842,ZFM-06305,2023-08-15,ACh,f652f72e-1f84-46e4-b417-dc3ff166b392,probe33,Region5G,3,1,,/mnt/h0/kb/data/one/mainenlab/Subjects/ZFM-06305/2023-08-15/001/raw_photometry_data/raw_photometry.csv,,/mnt/h0/kb/data/external_drive/2023-08-15/bonsai_DI13.csv,TRUE,TRUE,raw_behavior_data/_iblrig_taskData.raw.jsonable,193,192,11.27350653,-1
843,ZFM-05248,2023-08-16,5HT,f416af34-121d-419c-8d27-4e95f8648012,probe23,Region3G,1,1,,/mnt/h0/kb/data/one/mainenlab/Subjects/ZFM-05248/2023-08-16/001/raw_photometry_data/raw_photometry.csv,,/mnt/h0/kb/data/external_drive/2023-08-16/bonsai_DI11.csv,TRUE,TRUE,raw_behavior_data/_iblrig_taskData.raw.jsonable,675,674,-5.16071194,-1
844,ZFM-06171,2023-08-16,NE,dbe48fe3-3962-4753-92b0-2366e2667e47,probe29,Region3G,4,0,,/mnt/h0/kb/data/one/mainenlab/Subjects/ZFM-06171/2023-08-16/001/raw_photometry_data/raw_photometry.csv,,/mnt/h0/kb/data/external_drive/2023-08-16/bonsai_DI04.csv,TRUE,TRUE,raw_task_data_00/_iblrig_taskData.raw.jsonable,263,102,-20.44620051,-161
845,ZFM-06268,2023-08-16,NE,12a47690-a4f9-419f-8ca3-d722542b9bb0,probe25,Region3G,3,0,,/mnt/h0/kb/data/one/mainenlab/Subjects/ZFM-06268/2023-08-16/001/raw_photometry_data/raw_photometry.csv,,/mnt/h0/kb/data/external_drive/2023-08-16/bonsai_DI03.csv,TRUE,TRUE,raw_behavior_data/_iblrig_taskData.raw.jsonable,357,357,-5.733707956,0
846,ZFM-06271,2023-08-16,NE,72c11658-a04e-47d3-aa62-9986be55e075,probe26,Region3G,2,0,,/mnt/h0/kb/data/one/mainenlab/Subjects/ZFM-06271/2023-08-16/001/raw_photometry_data/raw_photometry.csv,,/mnt/h0/kb/data/external_drive/2023-08-16/bonsai_DI02.csv,TRUE,TRUE,raw_behavior_data/_iblrig_taskData.raw.jsonable,383,382,10.90027508,-1
847,ZFM-06272,2023-08-16,NE,fce39ff5-4db1-4a1b-8cd6-265e5b1474ab,probe27,Region4G,2,1,,/mnt/h0/kb/data/one/mainenlab/Subjects/ZFM-06272/2023-08-16/001/raw_photometry_data/raw_photometry.csv,,/mnt/h0/kb/data/external_drive/2023-08-16/bonsai_DI12.csv,TRUE,TRUE,raw_behavior_data/_iblrig_taskData.raw.jsonable,159,159,-2.232022183,0
848,ZFM-06272,2023-08-16,NE,fce39ff5-4db1-4a1b-8cd6-265e5b1474ab,probe28,Region5G,2,1,,/mnt/h0/kb/data/one/mainenlab/Subjects/ZFM-06272/2023-08-16/001/raw_photometry_data/raw_photometry.csv,,/mnt/h0/kb/data/external_drive/2023-08-16/bonsai_DI12.csv,TRUE,TRUE,raw_behavior_data/_iblrig_taskData.raw.jsonable,159,159,-2.232022183,0
849,ZFM-06275,2023-08-16,NE,6ab97659-457d-4dd3-9d4e-da2637490d34,probe30,Region4G,3,1,,/mnt/h0/kb/data/one/mainenlab/Subjects/ZFM-06275/2023-08-16/001/raw_photometry_data/raw_photometry.csv,,/mnt/h0/kb/data/external_drive/2023-08-16/bonsai_DI13.csv,TRUE,TRUE,raw_behavior_data/_iblrig_taskData.raw.jsonable,182,182,-16.53614712,0
850,ZFM-06275,2023-08-16,NE,6ab97659-457d-4dd3-9d4e-da2637490d34,probe31,Region5G,3,1,,/mnt/h0/kb/data/one/mainenlab/Subjects/ZFM-06275/2023-08-16/001/raw_photometry_data/raw_photometry.csv,,/mnt/h0/kb/data/external_drive/2023-08-16/bonsai_DI13.csv,TRUE,TRUE,raw_behavior_data/_iblrig_taskData.raw.jsonable,182,182,-16.53614712,0
851,ZFM-06305,2023-08-16,ACh,238e79e5-40b2-407a-9013-c85ed24fcd5f,probe32,Region4G,4,1,,/mnt/h0/kb/data/one/mainenlab/Subjects/ZFM-06305/2023-08-16/001/raw_photometry_data/raw_photometry.csv,,/mnt/h0/kb/data/external_drive/2023-08-16/bonsai_DI14.csv,TRUE,TRUE,raw_behavior_data/_iblrig_taskData.raw.jsonable,380,380,3.726746205,0
852,ZFM-06305,2023-08-16,ACh,238e79e5-40b2-407a-9013-c85ed24fcd5f,probe33,Region5G,4,1,,/mnt/h0/kb/data/one/mainenlab/Subjects/ZFM-06305/2023-08-16/001/raw_photometry_data/raw_photometry.csv,,/mnt/h0/kb/data/external_drive/2023-08-16/bonsai_DI14.csv,TRUE,TRUE,raw_behavior_data/_iblrig_taskData.raw.jsonable,380,380,3.726746205,0
853,ZFM-05248,2023-08-17,5HT,24415d91-8a3a-440b-beee-2d4388a4b908,probe23,Region4G,1,1,,/mnt/h0/kb/data/one/mainenlab/Subjects/ZFM-05248/2023-08-17/002/raw_photometry_data/raw_photometry.csv,,/mnt/h0/kb/data/external_drive/2023-08-17/bonsai_DI11.csv,TRUE,TRUE,raw_behavior_data/_iblrig_taskData.raw.jsonable,770,769,-5.535258699,-1
854,ZFM-06171,2023-08-17,NE,39fc8421-a6e4-4bb0-b987-e50d52ff4061,probe29,Region4G,4,0,,/mnt/h0/kb/data/one/mainenlab/Subjects/ZFM-06171/2023-08-17/001/raw_photometry_data/raw_photometry.csv,,/mnt/h0/kb/data/external_drive/2023-08-17/bonsai_DI04.csv,TRUE,TRUE,raw_task_data_00/_iblrig_taskData.raw.jsonable,266,104,-22.53096101,-162
855,ZFM-06268,2023-08-17,NE,fb0d1483-df42-4b85-b299-ca93574fc58c,probe25,Region4G,3,0,,/mnt/h0/kb/data/one/mainenlab/Subjects/ZFM-06268/2023-08-17/001/raw_photometry_data/raw_photometry.csv,,/mnt/h0/kb/data/external_drive/2023-08-17/bonsai_DI03.csv,TRUE,TRUE,raw_behavior_data/_iblrig_taskData.raw.jsonable,568,567,-0.9389858489,-1
856,ZFM-06271,2023-08-17,NE,aca5341f-3fcd-4743-a02b-d108b584f8b7,probe26,Region4G,2,0,,/mnt/h0/kb/data/one/mainenlab/Subjects/ZFM-06271/2023-08-17/001/raw_photometry_data/raw_photometry.csv,,/mnt/h0/kb/data/external_drive/2023-08-17/bonsai_DI02.csv,TRUE,TRUE,raw_behavior_data/_iblrig_taskData.raw.jsonable,521,520,2.935308038,-1
857,ZFM-06272,2023-08-17,NE,03804e69-1924-47f4-8cb7-6312ab24305d,probe27,Region3G,2,1,,/mnt/h0/kb/data/one/mainenlab/Subjects/ZFM-06272/2023-08-17/001/raw_photometry_data/raw_photometry.csv,,/mnt/h0/kb/data/external_drive/2023-08-17/bonsai_DI12.csv,TRUE,TRUE,raw_behavior_data/_iblrig_taskData.raw.jsonable,441,440,-18.98379239,-1
858,ZFM-06272,2023-08-17,NE,03804e69-1924-47f4-8cb7-6312ab24305d,probe28,Region5G,2,1,,/mnt/h0/kb/data/one/mainenlab/Subjects/ZFM-06272/2023-08-17/001/raw_photometry_data/raw_photometry.csv,,/mnt/h0/kb/data/external_drive/2023-08-17/bonsai_DI12.csv,TRUE,TRUE,raw_behavior_data/_iblrig_taskData.raw.jsonable,441,440,-18.98379239,-1
859,ZFM-06275,2023-08-17,NE,3e38c877-e895-4374-ac41-73bf38864660,probe30,Region3G,3,1,,/mnt/h0/kb/data/one/mainenlab/Subjects/ZFM-06275/2023-08-17/001/raw_photometry_data/raw_photometry.csv,,/mnt/h0/kb/data/external_drive/2023-08-17/bonsai_DI13.csv,TRUE,TRUE,raw_behavior_data/_iblrig_taskData.raw.jsonable,400,399,1.969707236,-1
860,ZFM-06275,2023-08-17,NE,3e38c877-e895-4374-ac41-73bf38864660,probe31,Region5G,3,1,,/mnt/h0/kb/data/one/mainenlab/Subjects/ZFM-06275/2023-08-17/001/raw_photometry_data/raw_photometry.csv,,/mnt/h0/kb/data/external_drive/2023-08-17/bonsai_DI13.csv,TRUE,TRUE,raw_behavior_data/_iblrig_taskData.raw.jsonable,400,399,1.969707236,-1
861,ZFM-06305,2023-08-17,ACh,c92ca0dc-6922-4c32-8bec-52f93e17bfb0,probe32,Region3G,4,1,,/mnt/h0/kb/data/one/mainenlab/Subjects/ZFM-06305/2023-08-17/001/raw_photometry_data/raw_photometry.csv,,/mnt/h0/kb/data/external_drive/2023-08-17/bonsai_DI14.csv,TRUE,TRUE,raw_behavior_data/_iblrig_taskData.raw.jsonable,403,402,1.177894508,-1
862,ZFM-06305,2023-08-17,ACh,c92ca0dc-6922-4c32-8bec-52f93e17bfb0,probe33,Region5G,4,1,,/mnt/h0/kb/data/one/mainenlab/Subjects/ZFM-06305/2023-08-17/001/raw_photometry_data/raw_photometry.csv,,/mnt/h0/kb/data/external_drive/2023-08-17/bonsai_DI14.csv,TRUE,TRUE,raw_behavior_data/_iblrig_taskData.raw.jsonable,403,402,1.177894508,-1
863,ZFM-05248,2023-08-18,5HT,61073b6e-842e-440e-bf59-b3197065bfa1,probe23,Region4G,1,1,,/mnt/h0/kb/data/one/mainenlab/Subjects/ZFM-05248/2023-08-18/002/raw_photometry_data/raw_photometry.csv,,/mnt/h0/kb/data/external_drive/2023-08-18/bonsai_DI11.csv,TRUE,TRUE,raw_behavior_data/_iblrig_taskData.raw.jsonable,905,904,-2.43683198,-1
864,ZFM-06171,2023-08-18,NE,3b0199af-0546-42ea-8a5b-e2b1b0c05325,probe29,Region3G,4,1,,/mnt/h0/kb/data/one/mainenlab/Subjects/ZFM-06171/2023-08-18/001/raw_photometry_data/raw_photometry.csv,,/mnt/h0/kb/data/external_drive/2023-08-18/bonsai_DI14.csv,TRUE,TRUE,raw_behavior_data/_iblrig_taskData.raw.jsonable,197,196,-14.26758311,-1
865,ZFM-06268,2023-08-18,NE,d0192776-e890-4dc5-a24d-0312c66b239c,probe25,Region3G,3,0,,/mnt/h0/kb/data/one/mainenlab/Subjects/ZFM-06268/2023-08-18/001/raw_photometry_data/raw_photometry.csv,,/mnt/h0/kb/data/external_drive/2023-08-18/bonsai_DI03.csv,TRUE,TRUE,raw_behavior_data/_iblrig_taskData.raw.jsonable,659,658,-19.12929644,-1
866,ZFM-06271,2023-08-18,NE,21c5fdbc-1964-484f-8925-c71891610041,probe26,Region3G,2,0,,/mnt/h0/kb/data/one/mainenlab/Subjects/ZFM-06271/2023-08-18/001/raw_photometry_data/raw_photometry.csv,,/mnt/h0/kb/data/external_drive/2023-08-18/bonsai_DI02.csv,TRUE,TRUE,raw_behavior_data/_iblrig_taskData.raw.jsonable,658,658,-6.946467135,0
867,ZFM-06272,2023-08-18,NE,90585e8c-c2a9-4249-a836-2e00f876ee4c,probe27,Region4G,2,1,,/mnt/h0/kb/data/one/mainenlab/Subjects/ZFM-06272/2023-08-18/001/raw_photometry_data/raw_photometry.csv,,/mnt/h0/kb/data/external_drive/2023-08-18/bonsai_DI12.csv,TRUE,TRUE,raw_behavior_data/_iblrig_taskData.raw.jsonable,532,531,-11.02806554,-1
868,ZFM-06272,2023-08-18,NE,90585e8c-c2a9-4249-a836-2e00f876ee4c,probe28,Region5G,2,1,,/mnt/h0/kb/data/one/mainenlab/Subjects/ZFM-06272/2023-08-18/001/raw_photometry_data/raw_photometry.csv,,/mnt/h0/kb/data/external_drive/2023-08-18/bonsai_DI12.csv,TRUE,TRUE,raw_behavior_data/_iblrig_taskData.raw.jsonable,532,531,-11.02806554,-1
869,ZFM-06275,2023-08-18,NE,f3f8b291-e43e-442c-a5ec-53083bf4de4f,probe30,Region4G,3,1,,/mnt/h0/kb/data/one/mainenlab/Subjects/ZFM-06275/2023-08-18/001/raw_photometry_data/raw_photometry.csv,,/mnt/h0/kb/data/external_drive/2023-08-18/bonsai_DI13.csv,TRUE,TRUE,raw_behavior_data/_iblrig_taskData.raw.jsonable,460,459,-4.774342044,-1
870,ZFM-06275,2023-08-18,NE,f3f8b291-e43e-442c-a5ec-53083bf4de4f,probe31,Region5G,3,1,,/mnt/h0/kb/data/one/mainenlab/Subjects/ZFM-06275/2023-08-18/001/raw_photometry_data/raw_photometry.csv,,/mnt/h0/kb/data/external_drive/2023-08-18/bonsai_DI13.csv,TRUE,TRUE,raw_behavior_data/_iblrig_taskData.raw.jsonable,460,459,-4.774342044,-1
871,ZFM-06305,2023-08-18,ACh,93d7e597-05bb-4d8f-93fc-58da4c5abda7,probe32,Region4G,4,0,,/mnt/h0/kb/data/one/mainenlab/Subjects/ZFM-06305/2023-08-18/001/raw_photometry_data/raw_photometry.csv,,/mnt/h0/kb/data/external_drive/2023-08-18/bonsai_DI04.csv,TRUE,TRUE,raw_behavior_data/_iblrig_taskData.raw.jsonable,612,611,-5.792900122,-1
872,ZFM-06305,2023-08-18,ACh,93d7e597-05bb-4d8f-93fc-58da4c5abda7,probe33,Region5G,4,0,,/mnt/h0/kb/data/one/mainenlab/Subjects/ZFM-06305/2023-08-18/001/raw_photometry_data/raw_photometry.csv,,/mnt/h0/kb/data/external_drive/2023-08-18/bonsai_DI04.csv,TRUE,TRUE,raw_behavior_data/_iblrig_taskData.raw.jsonable,612,611,-5.792900122,-1
873,ZFM-05248,2023-08-22,5HT,488cb758-888a-4664-bc8e-2e0624507ce4,probe23,Region3G,0,1,,/mnt/h0/kb/data/external_drive/2023-08-22/raw_photometry0.csv,,/mnt/h0/kb/data/external_drive/2023-08-22/bonsai_DI10.csv,TRUE,TRUE,raw_behavior_data/_iblrig_taskData.raw.jsonable,928,927,-18.10372383,-1
874,ZFM-06268,2023-08-22,NE,742d9c7a-9d44-4b43-92ed-625bab25bd9d,probe25,Region3G,2,0,,/mnt/h0/kb/data/one/mainenlab/Subjects/ZFM-06268/2023-08-22/001/raw_photometry_data/raw_photometry.csv,,/mnt/h0/kb/data/external_drive/2023-08-22/bonsai_DI02.csv,TRUE,TRUE,raw_behavior_data/_iblrig_taskData.raw.jsonable,441,440,-6.781150405,-1
875,ZFM-05235,2023-08-23,5HT,a196fce9-7eae-4c11-ae01-25a9aa59b593,probe20,Region3G,1,1,,/mnt/h0/kb/data/one/mainenlab/Subjects/ZFM-05235/2023-08-23/002/raw_photometry_data/raw_photometry.csv,,/mnt/h0/kb/data/external_drive/2023-08-23/bonsai_DI11.csv,TRUE,TRUE,raw_behavior_data/_iblrig_taskData.raw.jsonable,973,972,-4.21196213,-1
876,ZFM-06271,2023-08-23,NE,565d5eb0-3d6f-4452-aeeb-a7b18632a39d,probe26,Region3G,2,0,,/mnt/h0/kb/data/one/mainenlab/Subjects/ZFM-06271/2023-08-23/001/raw_photometry_data/raw_photometry.csv,,/mnt/h0/kb/data/external_drive/2023-08-23/bonsai_DI02.csv,TRUE,TRUE,raw_behavior_data/_iblrig_taskData.raw.jsonable,481,480,-8.679854882,-1
877,ZFM-06305,2023-08-23,ACh,a2f74a7f-1b6f-451f-aeda-4f8d3e7c8113,probe32,Region4G,4,0,,/mnt/h0/kb/data/one/mainenlab/Subjects/ZFM-06305/2023-08-23/001/raw_photometry_data/raw_photometry.csv,,/mnt/h0/kb/data/external_drive/2023-08-23/bonsai_DI04.csv,TRUE,TRUE,raw_behavior_data/_iblrig_taskData.raw.jsonable,1032,1031,12.67456019,-1
878,ZFM-06305,2023-08-23,ACh,a2f74a7f-1b6f-451f-aeda-4f8d3e7c8113,probe33,Region5G,4,0,,/mnt/h0/kb/data/one/mainenlab/Subjects/ZFM-06305/2023-08-23/001/raw_photometry_data/raw_photometry.csv,,/mnt/h0/kb/data/external_drive/2023-08-23/bonsai_DI04.csv,TRUE,TRUE,raw_behavior_data/_iblrig_taskData.raw.jsonable,1032,1031,12.67456019,-1
879,ZFM-05235,2023-08-24,5HT,933765b5-1f4e-4877-b889-7cc87f6ddb64,probe20,Region3G,3,0,,/mnt/h0/kb/data/one/mainenlab/Subjects/ZFM-05235/2023-08-24/001/raw_photometry_data/raw_photometry.csv,,/mnt/h0/kb/data/external_drive/2023-08-24/bonsai_DI03.csv,TRUE,TRUE,raw_behavior_data/_iblrig_taskData.raw.jsonable,800,799,-9.639017255,-1
880,ZFM-06268,2023-08-24,NE,fd54fd05-3a96-43cd-9967-a7f8500a888b,probe25,Region3G,2,0,,/mnt/h0/kb/data/one/mainenlab/Subjects/ZFM-06268/2023-08-24/001/raw_photometry_data/raw_photometry.csv,,/mnt/h0/kb/data/external_drive/2023-08-24/bonsai_DI02.csv,TRUE,TRUE,raw_behavior_data/_iblrig_taskData.raw.jsonable,419,418,-2.352391394,-1
881,ZFM-06271,2023-08-24,NE,be10878f-e771-43fe-b97a-0fa003b0feda,probe26,Region3G,0,0,,/mnt/h0/kb/data/one/mainenlab/Subjects/ZFM-06271/2023-08-24/010/raw_photometry_data/raw_photometry.csv,,/mnt/h0/kb/data/external_drive/2023-08-24/bonsai_DI00.csv,TRUE,TRUE,raw_behavior_data/_iblrig_taskData.raw.jsonable,389,388,-12.60637585,-1
882,ZFM-06305,2023-08-24,ACh,c8089c50-4f66-4fec-907d-f846cc81b180,probe32,Region4G,1,0,,/mnt/h0/kb/data/one/mainenlab/Subjects/ZFM-06305/2023-08-24/001/raw_photometry_data/raw_photometry.csv,,/mnt/h0/kb/data/external_drive/2023-08-24/bonsai_DI01.csv,TRUE,TRUE,raw_behavior_data/_iblrig_taskData.raw.jsonable,818,817,-16.64351648,-1
883,ZFM-06305,2023-08-24,ACh,c8089c50-4f66-4fec-907d-f846cc81b180,probe33,Region5G,1,0,,/mnt/h0/kb/data/one/mainenlab/Subjects/ZFM-06305/2023-08-24/001/raw_photometry_data/raw_photometry.csv,,/mnt/h0/kb/data/external_drive/2023-08-24/bonsai_DI01.csv,TRUE,TRUE,raw_behavior_data/_iblrig_taskData.raw.jsonable,818,817,-16.64351648,-1
884,ZFM-06268,2023-08-25,NE,0cb7f17e-db80-4e16-802e-a07e1c0ac697,probe25,Region5G,2,0,,/mnt/h0/kb/data/one/mainenlab/Subjects/ZFM-06268/2023-08-25/002/raw_photometry_data/raw_photometry.csv,,/mnt/h0/kb/data/external_drive/2023-08-25/bonsai_DI02.csv,TRUE,TRUE,raw_behavior_data/_iblrig_taskData.raw.jsonable,540,539,-13.29376936,-1
885,ZFM-06271,2023-08-25,NE,75c4a165-4976-4239-8fa1-55be9662a0f3,probe26,Region5G,3,0,,/mnt/h0/kb/data/one/mainenlab/Subjects/ZFM-06271/2023-08-25/001/raw_photometry_data/raw_photometry.csv,,/mnt/h0/kb/data/external_drive/2023-08-25/bonsai_DI03.csv,TRUE,TRUE,raw_behavior_data/_iblrig_taskData.raw.jsonable,786,785,-4.764710485,-1
886,ZFM-06305,2023-08-25,ACh,5b54b2c2-22ce-4d25-a1cd-2e611367b34d,probe32,Region4G,1,1,,/mnt/h0/kb/data/one/mainenlab/Subjects/ZFM-06305/2023-08-25/001/raw_photometry_data/raw_photometry.csv,,/mnt/h0/kb/data/external_drive/2023-08-25/bonsai_DI11.csv,TRUE,TRUE,raw_behavior_data/_iblrig_taskData.raw.jsonable,785,784,-11.06651192,-1
887,ZFM-06305,2023-08-25,ACh,5b54b2c2-22ce-4d25-a1cd-2e611367b34d,probe33,Region5G,1,1,,/mnt/h0/kb/data/one/mainenlab/Subjects/ZFM-06305/2023-08-25/001/raw_photometry_data/raw_photometry.csv,,/mnt/h0/kb/data/external_drive/2023-08-25/bonsai_DI11.csv,TRUE,TRUE,raw_behavior_data/_iblrig_taskData.raw.jsonable,785,784,-11.06651192,-1
888,ZFM-05235,2023-08-28,5HT,e6fc6ca9-6e57-4c0b-b436-5c63faae843d,probe20,Region5G,0,0,,/mnt/h0/kb/data/one/mainenlab/Subjects/ZFM-05235/2023-08-28/001/raw_photometry_data/raw_photometry.csv,,/mnt/h0/kb/data/external_drive/2023-08-28/bonsai_DI00.csv,TRUE,TRUE,raw_task_data_00/_iblrig_taskData.raw.jsonable,2204,780,-19.1826765,-1424
889,ZFM-06271,2023-08-28,NE,bb9743ad-c0ed-43a7-9cb7-55eae804c987,probe26,Region3G,1,0,,/mnt/h0/kb/data/one/mainenlab/Subjects/ZFM-06271/2023-08-28/001/raw_photometry_data/raw_photometry.csv,,/mnt/h0/kb/data/external_drive/2023-08-28/bonsai_DI01.csv,TRUE,TRUE,raw_behavior_data/_iblrig_taskData.raw.jsonable,469,468,-3.654978102,-1
890,ZFM-06305,2023-08-28,ACh,91c200e0-b8e3-4809-9a3c-f568bf644663,probe32,Region3G,0,1,,/mnt/h0/kb/data/one/mainenlab/Subjects/ZFM-06305/2023-08-28/002/raw_photometry_data/raw_photometry.csv,,/mnt/h0/kb/data/external_drive/2023-08-28/bonsai_DI10.csv,TRUE,TRUE,raw_behavior_data/_iblrig_taskData.raw.jsonable,616,615,-10.32630021,-1
891,ZFM-06305,2023-08-28,ACh,91c200e0-b8e3-4809-9a3c-f568bf644663,probe33,Region4G,0,1,,/mnt/h0/kb/data/one/mainenlab/Subjects/ZFM-06305/2023-08-28/002/raw_photometry_data/raw_photometry.csv,,/mnt/h0/kb/data/external_drive/2023-08-28/bonsai_DI10.csv,TRUE,TRUE,raw_behavior_data/_iblrig_taskData.raw.jsonable,616,615,-10.32630021,-1
892,ZFM-06271,2023-08-29,NE,4ace088c-33d3-4b8f-b49b-ec3ef64f3273,probe26,Region5G,0,0,,/mnt/h0/kb/data/one/mainenlab/Subjects/ZFM-06271/2023-08-29/002/raw_photometry_data/raw_photometry.csv,,/mnt/h0/kb/data/external_drive/2023-08-29/bonsai_DI00.csv,TRUE,TRUE,raw_behavior_data/_iblrig_taskData.raw.jsonable,478,478,-10.44575113,0
893,ZFM-06305,2023-08-29,ACh,b98f1024-abeb-4b5d-99ae-3fb0cd9068d1,probe32,Region3G,1,0,,/mnt/h0/kb/data/one/mainenlab/Subjects/ZFM-06305/2023-08-29/001/raw_photometry_data/raw_photometry.csv,,/mnt/h0/kb/data/external_drive/2023-08-29/bonsai_DI01.csv,TRUE,TRUE,raw_behavior_data/_iblrig_taskData.raw.jsonable,608,607,-17.96816781,-1
894,ZFM-05235,2023-08-31,5HT,9d9c2211-3a55-4556-8bf8-b36d2f2deaf1,probe20,Region5G,0,0,,/mnt/h0/kb/data/one/mainenlab/Subjects/ZFM-05235/2023-08-31/001/raw_photometry_data/raw_photometry.csv,,/mnt/h0/kb/data/external_drive/2023-08-31/bonsai_DI00.csv,TRUE,TRUE,raw_task_data_00/_iblrig_taskData.raw.jsonable,2130,773,-21.28630216,-1357
895,ZFM-06268,2023-08-31,NE,7a7cadfa-338b-425d-9fbe-8817cb5584a5,probe25,Region3G,2,0,,/mnt/h0/kb/data/one/mainenlab/Subjects/ZFM-06268/2023-08-31/001/raw_photometry_data/raw_photometry.csv,,/mnt/h0/kb/data/external_drive/2023-08-31/bonsai_DI02.csv,TRUE,TRUE,raw_task_data_00/_iblrig_taskData.raw.jsonable,951,360,-12.09564779,-591
896,ZFM-06271,2023-08-31,NE,17fe03c2-1d28-48ae-8301-1089742b8176,probe26,Region5G,1,0,,/mnt/h0/kb/data/one/mainenlab/Subjects/ZFM-06271/2023-08-31/001/raw_photometry_data/raw_photometry.csv,,/mnt/h0/kb/data/external_drive/2023-08-31/bonsai_DI01.csv,TRUE,TRUE,raw_behavior_data/_iblrig_taskData.raw.jsonable,543,542,-13.46539123,-1
897,ZFM-06275,2023-08-31,NE,330e68e3-d15b-4513-9272-0c3b365e3c4c,probe30,Region4G,2,1,,/mnt/h0/kb/data/one/mainenlab/Subjects/ZFM-06275/2023-08-31/001/raw_photometry_data/raw_photometry.csv,,/mnt/h0/kb/data/external_drive/2023-08-31/bonsai_DI12.csv,TRUE,TRUE,raw_task_data_00/_iblrig_taskData.raw.jsonable,637,237,-19.84909898,-400
898,ZFM-06275,2023-08-31,NE,330e68e3-d15b-4513-9272-0c3b365e3c4c,probe31,Region5G,2,1,,/mnt/h0/kb/data/one/mainenlab/Subjects/ZFM-06275/2023-08-31/001/raw_photometry_data/raw_photometry.csv,,/mnt/h0/kb/data/external_drive/2023-08-31/bonsai_DI12.csv,TRUE,TRUE,raw_task_data_00/_iblrig_taskData.raw.jsonable,637,237,-19.84909898,-400
899,ZFM-06305,2023-08-31,ACh,56ed83ac-c196-4817-bc37-62c02ba89d47,probe32,Region3G,0,1,,/mnt/h0/kb/data/one/mainenlab/Subjects/ZFM-06305/2023-08-31/001/raw_photometry_data/raw_photometry.csv,,/mnt/h0/kb/data/external_drive/2023-08-31/bonsai_DI10.csv,TRUE,TRUE,raw_behavior_data/_iblrig_taskData.raw.jsonable,614,613,-4.736783906,-1
900,ZFM-06305,2023-08-31,ACh,56ed83ac-c196-4817-bc37-62c02ba89d47,probe33,Region4G,0,1,,/mnt/h0/kb/data/one/mainenlab/Subjects/ZFM-06305/2023-08-31/001/raw_photometry_data/raw_photometry.csv,,/mnt/h0/kb/data/external_drive/2023-08-31/bonsai_DI10.csv,TRUE,TRUE,raw_behavior_data/_iblrig_taskData.raw.jsonable,614,613,-4.736783906,-1
901,ZFM-06268,2023-09-05,NE,f960ec93-0702-4091-b4f5-30c8d537308c,probe25,Region3G,3,0,,/mnt/h0/kb/data/one/mainenlab/Subjects/ZFM-06268/2023-09-05/001/raw_photometry_data/raw_photometry.csv,,/mnt/h0/kb/data/external_drive/2023-09-05/bonsai_DI03.csv,TRUE,TRUE,raw_task_data_00/_iblrig_taskData.raw.jsonable,979,365,-12.22205393,-614
902,ZFM-06271,2023-09-05,NE,4d056e4e-1285-43fe-b9b6-b9f414bd808e,probe26,Region3G,2,0,,/mnt/h0/kb/data/one/mainenlab/Subjects/ZFM-06271/2023-09-05/001/raw_photometry_data/raw_photometry.csv,,/mnt/h0/kb/data/external_drive/2023-09-05/bonsai_DI02.csv,TRUE,TRUE,raw_task_data_00/_iblrig_taskData.raw.jsonable,1160,408,-17.61755187,-752
903,ZFM-06272,2023-09-05,NE,3ee8d25d-6b93-47fb-afec-3417d2bd788a,probe27,Region4G,2,1,,/mnt/h0/kb/data/one/mainenlab/Subjects/ZFM-06272/2023-09-05/001/raw_photometry_data/raw_photometry.csv,,/mnt/h0/kb/data/external_drive/2023-09-05/bonsai_DI12.csv,TRUE,TRUE,raw_task_data_00/_iblrig_taskData.raw.jsonable,384,163,-19.68097795,-221
904,ZFM-06272,2023-09-05,NE,3ee8d25d-6b93-47fb-afec-3417d2bd788a,probe28,Region5G,2,1,,/mnt/h0/kb/data/one/mainenlab/Subjects/ZFM-06272/2023-09-05/001/raw_photometry_data/raw_photometry.csv,,/mnt/h0/kb/data/external_drive/2023-09-05/bonsai_DI12.csv,TRUE,TRUE,raw_task_data_00/_iblrig_taskData.raw.jsonable,384,163,-19.68097795,-221
905,ZFM-06275,2023-09-05,NE,c1887d38-9d0a-4760-a89a-a611e03dbd44,probe30,Region4G,3,1,,/mnt/h0/kb/data/one/mainenlab/Subjects/ZFM-06275/2023-09-05/001/raw_photometry_data/raw_photometry.csv,,/mnt/h0/kb/data/external_drive/2023-09-05/bonsai_DI13.csv,TRUE,TRUE,raw_task_data_00/_iblrig_taskData.raw.jsonable,921,346,-20.51091271,-575
906,ZFM-06275,2023-09-05,NE,c1887d38-9d0a-4760-a89a-a611e03dbd44,probe31,Region5G,3,1,,/mnt/h0/kb/data/one/mainenlab/Subjects/ZFM-06275/2023-09-05/001/raw_photometry_data/raw_photometry.csv,,/mnt/h0/kb/data/external_drive/2023-09-05/bonsai_DI13.csv,TRUE,TRUE,raw_task_data_00/_iblrig_taskData.raw.jsonable,921,346,-20.51091271,-575
907,ZFM-06268,2023-09-08,NE,b3b89a59-c455-4ed8-8666-37988b3a2ea8,probe25,Region3G,1,0,,/mnt/h0/kb/data/one/mainenlab/Subjects/ZFM-06268/2023-09-08/001/raw_photometry_data/raw_photometry.csv,,/mnt/h0/kb/data/external_drive/2023-09-08/bonsai_DI01.csv,TRUE,TRUE,raw_task_data_00/_iblrig_taskData.raw.jsonable,341,128,-19.6476887,-213
908,ZFM-06271,2023-09-08,NE,d5da19e8-a98b-4955-bba2-6b8482cba499,probe26,Region3G,2,0,,/mnt/h0/kb/data/one/mainenlab/Subjects/ZFM-06271/2023-09-08/002/raw_photometry_data/raw_photometry.csv,,/mnt/h0/kb/data/external_drive/2023-09-08/bonsai_DI02.csv,TRUE,TRUE,raw_task_data_00/_iblrig_taskData.raw.jsonable,1560,524,-19.07254395,-1036
909,ZFM-06272,2023-09-08,NE,6f224adf-e791-4255-b6ab-e4e1f059813a,probe27,Region4G,2,1,,/mnt/h0/kb/data/one/mainenlab/Subjects/ZFM-06272/2023-09-08/001/raw_photometry_data/raw_photometry.csv,,/mnt/h0/kb/data/external_drive/2023-09-08/bonsai_DI12.csv,TRUE,TRUE,raw_task_data_00/_iblrig_taskData.raw.jsonable,717,298,-19.69021403,-419
910,ZFM-06272,2023-09-08,NE,6f224adf-e791-4255-b6ab-e4e1f059813a,probe28,Region5G,2,1,,/mnt/h0/kb/data/one/mainenlab/Subjects/ZFM-06272/2023-09-08/001/raw_photometry_data/raw_photometry.csv,,/mnt/h0/kb/data/external_drive/2023-09-08/bonsai_DI12.csv,TRUE,TRUE,raw_task_data_00/_iblrig_taskData.raw.jsonable,717,298,-19.69021403,-419
911,ZFM-06275,2023-09-08,NE,b1615789-6454-4fd5-8302-72f588ac7520,probe30,Region4G,1,1,,/mnt/h0/kb/data/one/mainenlab/Subjects/ZFM-06275/2023-09-08/001/raw_photometry_data/raw_photometry.csv,,/mnt/h0/kb/data/external_drive/2023-09-08/bonsai_DI11.csv,TRUE,TRUE,raw_task_data_00/_iblrig_taskData.raw.jsonable,320,125,-19.43621947,-195
912,ZFM-06275,2023-09-08,NE,b1615789-6454-4fd5-8302-72f588ac7520,probe31,Region5G,1,1,,/mnt/h0/kb/data/one/mainenlab/Subjects/ZFM-06275/2023-09-08/001/raw_photometry_data/raw_photometry.csv,,/mnt/h0/kb/data/external_drive/2023-09-08/bonsai_DI11.csv,TRUE,TRUE,raw_task_data_00/_iblrig_taskData.raw.jsonable,320,125,-19.43621947,-195
913,ZFM-06268,2023-09-13,NE,7e5be393-a8a4-49ae-b840-7098fa0b785d,probe25,Region3G,1,0,,/mnt/h0/kb/data/one/mainenlab/Subjects/ZFM-06268/2023-09-13/001/raw_photometry_data/raw_photometry.csv,,/mnt/h0/kb/data/external_drive/2023-09-13/bonsai_DI01.csv,TRUE,TRUE,raw_task_data_00/_iblrig_taskData.raw.jsonable,1034,388,-19.65420476,-646
914,ZFM-06271,2023-09-13,NE,7bb4a9ff-edaf-4caa-acdf-30e372aca5b4,probe26,Region3G,0,0,,/mnt/h0/kb/data/one/mainenlab/Subjects/ZFM-06271/2023-09-13/001/raw_photometry_data/raw_photometry.csv,,/mnt/h0/kb/data/external_drive/2023-09-13/bonsai_DI00.csv,TRUE,TRUE,raw_task_data_00/_iblrig_taskData.raw.jsonable,897,329,-18.31825572,-568
915,ZFM-06272,2023-09-13,NE,80a763f5-54a1-4dfb-b2a3-6773adc88959,probe27,Region4G,0,1,,/mnt/h0/kb/data/one/mainenlab/Subjects/ZFM-06272/2023-09-13/001/raw_photometry_data/raw_photometry.csv,,/mnt/h0/kb/data/external_drive/2023-09-13/bonsai_DI10.csv,TRUE,TRUE,raw_task_data_00/_iblrig_taskData.raw.jsonable,333,132,-17.58734057,-201
916,ZFM-06272,2023-09-13,NE,80a763f5-54a1-4dfb-b2a3-6773adc88959,probe28,Region5G,0,1,,/mnt/h0/kb/data/one/mainenlab/Subjects/ZFM-06272/2023-09-13/001/raw_photometry_data/raw_photometry.csv,,/mnt/h0/kb/data/external_drive/2023-09-13/bonsai_DI10.csv,TRUE,TRUE,raw_task_data_00/_iblrig_taskData.raw.jsonable,333,132,-17.58734057,-201
917,ZFM-06275,2023-09-13,NE,b003b35e-0896-47aa-832b-4da23dd4aa70,probe30,Region4G,1,1,,/mnt/h0/kb/data/one/mainenlab/Subjects/ZFM-06275/2023-09-13/001/raw_photometry_data/raw_photometry.csv,,/mnt/h0/kb/data/external_drive/2023-09-13/bonsai_DI11.csv,TRUE,TRUE,raw_task_data_00/_iblrig_taskData.raw.jsonable,721,279,-19.53811647,-442
918,ZFM-06275,2023-09-13,NE,b003b35e-0896-47aa-832b-4da23dd4aa70,probe31,Region5G,1,1,,/mnt/h0/kb/data/one/mainenlab/Subjects/ZFM-06275/2023-09-13/001/raw_photometry_data/raw_photometry.csv,,/mnt/h0/kb/data/external_drive/2023-09-13/bonsai_DI11.csv,TRUE,TRUE,raw_task_data_00/_iblrig_taskData.raw.jsonable,721,279,-19.53811647,-442
919,ZFM-06271,2023-09-14,NE,c897ae0b-2500-4366-afe4-9d9ee52e5268,probe26,Region3G,1,0,,/mnt/h0/kb/data/one/mainenlab/Subjects/ZFM-06271/2023-09-14/001/raw_photometry_data/raw_photometry.csv,,/mnt/h0/kb/data/external_drive/2023-09-14/bonsai_DI01.csv,TRUE,TRUE,raw_task_data_00/_iblrig_taskData.raw.jsonable,1484,556,-18.4609188,-928
920,ZFM-06272,2023-09-14,NE,e8685096-7c74-4734-bb74-f042c745d0ae,probe27,Region4G,1,1,,/mnt/h0/kb/data/one/mainenlab/Subjects/ZFM-06272/2023-09-14/002/raw_photometry_data/raw_photometry.csv,,/mnt/h0/kb/data/external_drive/2023-09-14/bonsai_DI11.csv,TRUE,TRUE,raw_task_data_00/_iblrig_taskData.raw.jsonable,1103,388,-14.91344066,-715
921,ZFM-06272,2023-09-14,NE,e8685096-7c74-4734-bb74-f042c745d0ae,probe28,Region5G,1,1,,/mnt/h0/kb/data/one/mainenlab/Subjects/ZFM-06272/2023-09-14/002/raw_photometry_data/raw_photometry.csv,,/mnt/h0/kb/data/external_drive/2023-09-14/bonsai_DI11.csv,TRUE,TRUE,raw_task_data_00/_iblrig_taskData.raw.jsonable,1103,388,-14.91344066,-715
922,ZFM-06268,2023-09-15,NE,4687d165-e3a7-4489-b5c8-6fcd33cd5b45,probe25,Region3G,2,0,,/mnt/h0/kb/data/one/mainenlab/Subjects/ZFM-06268/2023-09-15/001/raw_photometry_data/raw_photometry.csv,,/mnt/h0/kb/data/external_drive/2023-09-15/bonsai_DI02.csv,TRUE,TRUE,raw_task_data_00/_iblrig_taskData.raw.jsonable,1604,573,-15.42896035,-1031
923,ZFM-06271,2023-09-15,NE,212839a1-414c-42de-9571-e3183e8d9368,probe26,Region3G,1,0,,/mnt/h0/kb/data/one/mainenlab/Subjects/ZFM-06271/2023-09-15/001/raw_photometry_data/raw_photometry.csv,,/mnt/h0/kb/data/external_drive/2023-09-15/bonsai_DI01.csv,TRUE,TRUE,raw_task_data_00/_iblrig_taskData.raw.jsonable,1963,723,-14.21260591,-1240
924,ZFM-06268,2023-09-18,NE,67f99b3d-cad7-49fc-ae30-bfa854f1b522,probe25,Region3G,2,1,,/mnt/h0/kb/data/one/mainenlab/Subjects/ZFM-06268/2023-09-18/001/raw_photometry_data/raw_photometry.csv,,/mnt/h0/kb/data/external_drive/2023-09-18/bonsai_DI12.csv,TRUE,TRUE,raw_task_data_00/_iblrig_taskData.raw.jsonable,1137,405,-18.84556272,-732
925,ZFM-06275,2023-09-18,NE,47c02dcc-337b-4964-937f-39928c057fff,probe30,Region4G,2,0,,/mnt/h0/kb/data/one/mainenlab/Subjects/ZFM-06275/2023-09-18/001/raw_photometry_data/raw_photometry.csv,,/mnt/h0/kb/data/external_drive/2023-09-18/bonsai_DI02.csv,TRUE,TRUE,raw_task_data_00/_iblrig_taskData.raw.jsonable,606,245,-25.7666335,-361
926,ZFM-06275,2023-09-18,NE,47c02dcc-337b-4964-937f-39928c057fff,probe31,Region5G,2,0,,/mnt/h0/kb/data/one/mainenlab/Subjects/ZFM-06275/2023-09-18/001/raw_photometry_data/raw_photometry.csv,,/mnt/h0/kb/data/external_drive/2023-09-18/bonsai_DI02.csv,TRUE,TRUE,raw_task_data_00/_iblrig_taskData.raw.jsonable,606,245,-25.7666335,-361
927,ZFM-06268,2023-09-20,NE,80b17bb1-03d9-4211-bc9c-ff7b1e862b44,probe25,Region3G,3,0,,/mnt/h0/kb/data/one/mainenlab/Subjects/ZFM-06268/2023-09-20/001/raw_photometry_data/raw_photometry.csv,,/mnt/h0/kb/data/external_drive/2023-09-20/bonsai_DI03.csv,TRUE,TRUE,raw_task_data_00/_iblrig_taskData.raw.jsonable,1358,481,-14.64804289,-877
928,ZFM-06271,2023-09-20,NE,cfd821cc-0c1f-4f79-bb1d-632919a72574,probe26,Region3G,2,0,,/mnt/h0/kb/data/one/mainenlab/Subjects/ZFM-06271/2023-09-20/001/raw_photometry_data/raw_photometry.csv,,/mnt/h0/kb/data/external_drive/2023-09-20/bonsai_DI02.csv,TRUE,TRUE,raw_task_data_00/_iblrig_taskData.raw.jsonable,1376,513,-19.11750701,-863
929,ZFM-06272,2023-09-20,NE,5b2357b4-ec9f-4143-b563-f85e6dbf2f5d,probe27,Region4G,2,1,,/mnt/h0/kb/data/one/mainenlab/Subjects/ZFM-06272/2023-09-20/002/raw_photometry_data/raw_photometry.csv,,/mnt/h0/kb/data/external_drive/2023-09-20/bonsai_DI12.csv,TRUE,TRUE,raw_task_data_00/_iblrig_taskData.raw.jsonable,983,374,-20.14843829,-609
930,ZFM-06272,2023-09-20,NE,5b2357b4-ec9f-4143-b563-f85e6dbf2f5d,probe28,Region5G,2,1,,/mnt/h0/kb/data/one/mainenlab/Subjects/ZFM-06272/2023-09-20/002/raw_photometry_data/raw_photometry.csv,,/mnt/h0/kb/data/external_drive/2023-09-20/bonsai_DI12.csv,TRUE,TRUE,raw_task_data_00/_iblrig_taskData.raw.jsonable,983,374,-20.14843829,-609
931,ZFM-06275,2023-09-20,NE,aa806292-e871-4ca1-b7c3-aebc786609ec,probe30,Region4G,3,1,,/mnt/h0/kb/data/one/mainenlab/Subjects/ZFM-06275/2023-09-20/001/raw_photometry_data/raw_photometry.csv,,/mnt/h0/kb/data/external_drive/2023-09-20/bonsai_DI13.csv,TRUE,TRUE,raw_task_data_00/_iblrig_taskData.raw.jsonable,598,231,-20.25630587,-367
932,ZFM-06275,2023-09-20,NE,aa806292-e871-4ca1-b7c3-aebc786609ec,probe31,Region5G,3,1,,/mnt/h0/kb/data/one/mainenlab/Subjects/ZFM-06275/2023-09-20/001/raw_photometry_data/raw_photometry.csv,,/mnt/h0/kb/data/external_drive/2023-09-20/bonsai_DI13.csv,TRUE,TRUE,raw_task_data_00/_iblrig_taskData.raw.jsonable,598,231,-20.25630587,-367
933,ZFM-06171,2023-09-28,NE,77248635-81f1-4ad6-96c1-6df614f59f9a,probe29,Region4G,1,1,,/mnt/h0/kb/data/one/mainenlab/Subjects/ZFM-06171/2023-09-28/002/raw_photometry_data/raw_photometry.csv,/mnt/h0/kb/data/external_drive/2023-09-28/raw_photometry1.csv,/mnt/h0/kb/data/external_drive/2023-09-28/bonsai_DI11.csv,TRUE,TRUE,raw_task_data_00/_iblrig_taskData.raw.jsonable,235,81,-18.63773345,-154
935,ZFM-06271,2023-09-28,NE,59bf936a-9982-4dc4-aee7-9e30ae168894,probe26,Region3G,1,0,,/mnt/h0/kb/data/one/mainenlab/Subjects/ZFM-06271/2023-09-28/001/raw_photometry_data/raw_photometry.csv,,/mnt/h0/kb/data/external_drive/2023-09-28/bonsai_DI01.csv,TRUE,TRUE,raw_task_data_00/_iblrig_taskData.raw.jsonable,235,93,-18.51247462,-142
936,ZFM-06268,2023-10-04,NE,f0964bbf-8e61-4a36-9b9c-75fe5687f3fa,probe25,Region6G,1,0,,/mnt/h0/kb/data/one/mainenlab/Subjects/ZFM-06268/2023-10-04/001/raw_photometry_data/raw_photometry.csv,,/mnt/h0/kb/data/external_drive/2023-10-04/bonsai_DI01.csv,TRUE,TRUE,raw_task_data_00/_iblrig_taskData.raw.jsonable,1961,684,-20.97371913,-1277
937,ZFM-06271,2023-10-04,NE,f74e4047-dc08-4f3e-aef3-76f7e2ac38f9,probe26,Region6G,0,1,,/mnt/h0/kb/data/one/mainenlab/Subjects/ZFM-06271/2023-10-04/001/raw_photometry_data/raw_photometry.csv,,/mnt/h0/kb/data/external_drive/2023-10-04/bonsai_DI10.csv,TRUE,TRUE,raw_task_data_00/_iblrig_taskData.raw.jsonable,2343,857,-19.79051844,-1486
938,ZFM-06272,2023-10-04,NE,f12dfd3d-147a-4e3f-bbd0-5db521889ae5,probe27,Region3G,0,0,,/mnt/h0/kb/data/one/mainenlab/Subjects/ZFM-06272/2023-10-04/001/raw_photometry_data/raw_photometry.csv,,/mnt/h0/kb/data/external_drive/2023-10-04/bonsai_DI00.csv,TRUE,TRUE,raw_task_data_00/_iblrig_taskData.raw.jsonable,1815,706,-22.68715748,-1109
939,ZFM-06272,2023-10-04,NE,f12dfd3d-147a-4e3f-bbd0-5db521889ae5,probe28,Region4G,0,0,,/mnt/h0/kb/data/one/mainenlab/Subjects/ZFM-06272/2023-10-04/001/raw_photometry_data/raw_photometry.csv,,/mnt/h0/kb/data/external_drive/2023-10-04/bonsai_DI00.csv,TRUE,TRUE,raw_task_data_00/_iblrig_taskData.raw.jsonable,1815,706,-22.68715748,-1109
940,ZFM-06275,2023-10-04,NE,28826a8d-b70e-4b36-8458-bb4a3ffe20c8,probe30,Region3G,1,1,,/mnt/h0/kb/data/one/mainenlab/Subjects/ZFM-06275/2023-10-04/001/raw_photometry_data/raw_photometry.csv,,/mnt/h0/kb/data/external_drive/2023-10-04/bonsai_DI11.csv,TRUE,TRUE,raw_task_data_00/_iblrig_taskData.raw.jsonable,1447,532,-20.96255802,-915
941,ZFM-06275,2023-10-04,NE,28826a8d-b70e-4b36-8458-bb4a3ffe20c8,probe31,Region4G,1,1,,/mnt/h0/kb/data/one/mainenlab/Subjects/ZFM-06275/2023-10-04/001/raw_photometry_data/raw_photometry.csv,,/mnt/h0/kb/data/external_drive/2023-10-04/bonsai_DI11.csv,TRUE,TRUE,raw_task_data_00/_iblrig_taskData.raw.jsonable,1447,532,-20.96255802,-915
943,ZFM-06268,2023-10-05,NE,b99c4211-e37c-43d8-84ad-7208d10ba48f,probe25,Region6G,2,0,,/mnt/h0/kb/data/one/mainenlab/Subjects/ZFM-06268/2023-10-05/001/raw_photometry_data/raw_photometry.csv,,/mnt/h0/kb/data/external_drive/2023-10-05/bonsai_DI02.csv,TRUE,TRUE,raw_task_data_00/_iblrig_taskData.raw.jsonable,1882,655,-16.63603968,-1227
944,ZFM-06271,2023-10-05,NE,a2f479f2-f706-4014-8513-12633e3271cb,probe26,Region6G,1,1,,/mnt/h0/kb/data/one/mainenlab/Subjects/ZFM-06271/2023-10-05/003/raw_photometry_data/raw_photometry.csv,,/mnt/h0/kb/data/external_drive/2023-10-05/bonsai_DI11.csv,TRUE,TRUE,raw_task_data_00/_iblrig_taskData.raw.jsonable,1951,710,-19.7848138,-1241
945,ZFM-06272,2023-10-05,NE,e1e48c2e-55f4-4390-a0b3-2ff6b85e736d,probe27,Region3G,1,0,,/mnt/h0/kb/data/one/mainenlab/Subjects/ZFM-06272/2023-10-05/002/raw_photometry_data/raw_photometry.csv,,/mnt/h0/kb/data/external_drive/2023-10-05/bonsai_DI01.csv,TRUE,TRUE,raw_task_data_00/_iblrig_taskData.raw.jsonable,1878,749,-18.85015169,-1129
946,ZFM-06272,2023-10-05,NE,e1e48c2e-55f4-4390-a0b3-2ff6b85e736d,probe28,Region4G,1,0,,/mnt/h0/kb/data/one/mainenlab/Subjects/ZFM-06272/2023-10-05/002/raw_photometry_data/raw_photometry.csv,,/mnt/h0/kb/data/external_drive/2023-10-05/bonsai_DI01.csv,TRUE,TRUE,raw_task_data_00/_iblrig_taskData.raw.jsonable,1878,749,-18.85015169,-1129
948,ZFM-06275,2023-10-05,NE,5d25672d-f9c2-4f05-ace1-7414e25e049e,probe30,Region3G,2,1,,/mnt/h0/kb/data/one/mainenlab/Subjects/ZFM-06275/2023-10-05/001/raw_photometry_data/raw_photometry.csv,,/mnt/h0/kb/data/external_drive/2023-10-05/bonsai_DI12.csv,TRUE,TRUE,raw_task_data_00/_iblrig_taskData.raw.jsonable,1717,619,-18.42007999,-1098
949,ZFM-06275,2023-10-05,NE,5d25672d-f9c2-4f05-ace1-7414e25e049e,probe31,Region4G,2,1,,/mnt/h0/kb/data/one/mainenlab/Subjects/ZFM-06275/2023-10-05/001/raw_photometry_data/raw_photometry.csv,,/mnt/h0/kb/data/external_drive/2023-10-05/bonsai_DI12.csv,TRUE,TRUE,raw_task_data_00/_iblrig_taskData.raw.jsonable,1717,619,-18.42007999,-1098
950,ZFM-06305,2023-10-05,ACh,4d98e49b-4dcc-436d-8bc5-e11549cdf05b,probe32,Region6G,3,1,,/mnt/h0/kb/data/one/mainenlab/Subjects/ZFM-06305/2023-10-05/001/raw_photometry_data/raw_photometry.csv,,/mnt/h0/kb/data/external_drive/2023-10-05/bonsai_DI13.csv,TRUE,TRUE,raw_task_data_00/_iblrig_taskData.raw.jsonable,2114,790,-19.69037906,-1324
951,ZFM-05235,2023-10-06,5HT,0c345c56-bc8d-46ac-b778-6d03589d814b,probe20,Region3G,2,0,,/mnt/h0/kb/data/one/mainenlab/Subjects/ZFM-05235/2023-10-06/001/raw_photometry_data/raw_photometry.csv,,/mnt/h0/kb/data/external_drive/2023-10-06/bonsai_DI02.csv,TRUE,TRUE,raw_task_data_00/_iblrig_taskData.raw.jsonable,3106,1114,-22.27781125,-1992
952,ZFM-06171,2023-10-06,NE,daa2fce5-d76b-41ff-8e5a-660fffa17377,probe29,Region3G,0,1,,/mnt/h0/kb/data/one/mainenlab/Subjects/ZFM-06171/2023-10-06/001/raw_photometry_data/raw_photometry.csv,,/mnt/h0/kb/data/external_drive/2023-10-06/bonsai_DI10.csv,TRUE,TRUE,raw_task_data_00/_iblrig_taskData.raw.jsonable,1762,664,-19.26716325,-1098
953,ZFM-06268,2023-10-06,NE,3bed4725-bb1d-4ee4-bdff-0491449e7317,probe25,Region6G,1,0,,/mnt/h0/kb/data/one/mainenlab/Subjects/ZFM-06268/2023-10-06/001/raw_photometry_data/raw_photometry.csv,,/mnt/h0/kb/data/external_drive/2023-10-06/bonsai_DI01.csv,TRUE,TRUE,raw_task_data_00/_iblrig_taskData.raw.jsonable,2179,722,-20.13933912,-1457
954,ZFM-06275,2023-10-06,NE,f00f4182-58b3-4a66-a18b-e1b199de03c6,probe30,Region3G,1,1,,/mnt/h0/kb/data/one/mainenlab/Subjects/ZFM-06275/2023-10-06/001/raw_photometry_data/raw_photometry.csv,,/mnt/h0/kb/data/external_drive/2023-10-06/bonsai_DI11.csv,TRUE,TRUE,raw_task_data_00/_iblrig_taskData.raw.jsonable,2254,791,-15.39435048,-1463
955,ZFM-06275,2023-10-06,NE,f00f4182-58b3-4a66-a18b-e1b199de03c6,probe31,Region5G,1,1,,/mnt/h0/kb/data/one/mainenlab/Subjects/ZFM-06275/2023-10-06/001/raw_photometry_data/raw_photometry.csv,,/mnt/h0/kb/data/external_drive/2023-10-06/bonsai_DI11.csv,TRUE,TRUE,raw_task_data_00/_iblrig_taskData.raw.jsonable,2254,791,-15.39435048,-1463
956,ZFM-06305,2023-10-06,ACh,31d6b8ec-e9df-4e7d-9b5d-4b24c616dced,probe32,Region6G,2,1,,/mnt/h0/kb/data/one/mainenlab/Subjects/ZFM-06305/2023-10-06/001/raw_photometry_data/raw_photometry.csv,,/mnt/h0/kb/data/external_drive/2023-10-06/bonsai_DI12.csv,TRUE,TRUE,raw_task_data_00/_iblrig_taskData.raw.jsonable,1094,422,-20.11315362,-672
957,ZFM-06271,2023-10-10,NE,aab283e2-b824-4dc8-8045-2307512dd057,probe26,Region6G,1,1,,/mnt/h0/kb/data/external_drive/2023-10-10/raw_photometry1.csv,,/mnt/h0/kb/data/external_drive/2023-10-10/bonsai_DI11.csv,TRUE,TRUE,raw_task_data_00/_iblrig_taskData.raw.jsonable,1219,459,-18.7507708,-760
958,ZFM-06272,2023-10-10,NE,edc165cf-fe4b-4fa9-901c-155762148a7b,probe27,Region3G,1,0,,/mnt/h0/kb/data/external_drive/2023-10-10/raw_photometry1.csv,,/mnt/h0/kb/data/external_drive/2023-10-10/bonsai_DI01.csv,TRUE,TRUE,raw_task_data_00/_iblrig_taskData.raw.jsonable,879,379,-22.72762304,-500
959,ZFM-06272,2023-10-10,NE,edc165cf-fe4b-4fa9-901c-155762148a7b,probe28,Region5G,1,0,,/mnt/h0/kb/data/external_drive/2023-10-10/raw_photometry1.csv,,/mnt/h0/kb/data/external_drive/2023-10-10/bonsai_DI01.csv,TRUE,TRUE,raw_task_data_00/_iblrig_taskData.raw.jsonable,879,379,-22.72762304,-500
960,ZFM-06268,2023-10-16,NE,92c2df9c-4f5a-4f2f-904a-d180ff613310,probe25,Region6G,1,0,,/mnt/h0/kb/data/one/mainenlab/Subjects/ZFM-06268/2023-10-16/001/raw_photometry_data/raw_photometry.csv,,/mnt/h0/kb/data/external_drive/2023-10-16/bonsai_DI01.csv,TRUE,TRUE,raw_task_data_00/_iblrig_taskData.raw.jsonable,1255,471,-9.369274239,-784
961,ZFM-06271,2023-10-16,NE,77dc3d08-79a9-4e84-b9a7-e180c6d62cbc,probe26,Region3G,0,1,,/mnt/h0/kb/data/one/mainenlab/Subjects/ZFM-06271/2023-10-16/001/raw_photometry_data/raw_photometry.csv,,/mnt/h0/kb/data/external_drive/2023-10-16/bonsai_DI10.csv,TRUE,TRUE,raw_task_data_00/_iblrig_taskData.raw.jsonable,718,268,-19.8328064,-450
962,ZFM-06272,2023-10-16,NE,9297ece6-3037-4527-93c4-014263ae382a,probe28,Region5G,0,0,,/mnt/h0/kb/data/one/mainenlab/Subjects/ZFM-06272/2023-10-16/001/raw_photometry_data/raw_photometry.csv,,/mnt/h0/kb/data/external_drive/2023-10-16/bonsai_DI00.csv,TRUE,TRUE,raw_task_data_00/_iblrig_taskData.raw.jsonable,315,129,-22.69774562,-186
963,ZFM-06272,2023-10-16,NE,9297ece6-3037-4527-93c4-014263ae382a,probe27,Region6G,0,0,,/mnt/h0/kb/data/one/mainenlab/Subjects/ZFM-06272/2023-10-16/001/raw_photometry_data/raw_photometry.csv,,/mnt/h0/kb/data/external_drive/2023-10-16/bonsai_DI00.csv,TRUE,TRUE,raw_task_data_00/_iblrig_taskData.raw.jsonable,315,129,-22.69774562,-186
964,ZFM-05235,2023-10-17,5HT,a8b6486f-844b-44d0-bd9b-38904fb15707,probe20,Region3G,3,0,,/mnt/h0/kb/data/one/mainenlab/Subjects/ZFM-05235/2023-10-17/002/raw_photometry_data/raw_photometry.csv,,/mnt/h0/kb/data/external_drive/2023-10-17/bonsai_DI03.csv,TRUE,TRUE,raw_task_data_00/_iblrig_taskData.raw.jsonable,1957,703,-23.34423299,-1254
965,ZFM-06171,2023-10-17,NE,6247aa20-94a2-4d9e-b8c7-a8fd0743410e,probe29,Region6G,1,1,,/mnt/h0/kb/data/one/mainenlab/Subjects/ZFM-06171/2023-10-17/001/raw_photometry_data/raw_photometry.csv,,/mnt/h0/kb/data/external_drive/2023-10-17/bonsai_DI11.csv,TRUE,TRUE,raw_task_data_00/_iblrig_taskData.raw.jsonable,1213,436,-9.390899282,-777
966,ZFM-06268,2023-10-17,NE,638f8709-f0c4-458c-b615-578e00cb5787,probe25,Region6G,3,1,,/mnt/h0/kb/data/one/mainenlab/Subjects/ZFM-06268/2023-10-17/003/raw_photometry_data/raw_photometry.csv,,/mnt/h0/kb/data/external_drive/2023-10-17/bonsai_DI13.csv,TRUE,TRUE,raw_task_data_00/_iblrig_taskData.raw.jsonable,1102,388,-20.67161119,-714
967,ZFM-06271,2023-10-17,NE,81ee5635-9512-41c4-abca-f426df58a290,probe26,Region3G,1,0,,/mnt/h0/kb/data/one/mainenlab/Subjects/ZFM-06271/2023-10-17/001/raw_photometry_data/raw_photometry.csv,,/mnt/h0/kb/data/external_drive/2023-10-17/bonsai_DI01.csv,TRUE,TRUE,raw_task_data_00/_iblrig_taskData.raw.jsonable,1513,543,-9.45054636,-970
968,ZFM-06268,2023-10-18,NE,552c22b4-a7c5-4b52-ad12-fd3420c1cee2,probe25,Region6G,1,0,,/mnt/h0/kb/data/one/mainenlab/Subjects/ZFM-06268/2023-10-18/001/raw_photometry_data/raw_photometry.csv,,/mnt/h0/kb/data/external_drive/2023-10-18/bonsai_DI01.csv,TRUE,TRUE,raw_task_data_00/_iblrig_taskData.raw.jsonable,1314,476,-19.36580186,-838
969,ZFM-06271,2023-10-18,NE,832c133f-bca6-4a14-9777-dc298fbe7c23,probe26,Region6G,0,1,,/mnt/h0/kb/data/one/mainenlab/Subjects/ZFM-06271/2023-10-18/001/raw_photometry_data/raw_photometry.csv,,/mnt/h0/kb/data/external_drive/2023-10-18/bonsai_DI10.csv,TRUE,TRUE,raw_task_data_00/_iblrig_taskData.raw.jsonable,1204,435,-12.05485896,-769
970,ZFM-06272,2023-10-18,NE,f039e269-52c4-451f-9486-0d452b9adc82,probe27,Region3G,0,0,,/mnt/h0/kb/data/one/mainenlab/Subjects/ZFM-06272/2023-10-18/001/raw_photometry_data/raw_photometry.csv,,/mnt/h0/kb/data/external_drive/2023-10-18/bonsai_DI00.csv,TRUE,TRUE,raw_task_data_00/_iblrig_taskData.raw.jsonable,1020,409,-21.40121974,-611
971,ZFM-06272,2023-10-18,NE,f039e269-52c4-451f-9486-0d452b9adc82,probe28,Region5G,0,0,,/mnt/h0/kb/data/one/mainenlab/Subjects/ZFM-06272/2023-10-18/001/raw_photometry_data/raw_photometry.csv,,/mnt/h0/kb/data/external_drive/2023-10-18/bonsai_DI00.csv,TRUE,TRUE,raw_task_data_00/_iblrig_taskData.raw.jsonable,1020,409,-21.40121974,-611
972,ZFM-06275,2023-10-18,NE,5ea8acd2-e366-49c6-8777-852a2c83f66f,probe30,Region3G,1,1,,/mnt/h0/kb/data/one/mainenlab/Subjects/ZFM-06275/2023-10-18/001/raw_photometry_data/raw_photometry.csv,,/mnt/h0/kb/data/external_drive/2023-10-18/bonsai_DI11.csv,TRUE,TRUE,raw_task_data_00/_iblrig_taskData.raw.jsonable,1331,478,-19.50529954,-853
973,ZFM-06275,2023-10-18,NE,5ea8acd2-e366-49c6-8777-852a2c83f66f,probe31,Region5G,1,1,,/mnt/h0/kb/data/one/mainenlab/Subjects/ZFM-06275/2023-10-18/001/raw_photometry_data/raw_photometry.csv,,/mnt/h0/kb/data/external_drive/2023-10-18/bonsai_DI11.csv,TRUE,TRUE,raw_task_data_00/_iblrig_taskData.raw.jsonable,1331,478,-19.50529954,-853
974,ZFM-05235,2023-10-19,5HT,81ae2b88-c541-420b-a3af-4fb258c84f4b,probe20,Region3G,1,0,,/mnt/h0/kb/data/one/mainenlab/Subjects/ZFM-05235/2023-10-19/001/raw_photometry_data/raw_photometry.csv,,/mnt/h0/kb/data/external_drive/2023-10-19/bonsai_DI01.csv,TRUE,TRUE,raw_task_data_00/_iblrig_taskData.raw.jsonable,2505,883,-22.81627405,-1622
975,ZFM-06171,2023-10-19,NE,0d7b3dc5-73f5-47ab-a574-85f8635d7aee,probe29,Region3G,0,1,,/mnt/h0/kb/data/one/mainenlab/Subjects/ZFM-06171/2023-10-19/001/raw_photometry_data/raw_photometry.csv,,/mnt/h0/kb/data/external_drive/2023-10-19/bonsai_DI10.csv,TRUE,TRUE,raw_task_data_00/_iblrig_taskData.raw.jsonable,1206,456,-4.914459009,-750
976,ZFM-06268,2023-10-19,NE,46ea3274-bb12-4f39-b6e8-f37954b0cc62,probe25,Region6G,1,1,,/mnt/h0/kb/data/one/mainenlab/Subjects/ZFM-06268/2023-10-19/001/raw_photometry_data/raw_photometry.csv,,/mnt/h0/kb/data/external_drive/2023-10-19/bonsai_DI11.csv,TRUE,TRUE,raw_task_data_00/_iblrig_taskData.raw.jsonable,1400,516,-20.03742791,-884
977,ZFM-06271,2023-10-19,NE,a9c3231c-f747-4a1b-80e0-bbcd5c6df16b,probe26,Region6G,0,0,,/mnt/h0/kb/data/one/mainenlab/Subjects/ZFM-06271/2023-10-19/001/raw_photometry_data/raw_photometry.csv,,/mnt/h0/kb/data/external_drive/2023-10-19/bonsai_DI00.csv,TRUE,TRUE,raw_task_data_00/_iblrig_taskData.raw.jsonable,2076,755,-18.92818936,-1321
978,ZFM-05235,2023-10-21,5HT,20fb5a24-a1b0-4538-803c-cf13eaff2af6,probe20,Region6G,2,0,,/mnt/h0/kb/data/one/mainenlab/Subjects/ZFM-05235/2023-10-21/001/raw_photometry_data/raw_photometry.csv,,/mnt/h0/kb/data/external_drive/2023-10-21/bonsai_DI02.csv,TRUE,TRUE,raw_task_data_00/_iblrig_taskData.raw.jsonable,3089,1083,-22.07990598,-2006
979,ZFM-06268,2023-10-21,NE,7c755f94-e46f-4a4a-b27c-0985f234cda2,probe25,Region3G,2,1,,/mnt/h0/kb/data/one/mainenlab/Subjects/ZFM-06268/2023-10-21/001/raw_photometry_data/raw_photometry.csv,,/mnt/h0/kb/data/external_drive/2023-10-21/bonsai_DI12.csv,TRUE,TRUE,raw_task_data_00/_iblrig_taskData.raw.jsonable,2077,751,-19.44457699,-1326
980,ZFM-06271,2023-10-21,NE,8ccaf6ee-a577-4055-b6f3-e3ed012175d4,probe26,Region3G,5,0,,/mnt/h0/kb/data/one/mainenlab/Subjects/ZFM-06271/2023-10-21/001/raw_photometry_data/raw_photometry.csv,,/mnt/h0/kb/data/external_drive/2023-10-21/bonsai_DI05.csv,TRUE,TRUE,raw_task_data_00/_iblrig_taskData.raw.jsonable,2732,983,-19.33497908,-1749
981,ZFM-06275,2023-10-21,NE,78232d19-7ec2-4817-9b1d-3abc53aa85f9,probe30,Region5G,5,1,,/mnt/h0/kb/data/one/mainenlab/Subjects/ZFM-06275/2023-10-21/001/raw_photometry_data/raw_photometry.csv,,/mnt/h0/kb/data/external_drive/2023-10-21/bonsai_DI15.csv,TRUE,TRUE,raw_task_data_00/_iblrig_taskData.raw.jsonable,2306,830,-18.89429646,-1476
982,ZFM-06275,2023-10-21,NE,78232d19-7ec2-4817-9b1d-3abc53aa85f9,probe31,Region6G,5,1,,/mnt/h0/kb/data/one/mainenlab/Subjects/ZFM-06275/2023-10-21/001/raw_photometry_data/raw_photometry.csv,,/mnt/h0/kb/data/external_drive/2023-10-21/bonsai_DI15.csv,TRUE,TRUE,raw_task_data_00/_iblrig_taskData.raw.jsonable,2306,830,-18.89429646,-1476
983,ZFM-05235,2023-10-24,5HT,96e8c6c1-5a60-4f62-aa8d-cf655cd2f4fa,probe20,Region3G,2,0,,/mnt/h0/kb/data/one/mainenlab/Subjects/ZFM-05235/2023-10-24/001/raw_photometry_data/raw_photometry.csv,,/mnt/h0/kb/data/external_drive/2023-10-24/bonsai_DI02.csv,TRUE,TRUE,raw_task_data_00/_iblrig_taskData.raw.jsonable,1886,676,-22.53363711,-1210
984,ZFM-06171,2023-10-24,NE,e898dfa4-f21d-42d6-81d4-9bf4f3e577bf,probe29,Region3G,1,1,,/mnt/h0/kb/data/one/mainenlab/Subjects/ZFM-06171/2023-10-24/001/raw_photometry_data/raw_photometry.csv,,/mnt/h0/kb/data/external_drive/2023-10-24/bonsai_DI11.csv,TRUE,TRUE,raw_task_data_00/_iblrig_taskData.raw.jsonable,1485,549,-19.2080787,-936
985,ZFM-06268,2023-10-24,NE,6d22ff85-8983-4ce8-843c-46f6bc2f521f,probe25,Region6G,2,1,,/mnt/h0/kb/data/one/mainenlab/Subjects/ZFM-06268/2023-10-24/002/raw_photometry_data/raw_photometry.csv,,/mnt/h0/kb/data/external_drive/2023-10-24/bonsai_DI12.csv,TRUE,TRUE,raw_task_data_00/_iblrig_taskData.raw.jsonable,1060,354,-20.15979722,-706
986,ZFM-06271,2023-11-04,NE,c9df7e11-22b5-4db2-9986-3af3f6af9165,probe26,Region6G,0,0,,/mnt/h0/kb/data/one/mainenlab/Subjects/ZFM-06271/2023-11-04/001/raw_photometry_data/raw_photometry.csv,,/mnt/h0/kb/data/external_drive/2023-11-04/bonsai_DI00.csv,TRUE,TRUE,raw_task_data_00/_iblrig_taskData.raw.jsonable,1799,647,-15.47865281,-1152
987,ZFM-06272,2023-11-04,NE,61969717-b11a-4bbf-867c-519239ddf150,probe27,Region5G,1,0,,/mnt/h0/kb/data/one/mainenlab/Subjects/ZFM-06272/2023-11-04/002/raw_photometry_data/raw_photometry.csv,,/mnt/h0/kb/data/external_drive/2023-11-04/bonsai_DI01.csv,TRUE,TRUE,raw_task_data_00/_iblrig_taskData.raw.jsonable,889,293,-17.02050891,-596
988,ZFM-06272,2023-11-04,NE,61969717-b11a-4bbf-867c-519239ddf150,probe28,Region6G,1,0,,/mnt/h0/kb/data/one/mainenlab/Subjects/ZFM-06272/2023-11-04/002/raw_photometry_data/raw_photometry.csv,,/mnt/h0/kb/data/external_drive/2023-11-04/bonsai_DI01.csv,TRUE,TRUE,raw_task_data_00/_iblrig_taskData.raw.jsonable,889,293,-17.02050891,-596
989,ZFM-06268,2023-11-28,NE,713c525a-0ab8-4414-8987-984a9bdb8684,probe25,Region6G,1,1,,/mnt/h0/kb/data/external_drive/2023-11-28/raw_photometry1.csv',,/mnt/h0/kb/data/external_drive/2023-11-28/bonsai_DI11.csv',TRUE,TRUE,raw_task_data_00/_iblrig_taskData.raw.jsonable,,,,
990,ZFM-06271,2023-11-29,NE,0fd1e093-a9eb-404a-a592-de4c5cb18b64,probe26,Region6G,1,0,,/mnt/h0/kb/data/one/mainenlab/Subjects/ZFM-06271/2023-11-29/001/raw_photometry_data/raw_photometry.csv,,/mnt/h0/kb/data/external_drive/2023-11-29/bonsai_DI01.csv,TRUE,TRUE,raw_task_data_00/_iblrig_taskData.raw.jsonable,1178,432,-18.96519991,-746
991,ZFM-06268,2023-11-30,NE,f3110994-6cdb-460c-96c4-24846b90d50c,probe25,Region6G,1,1,,/mnt/h0/kb/data/one/mainenlab/Subjects/ZFM-06268/2023-11-30/001/raw_photometry_data/raw_photometry.csv,,/mnt/h0/kb/data/external_drive/2023-11-30/bonsai_DI11.csv,TRUE,TRUE,raw_task_data_00/_iblrig_taskData.raw.jsonable,974,365,-14.82940036,-609
992,ZFM-06271,2023-12-05,NE,8e1f265b-f4bc-4b84-b1f7-0b36d2e9cd90,probe26,Region6G,1,0,,/mnt/h0/kb/data/one/mainenlab/Subjects/ZFM-06271/2023-12-05/001/raw_photometry_data/raw_photometry.csv,,/mnt/h0/kb/data/external_drive/2023-12-05/bonsai_DI01.csv,TRUE,TRUE,raw_task_data_00/_iblrig_taskData.raw.jsonable,320,111,-24.87231615,-209
993,ZFM-06268,2023-12-27,NE,55515199-3e80-496d-a338-0c06b2abc780,probe25,Region6G,0,1,,/mnt/h0/kb/data/one/mainenlab/Subjects/ZFM-06268/2023-12-27/001/raw_photometry_data/raw_photometry.csv,,/mnt/h0/kb/data/external_drive/2023-12-27/bonsai_DI10.csv,TRUE,TRUE,raw_task_data_00/_iblrig_taskData.raw.jsonable,1628,620,-17.87582126,-1008
994,ZFM-06948,2023-12-27,ACh,eaec375f-360a-4c4a-90e4-69c5cb9fc2e9,probe35,Region3G,0,0,,/mnt/h0/kb/data/one/mainenlab/Subjects/ZFM-06948/2023-12-27/001/raw_photometry_data/raw_photometry.csv,,/mnt/h0/kb/data/external_drive/2023-12-27/bonsai_DI00.csv,TRUE,TRUE,raw_task_data_00/_iblrig_taskData.raw.jsonable,2385,843,-21.78671494,-1542
995,ZFM-06271,2023-12-28,NE,b6bb7a40-d838-47e8-986d-2e5a9a2fa77a,probe26,Region3G,0,0,,/mnt/h0/kb/data/one/mainenlab/Subjects/ZFM-06271/2023-12-28/001/raw_photometry_data/raw_photometry.csv,,/mnt/h0/kb/data/external_drive/2023-12-28/bonsai_DI00.csv,TRUE,TRUE,raw_task_data_00/_iblrig_taskData.raw.jsonable,1557,559,-21.99339084,-998
996,ZFM-06275,2024-01-09,NE,3bbadaff-290e-4cd2-bc7a-0e1a07388136,,Region3G,0,1,,/mnt/h0/kb/data/one/mainenlab/Subjects/ZFM-06275/2024-01-09/001/raw_photometry_data/raw_photometry.csv,,/mnt/h0/kb/data/external_drive/2024-01-09/bonsai_DI10.csv,TRUE,TRUE,raw_task_data_00/_iblrig_taskData.raw.jsonable,1905,694,-18.53458079,-1211
997,ZFM-06275,2024-01-10,NE,46dfe777-b0af-4aa6-b84e-cc030bb61e9f,,Region3G,0,1,,/mnt/h0/kb/data/one/mainenlab/Subjects/ZFM-06275/2024-01-10/001/raw_photometry_data/raw_photometry.csv,,/mnt/h0/kb/data/external_drive/2024-01-10/bonsai_DI10.csv,TRUE,TRUE,raw_task_data_00/_iblrig_taskData.raw.jsonable,2442,876,-17.08451695,-1566
998,ZFM-06275,2024-01-10,NE,46dfe777-b0af-4aa6-b84e-cc030bb61e9f,,Region6G,0,1,,/mnt/h0/kb/data/one/mainenlab/Subjects/ZFM-06275/2024-01-10/001/raw_photometry_data/raw_photometry.csv,,/mnt/h0/kb/data/external_drive/2024-01-10/bonsai_DI10.csv,TRUE,TRUE,raw_task_data_00/_iblrig_taskData.raw.jsonable,2442,876,-17.08451695,-1566
999,ZFM-06275,2024-01-11,NE,8eac586e-7e81-4430-b3a4-7a1412adf39d,,Region3G,0,1,,/mnt/h0/kb/data/one/mainenlab/Subjects/ZFM-06275/2024-01-11/001/raw_photometry_data/raw_photometry.csv,,/mnt/h0/kb/data/external_drive/2024-01-11/bonsai_DI10.csv,TRUE,TRUE,raw_task_data_00/_iblrig_taskData.raw.jsonable,2463,881,-17.35151309,-1582
1000,ZFM-06275,2024-01-11,NE,8eac586e-7e81-4430-b3a4-7a1412adf39d,,Region6G,0,1,,/mnt/h0/kb/data/one/mainenlab/Subjects/ZFM-06275/2024-01-11/001/raw_photometry_data/raw_photometry.csv,,/mnt/h0/kb/data/external_drive/2024-01-11/bonsai_DI10.csv,TRUE,TRUE,raw_task_data_00/_iblrig_taskData.raw.jsonable,2463,881,-17.35151309,-1582
1001,ZFM-06275,2024-01-12,NE,8743fc31-2886-4505-89c4-873338f09143,,Region3G,1,1,,/mnt/h0/kb/data/one/mainenlab/Subjects/ZFM-06275/2024-01-12/001/raw_photometry_data/raw_photometry.csv,,/mnt/h0/kb/data/external_drive/2024-01-12/bonsai_DI11.csv,TRUE,TRUE,raw_task_data_00/_iblrig_taskData.raw.jsonable,2458,877,-19.64389013,-1581
1002,ZFM-06275,2024-01-12,NE,8743fc31-2886-4505-89c4-873338f09143,,Region6G,1,1,,/mnt/h0/kb/data/one/mainenlab/Subjects/ZFM-06275/2024-01-12/001/raw_photometry_data/raw_photometry.csv,,/mnt/h0/kb/data/external_drive/2024-01-12/bonsai_DI11.csv,TRUE,TRUE,raw_task_data_00/_iblrig_taskData.raw.jsonable,2458,877,-19.64389013,-1581
1003,ZFM-06948,2024-01-12,ACh,580d1208-d910-4fc9-8c28-8364c92dbd46,probe35,Region5G,1,0,,/mnt/h0/kb/data/one/mainenlab/Subjects/ZFM-06948/2024-01-12/001/raw_photometry_data/raw_photometry.csv,,/mnt/h0/kb/data/external_drive/2024-01-12/bonsai_DI01.csv,TRUE,TRUE,raw_task_data_00/_iblrig_taskData.raw.jsonable,3702,1339,-22.45262629,-2363
1004,ZFM-06275,2024-01-15,NE,e8b7d6e0-8a6b-4f17-a2f2-ffbb886bc06a,,Region3G,1,1,,/mnt/h0/kb/data/one/mainenlab/Subjects/ZFM-06275/2024-01-15/001/raw_photometry_data/raw_photometry.csv,,/mnt/h0/kb/data/external_drive/2024-01-15/bonsai_DI11.csv,TRUE,TRUE,raw_task_data_00/_iblrig_taskData.raw.jsonable,584,223,-19.9444817,-361
1005,ZFM-06275,2024-01-15,NE,e8b7d6e0-8a6b-4f17-a2f2-ffbb886bc06a,,Region6G,1,1,,/mnt/h0/kb/data/one/mainenlab/Subjects/ZFM-06275/2024-01-15/001/raw_photometry_data/raw_photometry.csv,,/mnt/h0/kb/data/external_drive/2024-01-15/bonsai_DI11.csv,TRUE,TRUE,raw_task_data_00/_iblrig_taskData.raw.jsonable,584,223,-19.9444817,-361
1006,ZFM-06948,2024-01-15,ACh,f931c7de-cd9a-42e6-a83f-368f77ac334c,probe35,Region5G,1,0,,/mnt/h0/kb/data/one/mainenlab/Subjects/ZFM-06948/2024-01-15/001/raw_photometry_data/raw_photometry.csv,,/mnt/h0/kb/data/external_drive/2024-01-15/bonsai_DI01.csv,TRUE,TRUE,raw_task_data_00/_iblrig_taskData.raw.jsonable,3443,1272,-22.46525709,-2171
1007,ZFM-06271,2024-01-16,NE,a98de948-35f5-411b-b709-d4cc9fece205,probe26,Region5G,1,1,,/mnt/h0/kb/data/one/mainenlab/Subjects/ZFM-06271/2024-01-16/001/raw_photometry_data/raw_photometry.csv,,/mnt/h0/kb/data/external_drive/2024-01-16/bonsai_DI11.csv,TRUE,TRUE,raw_task_data_00/_iblrig_taskData.raw.jsonable,1034,376,-19.84109818,-658
1008,ZFM-06272,2024-01-16,NE,987ef08d-529a-409b-b463-cd66d708894f,probe27,Region3G,1,0,,/mnt/h0/kb/data/one/mainenlab/Subjects/ZFM-06272/2024-01-16/001/raw_photometry_data/raw_photometry.csv,,/mnt/h0/kb/data/external_drive/2024-01-16/bonsai_DI01.csv,TRUE,TRUE,raw_task_data_00/_iblrig_taskData.raw.jsonable,1183,440,-17.67365953,-743
1009,ZFM-06272,2024-01-16,NE,987ef08d-529a-409b-b463-cd66d708894f,probe28,Region6G,1,0,,/mnt/h0/kb/data/one/mainenlab/Subjects/ZFM-06272/2024-01-16/001/raw_photometry_data/raw_photometry.csv,,/mnt/h0/kb/data/external_drive/2024-01-16/bonsai_DI01.csv,TRUE,TRUE,raw_task_data_00/_iblrig_taskData.raw.jsonable,1183,440,-17.67365953,-743
1010,ZFM-06275,2024-01-16,NE,0a64126d-a149-4d28-80d8-00a5ca60c681,probe30,Region3G,0,1,,/mnt/h0/kb/data/one/mainenlab/Subjects/ZFM-06275/2024-01-16/001/raw_photometry_data/raw_photometry.csv,,/mnt/h0/kb/data/external_drive/2024-01-16/bonsai_DI10.csv,TRUE,TRUE,raw_task_data_00/_iblrig_taskData.raw.jsonable,302,119,-18.80082278,-183
1011,ZFM-06275,2024-01-16,NE,0a64126d-a149-4d28-80d8-00a5ca60c681,probe31,Region6G,0,1,,/mnt/h0/kb/data/one/mainenlab/Subjects/ZFM-06275/2024-01-16/001/raw_photometry_data/raw_photometry.csv,,/mnt/h0/kb/data/external_drive/2024-01-16/bonsai_DI10.csv,TRUE,TRUE,raw_task_data_00/_iblrig_taskData.raw.jsonable,302,119,-18.80082278,-183
1012,ZFM-06948,2024-01-16,ACh,4a2a79b3-3ff1-476c-a438-6690167eda3e,probe35,Region5G,0,0,,/mnt/h0/kb/data/one/mainenlab/Subjects/ZFM-06948/2024-01-16/001/raw_photometry_data/raw_photometry.csv,,/mnt/h0/kb/data/external_drive/2024-01-16/bonsai_DI00.csv,TRUE,TRUE,raw_task_data_00/_iblrig_taskData.raw.jsonable,2282,818,-21.63044727,-1464
1013,ZFM-06271,2024-01-17,NE,ef2181fe-7223-4db3-88dd-22bb7e26c52b,probe26,Region5G,1,1,,/mnt/h0/kb/data/one/mainenlab/Subjects/ZFM-06271/2024-01-17/001/raw_photometry_data/raw_photometry.csv,,/mnt/h0/kb/data/external_drive/2024-01-17/bonsai_DI11.csv,TRUE,TRUE,raw_task_data_00/_iblrig_taskData.raw.jsonable,1590,576,-19.53032425,-1014
1014,ZFM-06272,2024-01-17,NE,363edc30-abad-496b-96e3-3c81b3a106df,probe27,Region3G,1,0,,/mnt/h0/kb/data/one/mainenlab/Subjects/ZFM-06272/2024-01-17/001/raw_photometry_data/raw_photometry.csv,,/mnt/h0/kb/data/external_drive/2024-01-17/bonsai_DI01.csv,TRUE,TRUE,raw_task_data_00/_iblrig_taskData.raw.jsonable,2160,818,-19.36470539,-1342
1015,ZFM-06272,2024-01-17,NE,363edc30-abad-496b-96e3-3c81b3a106df,probe28,Region6G,1,0,,/mnt/h0/kb/data/one/mainenlab/Subjects/ZFM-06272/2024-01-17/001/raw_photometry_data/raw_photometry.csv,,/mnt/h0/kb/data/external_drive/2024-01-17/bonsai_DI01.csv,TRUE,TRUE,raw_task_data_00/_iblrig_taskData.raw.jsonable,2160,818,-19.36470539,-1342
1016,ZFM-06275,2024-01-17,NE,eb104880-b863-4452-8c1f-44fa372fbe62,probe30,Region3G,0,1,,/mnt/h0/kb/data/one/mainenlab/Subjects/ZFM-06275/2024-01-17/001/raw_photometry_data/raw_photometry.csv,,/mnt/h0/kb/data/external_drive/2024-01-17/bonsai_DI10.csv,TRUE,TRUE,raw_task_data_00/_iblrig_taskData.raw.jsonable,1642,597,-18.59526352,-1045
1017,ZFM-06275,2024-01-17,NE,eb104880-b863-4452-8c1f-44fa372fbe62,probe31,Region6G,0,1,,/mnt/h0/kb/data/one/mainenlab/Subjects/ZFM-06275/2024-01-17/001/raw_photometry_data/raw_photometry.csv,,/mnt/h0/kb/data/external_drive/2024-01-17/bonsai_DI10.csv,TRUE,TRUE,raw_task_data_00/_iblrig_taskData.raw.jsonable,1642,597,-18.59526352,-1045
1018,ZFM-06948,2024-01-17,ACh,49a8a108-34b9-4611-b887-4465f0260df5,probe35,Region5G,0,0,,/mnt/h0/kb/data/one/mainenlab/Subjects/ZFM-06948/2024-01-17/001/raw_photometry_data/raw_photometry.csv,,/mnt/h0/kb/data/external_drive/2024-01-17/bonsai_DI00.csv,TRUE,TRUE,raw_task_data_00/_iblrig_taskData.raw.jsonable,2498,893,-20.00102726,-1605
1019,ZFM-06268,2024-01-18,NE,91fe7b53-5172-4df3-9985-3d002c5a23a4,probe25,Region5G,0,0,,/mnt/h0/kb/data/one/mainenlab/Subjects/ZFM-06268/2024-01-18/001/raw_photometry_data/raw_photometry.csv,,/mnt/h0/kb/data/external_drive/2024-01-18/bonsai_DI00.csv,TRUE,TRUE,raw_task_data_00/_iblrig_taskData.raw.jsonable,1413,526,-19.64991477,-887
1020,ZFM-06272,2024-01-18,NE,fa497c30-4a3a-47db-a0bf-184207418499,probe27,Region3G,0,1,,/mnt/h0/kb/data/one/mainenlab/Subjects/ZFM-06272/2024-01-18/001/raw_photometry_data/raw_photometry.csv,,/mnt/h0/kb/data/external_drive/2024-01-18/bonsai_DI10.csv,TRUE,TRUE,raw_task_data_00/_iblrig_taskData.raw.jsonable,1223,466,-19.16522868,-757
1021,ZFM-06272,2024-01-18,NE,fa497c30-4a3a-47db-a0bf-184207418499,probe28,Region6G,0,1,,/mnt/h0/kb/data/one/mainenlab/Subjects/ZFM-06272/2024-01-18/001/raw_photometry_data/raw_photometry.csv,,/mnt/h0/kb/data/external_drive/2024-01-18/bonsai_DI10.csv,TRUE,TRUE,raw_task_data_00/_iblrig_taskData.raw.jsonable,1223,466,-19.16522868,-757
1022,ZFM-06275,2024-01-18,NE,bcc2419f-f50e-4a2a-9c67-fef434a7be0b,probe30,Region3G,2,1,,/mnt/h0/kb/data/one/mainenlab/Subjects/ZFM-06275/2024-01-18/001/raw_photometry_data/raw_photometry.csv,,/mnt/h0/kb/data/external_drive/2024-01-18/bonsai_DI12.csv,TRUE,TRUE,raw_task_data_00/_iblrig_taskData.raw.jsonable,719,264,-19.95623608,-455
1023,ZFM-06275,2024-01-18,NE,bcc2419f-f50e-4a2a-9c67-fef434a7be0b,probe31,Region6G,2,1,,/mnt/h0/kb/data/one/mainenlab/Subjects/ZFM-06275/2024-01-18/001/raw_photometry_data/raw_photometry.csv,,/mnt/h0/kb/data/external_drive/2024-01-18/bonsai_DI12.csv,TRUE,TRUE,raw_task_data_00/_iblrig_taskData.raw.jsonable,719,264,-19.95623608,-455
1024,ZFM-06948,2024-01-18,ACh,c1b69b7c-4ef8-4ad4-871f-b6b30c7e8f63,probe35,Region5G,2,0,,/mnt/h0/kb/data/one/mainenlab/Subjects/ZFM-06948/2024-01-18/001/raw_photometry_data/raw_photometry.csv,,/mnt/h0/kb/data/external_drive/2024-01-18/bonsai_DI02.csv,TRUE,TRUE,raw_task_data_00/_iblrig_taskData.raw.jsonable,1729,635,-21.4622726,-1094
1025,ZFM-06268,2024-01-19,NE,5405b85f-5e4f-4ca9-a771-990c5e9baf43,probe25,Region5G,0,0,,/mnt/h0/kb/data/one/mainenlab/Subjects/ZFM-06268/2024-01-19/001/raw_photometry_data/raw_photometry.csv,,/mnt/h0/kb/data/external_drive/2024-01-19/bonsai_DI00.csv,TRUE,TRUE,raw_task_data_00/_iblrig_taskData.raw.jsonable,1137,402,-22.28380856,-735
1026,ZFM-06272,2024-01-19,NE,67d81531-0679-496e-816f-410180645f65,probe28,Region3G,0,1,,/mnt/h0/kb/data/one/mainenlab/Subjects/ZFM-06272/2024-01-19/001/raw_photometry_data/raw_photometry.csv,,/mnt/h0/kb/data/external_drive/2024-01-19/bonsai_DI10.csv,TRUE,TRUE,raw_task_data_00/_iblrig_taskData.raw.jsonable,876,332,-19.73944601,-544
1027,ZFM-06272,2024-01-19,NE,67d81531-0679-496e-816f-410180645f65,probe27,Region6G,0,1,,/mnt/h0/kb/data/one/mainenlab/Subjects/ZFM-06272/2024-01-19/001/raw_photometry_data/raw_photometry.csv,,/mnt/h0/kb/data/external_drive/2024-01-19/bonsai_DI10.csv,TRUE,TRUE,raw_task_data_00/_iblrig_taskData.raw.jsonable,876,332,-19.73944601,-544
1028,ZFM-06275,2024-01-19,NE,974a8a32-2156-4250-b9db-4298fc8daa65,probe30,Region3G,1,1,,/mnt/h0/kb/data/one/mainenlab/Subjects/ZFM-06275/2024-01-19/001/raw_photometry_data/raw_photometry.csv,,/mnt/h0/kb/data/external_drive/2024-01-19/bonsai_DI11.csv,TRUE,TRUE,raw_task_data_00/_iblrig_taskData.raw.jsonable,747,280,-18.11141974,-467
1029,ZFM-06275,2024-01-19,NE,974a8a32-2156-4250-b9db-4298fc8daa65,probe31,Region6G,1,1,,/mnt/h0/kb/data/one/mainenlab/Subjects/ZFM-06275/2024-01-19/001/raw_photometry_data/raw_photometry.csv,,/mnt/h0/kb/data/external_drive/2024-01-19/bonsai_DI11.csv,TRUE,TRUE,raw_task_data_00/_iblrig_taskData.raw.jsonable,747,280,-18.11141974,-467
1030,ZFM-06948,2024-01-19,ACh,2d6526a6-a19d-487c-a061-f6e2457abc8b,probe35,Region5G,1,0,,/mnt/h0/kb/data/one/mainenlab/Subjects/ZFM-06948/2024-01-19/001/raw_photometry_data/raw_photometry.csv,,/mnt/h0/kb/data/external_drive/2024-01-19/bonsai_DI01.csv,TRUE,TRUE,raw_task_data_00/_iblrig_taskData.raw.jsonable,3303,1185,-22.469551,-2118
1031,ZFM-06268,2024-01-24,NE,2fb7bff6-3e76-4b78-bc5c-a3dc697d419e,probe25,Region5G,1,0,,/mnt/h0/kb/data/one/mainenlab/Subjects/ZFM-06268/2024-01-24/001/raw_photometry_data/raw_photometry.csv,,/mnt/h0/kb/data/external_drive/2024-01-24/bonsai_DI01.csv,TRUE,TRUE,raw_task_data_00/_iblrig_taskData.raw.jsonable,1098,429,-22.59406789,-669
1032,ZFM-06272,2024-01-24,NE,69fe2bf9-e52b-4b5e-8a6d-3c3f95d25d0a,probe27,Region3G,1,1,,/mnt/h0/kb/data/one/mainenlab/Subjects/ZFM-06272/2024-01-24/002/raw_photometry_data/raw_photometry.csv,,/mnt/h0/kb/data/external_drive/2024-01-24/bonsai_DI11.csv,TRUE,TRUE,raw_task_data_00/_iblrig_taskData.raw.jsonable,,,,
1033,ZFM-06272,2024-01-24,NE,69fe2bf9-e52b-4b5e-8a6d-3c3f95d25d0a,probe28,Region6G,1,1,,/mnt/h0/kb/data/one/mainenlab/Subjects/ZFM-06272/2024-01-24/002/raw_photometry_data/raw_photometry.csv,,/mnt/h0/kb/data/external_drive/2024-01-24/bonsai_DI11.csv,TRUE,TRUE,raw_task_data_00/_iblrig_taskData.raw.jsonable,,,,
1034,ZFM-06275,2024-01-24,NE,0f4f1c75-5163-479a-b20d-5b77d5dbf9bc,probe30,Region3G,0,1,,/mnt/h0/kb/data/one/mainenlab/Subjects/ZFM-06275/2024-01-24/001/raw_photometry_data/raw_photometry.csv,,/mnt/h0/kb/data/external_drive/2024-01-24/bonsai_DI10.csv,TRUE,TRUE,raw_task_data_00/_iblrig_taskData.raw.jsonable,384,156,-18.39043895,-228
1035,ZFM-06275,2024-01-24,NE,0f4f1c75-5163-479a-b20d-5b77d5dbf9bc,probe31,Region6G,0,1,,/mnt/h0/kb/data/one/mainenlab/Subjects/ZFM-06275/2024-01-24/001/raw_photometry_data/raw_photometry.csv,,/mnt/h0/kb/data/external_drive/2024-01-24/bonsai_DI10.csv,TRUE,TRUE,raw_task_data_00/_iblrig_taskData.raw.jsonable,384,156,-18.39043895,-228
1036,ZFM-06948,2024-01-24,ACh,80365379-89b1-4140-b0e7-d935f3d16ec7,probe35,Region5G,0,0,,/mnt/h0/kb/data/one/mainenlab/Subjects/ZFM-06948/2024-01-24/001/raw_photometry_data/raw_photometry.csv,,/mnt/h0/kb/data/external_drive/2024-01-24/bonsai_DI00.csv,TRUE,TRUE,raw_task_data_00/_iblrig_taskData.raw.jsonable,,,,