eid,subject,session_type,video_qc_score,qc_videoLeft_focus,qc_videoLeft_position,qc_videoLeft_brightness,qc_videoLeft_resolution,qc_videoLeft_wheel_alignment,qc_videoLeft_timestamps,qc_videoLeft_dropped_frames,qc_videoLeft_pin_state,session_length,video_length,length_discrepancy,framerate_from_tpts,LP,LP QC,Alyx LP QC plots,Failed to plot,Behav sync,Motion Energy,LP tongue tracking,Lick detection,LP Paws,LP Notes
18381ae9-05fe-4eb8-8c27-fd1d8d1cb0bf,ZFM-03059,biased,1,PASS,PASS,PASS,PASS,PASS,PASS,PASS,PASS,2795.902202,2803.109767,7.207564667,0.0333,Complete,PASS,18381ae9-05fe-4eb8-8c27-fd1d8d1cb0bf,,,,,,,"good, around 100trials"
e1726190-2e94-44ca-afd5-5a355782528b,ZFM-03059,biased,1,PASS,PASS,PASS,PASS,PASS,PASS,PASS,PASS,3121.1602,3124.445966,3.285765667,0.0333,Complete,PASS,e1726190-2e94-44ca-afd5-5a355782528b,,,,,,,"good, very dense raster after feedback"
10e13954-53dd-4a07-86bd-9bff46459efc,ZFM-03059,biased,1,PASS,PASS,PASS,PASS,PASS,PASS,PASS,PASS,2865.993501,2919.012299,53.018798,0.0333,Complete,PASS,10e13954-53dd-4a07-86bd-9bff46459efc,,,,,,,good; dense lick raster
5f1a8363-2da0-4f0d-80b3-d1fbd24a3f04,ZFM-03447,biased,1,PASS,PASS,PASS,PASS,PASS,PASS,PASS,PASS,3632.402301,3649.112266,16.70996467,0.0333,Complete,PASS,5f1a8363-2da0-4f0d-80b3-d1fbd24a3f04,,,,,,,"good, 90 trials"
c7ce2f64-2e74-4b39-9c32-bb72cba922c1,ZFM-03447,biased,1,PASS,PASS,PASS,PASS,PASS,PASS,PASS,PASS,3151.071603,3204.851733,53.78013033,0.0333,Complete,PASS,c7ce2f64-2e74-4b39-9c32-bb72cba922c1,,,,,,,good
141cd1ec-1ed3-4407-886f-0d6240c80988,ZFM-03447,biased,1,PASS,PASS,PASS,PASS,PASS,PASS,PASS,PASS,4931.771102,4942.888232,11.11713033,0.0333,Complete,WARNING,141cd1ec-1ed3-4407-886f-0d6240c80988,,,,,,,"good lick, weird motion energy etc"
f2898cc0-6bfd-4af9-bdc8-58af869dd0be,ZFM-03447,biased,1,PASS,PASS,PASS,PASS,PASS,PASS,PASS,PASS,4131.450701,4184.987599,53.536898,0.0333,Complete,PASS,f2898cc0-6bfd-4af9-bdc8-58af869dd0be,,,,,,,"good, 160 trials"
ba8fc80a-e374-4900-ba8a-ad3b244c5bea,ZFM-03447,biased,1,PASS,PASS,PASS,PASS,PASS,PASS,PASS,PASS,4556.173801,4556.598932,0.4251313333,0.0333,Complete,PASS,ba8fc80a-e374-4900-ba8a-ad3b244c5bea,,,,,,,ok
4f7ee34f-71d7-4054-88e6-ff1179762461,ZFM-04019,biased,1,PASS,PASS,PASS,PASS,PASS,PASS,PASS,PASS,5148.5091,5189.474265,40.96516467,0.0333,Complete,CRITICAL,4f7ee34f-71d7-4054-88e6-ff1179762461,,timestamps,,,,,timestamps
e826e0aa-9a2c-4052-a4a7-dd189086ad5e,ZFM-04019,biased,1,PASS,PASS,PASS,PASS,PASS,PASS,PASS,PASS,5507.6796,5566.876432,59.19683233,0.0333,Complete,PASS,e826e0aa-9a2c-4052-a4a7-dd189086ad5e,,,,,,,ok; 120 trials
272372d1-526f-4291-b18c-49d0d4140dbb,ZFM-04019,biased,1,PASS,PASS,PASS,PASS,PASS,PASS,PASS,PASS,6016.773702,6041.6588,24.885098,0.0333,Complete,PASS,272372d1-526f-4291-b18c-49d0d4140dbb,,,,,,,good
4f585aa9-ada0-4e2e-90d4-2542e5dbf782,ZFM-04019,biased,1,PASS,PASS,PASS,PASS,PASS,PASS,PASS,PASS,3568.243902,3583.013432,14.76953033,0.0333,Complete,PASS,4f585aa9-ada0-4e2e-90d4-2542e5dbf782,,,,,,,good; anticip licks
41cc34ab-deda-480b-b957-380abb2117c0,ZFM-04019,biased,1,PASS,PASS,PASS,PASS,PASS,PASS,PASS,PASS,3202.031701,3244.792632,42.76093133,0.0333,Complete,WARNING,41cc34ab-deda-480b-b957-380abb2117c0,,probably timestamps,,,,,"very few licks, timestamp issue?"
2252b3ed-f900-4509-bf77-37d47b56da7a,ZFM-04019,biased,1,PASS,PASS,PASS,PASS,PASS,PASS,PASS,PASS,4314.137402,4330.036832,15.89943033,0.0333,Complete,PASS,2252b3ed-f900-4509-bf77-37d47b56da7a,,,,,,,good
f24c2389-1716-4827-a14c-3a11dee6a754,ZFM-04019,biased,1,PASS,PASS,PASS,PASS,PASS,PASS,PASS,PASS,3604.908602,3661.1868,56.278198,0.0333,Complete,WARNING,f24c2389-1716-4827-a14c-3a11dee6a754,,probably timestamps,,,,,timestamps?
aa211f0c-94df-4f8a-9775-b8fcec3f5138,ZFM-04019,biased,1,PASS,PASS,PASS,PASS,PASS,PASS,PASS,PASS,5644.745502,5637.966399,-6.779103,0.0333,Complete,FAIL,aa211f0c-94df-4f8a-9775-b8fcec3f5138,wheel,timestamps,,,,,error while plotting wheel; timestamps
04482c20-f984-4d90-97d6-6791bae1e6f7,ZFM-04019,biased,1,PASS,PASS,PASS,PASS,PASS,PASS,PASS,PASS,4035.312201,4035.400532,0.08833133333,0.0333,Complete,PASS,04482c20-f984-4d90-97d6-6791bae1e6f7,,,,,,,(paws on spout)
4649407f-6f77-4edc-977b-a3a017f08f22,ZFM-04019,biased,1,PASS,PASS,PASS,PASS,PASS,PASS,PASS,PASS,5858.531001,5883.1114,24.580399,0.0333,Complete,WARNING,4649407f-6f77-4edc-977b-a3a017f08f22,,probably timestamps,,,,,timestamps?
699dc94d-e141-42d7-afa5-ab9a1fa000f8,ZFM-04019,biased,1,PASS,PASS,PASS,PASS,PASS,PASS,PASS,PASS,3986.041602,4020.515966,34.47436367,0.0333,Complete,CRITICAL,699dc94d-e141-42d7-afa5-ab9a1fa000f8,,probably timestamps,,,,,timestamps?
1c9d6859-0acd-4e41-9def-a9a08384c18f,ZFM-04019,biased,1,PASS,PASS,PASS,PASS,PASS,PASS,PASS,PASS,3776.4201,3674.444298,-101.975802,0.0333,Complete,FAIL,1c9d6859-0acd-4e41-9def-a9a08384c18f,motion_speed_pupil,,,,,,"no motion, speed, pupil plots"
80bcab5a-20fd-4cc5-8a0e-e1e0149da372,ZFM-04019,biased,1,PASS,PASS,PASS,PASS,PASS,PASS,PASS,PASS,4688.520401,4694.276531,5.756130333,0.0333,Complete,PASS,80bcab5a-20fd-4cc5-8a0e-e1e0149da372,,,,,,,good; little delay?
28b2a170-5e33-49c9-9df5-3098c92a7905,ZFM-04019,biased,1,PASS,PASS,PASS,PASS,PASS,PASS,PASS,PASS,4751.244202,4787.7862,36.541998,0.0333,Complete,PASS,28b2a170-5e33-49c9-9df5-3098c92a7905,,,,,,,good; weird empty lick raster exactly around 0.2s
2d2e9a22-683a-409c-91e8-79196e10be93,ZFM-04019,biased,1,PASS,PASS,PASS,PASS,PASS,PASS,PASS,PASS,5410.960501,5422.899499,11.938998,0.0333,Complete,FAIL,2d2e9a22-683a-409c-91e8-79196e10be93,motion_speed_pupil,probably timestamps,,,,,"no motion, speed, pupil plots; licks bad, timestamps?"
5c179d07-235c-4673-87d2-d961f0139140,ZFM-04019,biased,1,PASS,PASS,PASS,PASS,PASS,PASS,PASS,PASS,3390.605703,3406.099234,15.49353133,0.0333,Complete,PASS,5c179d07-235c-4673-87d2-d961f0139140,,,,,,,good
0f41a88d-6746-4754-b8da-2992dcfcb55d,ZFM-04019,biased,1,PASS,PASS,PASS,PASS,PASS,PASS,PASS,PASS,4855.193501,4895.658399,40.464898,0.0333,Complete,PASS,0f41a88d-6746-4754-b8da-2992dcfcb55d,,,,,,,good; check lick raster
2130575d-5834-42c0-b4c9-c195cba80cb8,ZFM-04022,biased,1,PASS,PASS,PASS,PASS,PASS,PASS,PASS,PASS,3495.703401,3521.903132,26.19973133,0.0333,Complete,PASS,2130575d-5834-42c0-b4c9-c195cba80cb8,,,,,,,good some delay
9c37c6e0-9bf0-4bde-b79a-4d6e95886350,ZFM-04022,biased,1,PASS,PASS,PASS,PASS,PASS,PASS,PASS,PASS,3786.670602,3819.537266,32.86666367,0.0333,Complete,PASS,9c37c6e0-9bf0-4bde-b79a-4d6e95886350,,,,,,,good; delay to start licking?
173b48e4-8201-44f5-8c36-7886afcd82e2,ZFM-04022,biased,1,PASS,PASS,PASS,PASS,PASS,PASS,PASS,PASS,3339.328801,3342.446565,3.117763667,0.0333,Complete,WARNING,173b48e4-8201-44f5-8c36-7886afcd82e2,,probably timestamps,,,,,timestamps?
f930de5b-41d4-4bd7-9a54-8ae4f81b99f7,ZFM-04022,biased,1,PASS,PASS,PASS,PASS,PASS,PASS,PASS,PASS,6404.462501,6422.439366,17.97686467,0.0333,Complete,CRITICAL,f930de5b-41d4-4bd7-9a54-8ae4f81b99f7,,timestamps,,,,,TIMESTAMPS
bc7a39b5-0e99-41e0-ba01-03a1380e1237,ZFM-04022,biased,1,PASS,PASS,PASS,PASS,PASS,PASS,PASS,PASS,6754.951,6757.118731,2.167731333,0.0333,Complete,PASS,bc7a39b5-0e99-41e0-ba01-03a1380e1237,,,,,,,good; dense lick raster
f0ebdfe3-15dd-4f71-b35e-aea6400b2b8b,ZFM-04022,biased,1,PASS,PASS,PASS,PASS,PASS,PASS,PASS,PASS,6657.706801,6679.641199,21.934398,0.0333,Complete,PASS,f0ebdfe3-15dd-4f71-b35e-aea6400b2b8b,,,,,,,"good, less engaged at the end"
45335143-4cdb-4f55-bda3-3d2046b6b7e7,ZFM-04022,biased,1,PASS,PASS,PASS,PASS,PASS,PASS,PASS,PASS,3420.4548,3474.671266,54.21646567,0.0333,Complete,PASS,45335143-4cdb-4f55-bda3-3d2046b6b7e7,,,,,,,good
3dffc578-3fa8-4d01-b0df-a61a5593be46,ZFM-04022,biased,1,PASS,PASS,PASS,PASS,PASS,PASS,PASS,PASS,4459.8686,4509.585899,49.717299,0.0333,Complete,CRITICAL,3dffc578-3fa8-4d01-b0df-a61a5593be46,,probably timestamps,,,,,timestamps?
65f90bf6-5124-430a-ab73-134ac6fb374f,ZFM-04022,biased,1,PASS,PASS,PASS,PASS,PASS,PASS,PASS,PASS,3266.084601,3280.313466,14.22886467,0.0333,Complete,WARNING,65f90bf6-5124-430a-ab73-134ac6fb374f,,probably timestamps,,,,,"bad for dlc and LP, timestamps?"
820790a2-7ae5-4daa-8871-e8e55d0a317d,ZFM-04022,biased,1,PASS,PASS,PASS,PASS,PASS,PASS,PASS,PASS,3604.988202,3627.2869,22.298698,0.0333,Complete,CRITICAL,820790a2-7ae5-4daa-8871-e8e55d0a317d,,probably timestamps,,,,,timestamps?
a1ccc8ed-9829-4af8-91fd-cc1c83b74b98,ZFM-04022,biased,1,PASS,PASS,PASS,PASS,PASS,PASS,PASS,PASS,4768.349901,4778.579232,10.22933133,0.0333,Complete,PASS,a1ccc8ed-9829-4af8-91fd-cc1c83b74b98,,,,,,,good
d2c9b9c1-28e1-47db-a165-54f822ba6c30,ZFM-04026,biased,1,PASS,PASS,PASS,PASS,PASS,PASS,PASS,PASS,6357.108101,6367.557331,10.44923033,0.0333,Complete,PASS,d2c9b9c1-28e1-47db-a165-54f822ba6c30,,,,,,,good
8af59882-3b50-4f1b-873c-46040587775b,ZFM-04026,biased,1,PASS,PASS,PASS,PASS,PASS,PASS,PASS,PASS,4864.523601,4868.448866,3.925264667,0.0333,Complete,CRITICAL,8af59882-3b50-4f1b-873c-46040587775b,,timestamps,,,,,TIMESTAMPS
78bbffca-cd76-4f00-9c73-9dc2a528ac62,ZFM-04026,biased,1,PASS,PASS,PASS,PASS,PASS,PASS,PASS,PASS,3028.518901,3031.315265,2.796363667,0.0333,Complete,PASS,78bbffca-cd76-4f00-9c73-9dc2a528ac62,,,,,,,50 trials
296c7e55-e338-43f2-b5bb-2ad6e0c52436,ZFM-04026,biased,1,PASS,PASS,PASS,PASS,PASS,PASS,PASS,PASS,4815.772202,4851.664033,35.89183133,0.0333,Complete,CRITICAL,296c7e55-e338-43f2-b5bb-2ad6e0c52436,,timestamps,,,,,TIMESTAMPS
990aff49-5e4b-4b75-a597-3b4dd3b29720,ZFM-04026,biased,1,PASS,PASS,PASS,PASS,PASS,PASS,PASS,PASS,6294.319801,6299.328131,5.008330333,0.0333,Complete,PASS,990aff49-5e4b-4b75-a597-3b4dd3b29720,,,,,,,good/ok
017b9cc4-b718-402a-8406-8194b1e911a4,ZFM-04392,biased,1,PASS,PASS,PASS,PASS,PASS,PASS,PASS,PASS,,4832.147931,,0.0334,Complete,CRITICAL,017b9cc4-b718-402a-8406-8194b1e911a4,,timestamps,,,,,
eafc9110-276d-4a55-8f23-5e21de257344,ZFM-04533,biased,1,PASS,PASS,PASS,PASS,PASS,PASS,PASS,PASS,3313.483501,3311.739032,-1.744468667,0.0333,Complete,PASS,eafc9110-276d-4a55-8f23-5e21de257344,,,,,,,"good; delay, few licks? check"
5782c52f-81dc-403f-bb94-4f39dc4a92a3,ZFM-04533,biased,1,PASS,PASS,PASS,PASS,PASS,PASS,PASS,PASS,3986.730401,4000.563066,13.83266467,0.0333,Complete,PASS,5782c52f-81dc-403f-bb94-4f39dc4a92a3,,,,,,,not so good/noisy
4ac35324-a13c-4517-a61f-7183a2f6ff44,ZFM-04533,biased,1,PASS,PASS,PASS,PASS,PASS,PASS,PASS,PASS,3752.472501,3763.167899,10.695398,0.0333,Complete,CRITICAL,4ac35324-a13c-4517-a61f-7183a2f6ff44,,timestamps,,,,,TIMESTAMPS
1b3db3e1-9777-4ad5-80e9-703c87550ad2,ZFM-04533,biased,1,PASS,PASS,PASS,PASS,PASS,PASS,PASS,PASS,2980.873501,2982.907499,2.033998,0.0333,Complete,PASS,1b3db3e1-9777-4ad5-80e9-703c87550ad2,,,,,,,"ok, check lick raster"
51678022-d298-475a-a740-3e46a2159424,ZFM-04534,biased,1,PASS,PASS,PASS,PASS,PASS,PASS,PASS,PASS,2741.647302,2745.856999,4.209697,0.0334,Complete,PASS,51678022-d298-475a-a740-3e46a2159424,,,,,,,good; little delay?
4d485b85-d1d0-47dc-a81a-f55e73a845de,ZFM-09394,biased,1,PASS,PASS,PASS,PASS,NOT_SET,PASS,PASS,PASS,2893.727457,2778.888832,-114.8386247,0.0333,Complete,PASS,4d485b85-d1d0-47dc-a81a-f55e73a845de,,,,,,,"ok, sparce lick raster"
6ffe6a5b-ffe6-4ec6-8281-40dde7e47d78,CQ001,training,1,PASS,PASS,PASS,PASS,PASS,PASS,PASS,PASS,2756.136,2662.9842,-93.1518,0.0333,Complete,PASS,6ffe6a5b-ffe6-4ec6-8281-40dde7e47d78,,,,,,,
86ec4949-473d-47bf-b02b-6ebbf16f65e7,CQ001,training,1,PASS,PASS,PASS,PASS,PASS,PASS,PASS,PASS,3312.367,3160.7002,-151.6668,0.0333,Complete,PASS,86ec4949-473d-47bf-b02b-6ebbf16f65e7,,,,,,,
be728859-bcee-4efd-8586-3750237611f3,CQ001,training,1,PASS,PASS,PASS,PASS,PASS,PASS,PASS,PASS,2922.75,2714.537266,-208.2127343,0.0333,Complete,PASS,be728859-bcee-4efd-8586-3750237611f3,,,,,,,
cdbf080a-39d6-461d-beed-e1fec3017cca,CQ001,training,1,PASS,PASS,PASS,PASS,PASS,PASS,PASS,PASS,2908.047,2712.139733,-195.9072667,0.0333,Complete,PASS,cdbf080a-39d6-461d-beed-e1fec3017cca,,,,,,,
7dd9357d-493e-49c2-9277-431109c81bd9,CQ001,training,1,PASS,PASS,PASS,PASS,PASS,PASS,PASS,PASS,2868.201,2789.136933,-79.06406667,0.0333,Complete,PASS,7dd9357d-493e-49c2-9277-431109c81bd9,,,,,,,
abeac3b6-b13f-406a-a2ea-481ab05bcd1c,CQ002,training,1,PASS,PASS,PASS,PASS,PASS,PASS,PASS,PASS,2910.281,2573.398067,-336.8829333,0.0333,Complete,PASS,abeac3b6-b13f-406a-a2ea-481ab05bcd1c,,,,,,,
811d1f99-04f8-4c65-b956-0bc10104aa49,CQ002,training,1,PASS,PASS,PASS,PASS,PASS,PASS,PASS,PASS,2840.773,2823.2707,-17.5023,0.0333,Complete,PASS,811d1f99-04f8-4c65-b956-0bc10104aa49,,,,,,,
370084fc-1ad9-4063-8586-b59f4c13e35b,CQ002,training,1,PASS,PASS,PASS,PASS,PASS,PASS,PASS,PASS,2798.463,2670.145033,-128.3179667,0.0333,Complete,PASS,370084fc-1ad9-4063-8586-b59f4c13e35b,,,,,,,
6a6aae4c-1835-4d44-8dda-9af4995684b3,CQ002,training,1,PASS,PASS,PASS,PASS,PASS,PASS,PASS,PASS,2951.218,2936.769333,-14.44866667,0.0333,Complete,CRITICAL,6a6aae4c-1835-4d44-8dda-9af4995684b3,,timestamps,,,,,TIMESTAMPS
cf330a8d-8bcc-431e-8d4e-5e9a7059f8ed,CQ002,training,1,PASS,PASS,PASS,PASS,PASS,PASS,PASS,PASS,2863.5,2725.760699,-137.739301,0.0333,Complete,PASS,cf330a8d-8bcc-431e-8d4e-5e9a7059f8ed,,,,,,,
3de586be-e491-479a-b8ba-cc7474e199b9,CQ002,training,1,PASS,PASS,PASS,PASS,PASS,PASS,PASS,PASS,3015.258,2989.587166,-25.67083433,0.0333,Complete,CRITICAL,3de586be-e491-479a-b8ba-cc7474e199b9,,timestamps,,,,,
9b772c6b-ee7b-44e0-9259-83bab6df7a1d,CQ002,training,1,PASS,PASS,PASS,PASS,PASS,PASS,PASS,PASS,2727.005,2523.5477,-203.4573,0.0333,Complete,PASS,9b772c6b-ee7b-44e0-9259-83bab6df7a1d,,,,,,,
f080f328-fc13-4039-ad4c-100ef3f7e361,CQ002,training,1,PASS,PASS,PASS,PASS,PASS,PASS,PASS,PASS,2795.05,2635.5422,-159.5078,0.0333,Complete,PASS,f080f328-fc13-4039-ad4c-100ef3f7e361,,,,,,,
1385c540-5a6f-4ca4-9027-30f2f247779a,CQ005,training,1,PASS,PASS,PASS,PASS,PASS,PASS,PASS,PASS,3331.471,3176.285166,-155.1858343,0.0333,Complete,PASS,1385c540-5a6f-4ca4-9027-30f2f247779a,,,,,,,
05cb6a70-73f6-40e0-a289-ee863e3730bb,CQ005,training,1,PASS,PASS,PASS,PASS,PASS,PASS,PASS,PASS,2919.63,2888.580432,-31.04956767,0.0333,Complete,PASS,05cb6a70-73f6-40e0-a289-ee863e3730bb,,,,,,,ok
4a698533-daaf-4905-b8ca-f54d65b3fa89,CQ005,training,1,PASS,PASS,PASS,PASS,PASS,PASS,PASS,PASS,5050.771,4908.477198,-142.293802,0.0333,Complete,PASS,4a698533-daaf-4905-b8ca-f54d65b3fa89,,,,,,,
f9a5ef7d-fc38-4bf9-a5f1-ff36b50fdeaf,CQ005,training,1,PASS,PASS,PASS,PASS,PASS,PASS,PASS,PASS,2708.039,2524.4766,-183.5624,0.0333,Complete,PASS,f9a5ef7d-fc38-4bf9-a5f1-ff36b50fdeaf,,,,,,,
73bb46f9-9c38-4310-8f59-2d41468818d1,CQ005,training,1,PASS,PASS,PASS,PASS,PASS,PASS,PASS,PASS,2923.966,2703.678124,-220.2878758,0.0101,Complete,PASS,73bb46f9-9c38-4310-8f59-2d41468818d1,,,,,,,
854136b8-0c33-4141-994b-ed9aaae9d962,CQ005,training,1,PASS,PASS,PASS,PASS,PASS,PASS,PASS,PASS,3013.678,2845.454566,-168.2234343,0.0333,Complete,PASS,854136b8-0c33-4141-994b-ed9aaae9d962,,,,,,,
75b3c508-c514-43dd-92cc-e4a92cb078aa,CQ005,training,1,PASS,PASS,PASS,PASS,PASS,PASS,PASS,PASS,3156.079,2996.616433,-159.4625667,0.0333,Complete,PASS,75b3c508-c514-43dd-92cc-e4a92cb078aa,,,,,,,
b9cfb57c-e408-40b1-a705-47b814a777b8,CQ005,training,1,PASS,PASS,PASS,PASS,PASS,PASS,PASS,PASS,3406.507,3376.140133,-30.36686667,0.0333,Complete,WARNING,b9cfb57c-e408-40b1-a705-47b814a777b8,,,,,,,"odd lick raster - timestamps issue, but just based on that?"
ee0072c8-ea54-4b5d-8903-8c183b7d2ca2,CQ006,training,1,PASS,PASS,PASS,PASS,PASS,PASS,PASS,PASS,2881.515,2675.813366,-205.7016343,0.0333,Complete,PASS,ee0072c8-ea54-4b5d-8903-8c183b7d2ca2,,,,,,,
5d98630a-c02a-4195-9241-e4b5a775ec2e,CQ008,training,1,PASS,PASS,PASS,PASS,PASS,PASS,PASS,PASS,3136.361,2839.331366,-297.0296343,0.0333,Complete,PASS,5d98630a-c02a-4195-9241-e4b5a775ec2e,,,,,,,
6fd87899-e087-4450-b465-265554c0ca72,CQ008,training,1,PASS,PASS,PASS,PASS,PASS,PASS,PASS,PASS,2739.075,2661.159398,-77.915602,0.0333,Complete,WARNING,6fd87899-e087-4450-b465-265554c0ca72,,,,,,,very few licks
1e37b5a6-516b-4b2b-b52d-262367723123,CQ008,training,1,PASS,PASS,PASS,PASS,PASS,PASS,PASS,PASS,2768.298,2554.389031,-213.9089687,0.0333,Complete,PASS,1e37b5a6-516b-4b2b-b52d-262367723123,,,,,,,
509d959a-5219-4c57-b924-74d2006b7443,CQ009,training,1,PASS,PASS,PASS,PASS,PASS,PASS,PASS,PASS,2765.687,2649.5958,-116.0912,0.0333,Complete,PASS,509d959a-5219-4c57-b924-74d2006b7443,,,,,,,
36400a0e-e83b-48b2-afda-d5cafa512609,CQ009,training,1,PASS,PASS,PASS,PASS,PASS,PASS,PASS,PASS,2774.168,2612.00308,-162.1649202,0.0101,Complete,PASS,36400a0e-e83b-48b2-afda-d5cafa512609,,,,,,,
c77b150d-a422-488d-9e5b-0ef4793ed68b,CQ009,training,1,PASS,PASS,PASS,PASS,PASS,PASS,PASS,PASS,2760.211,2647.633299,-112.577701,0.0333,Complete,PASS,c77b150d-a422-488d-9e5b-0ef4793ed68b,,,,,,,good
08b0959d-d4a1-4ac3-8234-77e5160172d5,CQ009,training,1,PASS,PASS,PASS,PASS,PASS,PASS,PASS,PASS,2851.559,2703.687293,-147.8717071,0.0101,Complete,PASS,08b0959d-d4a1-4ac3-8234-77e5160172d5,,,,,,,
0ee06ee6-14bb-493e-a00f-3bb53f878693,CQ009,training,1,PASS,PASS,PASS,PASS,PASS,PASS,PASS,PASS,3045.287,2906.134679,-139.1523212,0.0101,Complete,PASS,0ee06ee6-14bb-493e-a00f-3bb53f878693,,,,,,,
49320c4f-6fa3-4924-a7b3-6e7f0842298a,CQ009,training,1,PASS,PASS,PASS,PASS,PASS,PASS,PASS,PASS,2877.636,2778.321795,-99.31420504,0.0101,Complete,PASS,49320c4f-6fa3-4924-a7b3-6e7f0842298a,,,,,,,
5c72a3b0-a76b-460a-aa0b-066e7e8520c8,CQ009,training,1,PASS,PASS,PASS,PASS,PASS,PASS,PASS,PASS,3211.187,3125.366166,-85.82083433,0.0333,Complete,CRITICAL,5c72a3b0-a76b-460a-aa0b-066e7e8520c8,,timestamps,,,,,
db72069e-a2db-4e1e-a35b-e4f69d70251e,CQ009,training,1,PASS,PASS,PASS,PASS,PASS,PASS,PASS,PASS,3053.986,2951.591566,-102.3944343,0.0333,Complete,PASS,db72069e-a2db-4e1e-a35b-e4f69d70251e,,,,,,,lick raster sparse but good
13e31949-9299-448e-b91a-5988d26df646,CQ009,training,1,PASS,PASS,PASS,PASS,PASS,PASS,PASS,PASS,2972.864,2841.990433,-130.8735667,0.0333,Complete,PASS,13e31949-9299-448e-b91a-5988d26df646,,,,,,,
59d51a76-d91b-4ce8-98bf-64e06a1bf20f,CQ009,training,1,PASS,PASS,PASS,PASS,PASS,PASS,PASS,PASS,2884.141,2709.478083,-174.6629172,0.0101,Complete,PASS,59d51a76-d91b-4ce8-98bf-64e06a1bf20f,,,,,,,
a33a7322-97be-49b9-a5fa-60d8cd55d0b8,CQ009,training,1,PASS,PASS,PASS,PASS,PASS,PASS,PASS,PASS,2992.302,2848.311482,-143.9905182,0.0101,Complete,PASS,a33a7322-97be-49b9-a5fa-60d8cd55d0b8,,,,,,,
bb79d7bd-5733-4481-bc07-7869cfe4d6c5,CQ009,training,1,PASS,PASS,PASS,PASS,PASS,PASS,PASS,PASS,2837.445,2767.725766,-69.71923433,0.0333,Complete,PASS,bb79d7bd-5733-4481-bc07-7869cfe4d6c5,,,,,,,
4ccc5088-c0ed-446b-a73f-531035e5fbb5,CQ011,training,1,PASS,PASS,PASS,PASS,PASS,PASS,PASS,PASS,2738.378,2623.0277,-115.3503,0.0333,Complete,PASS,4ccc5088-c0ed-446b-a73f-531035e5fbb5,,,,,,,ok? check
33a8764d-cb81-44da-bb0d-ff2062ae2177,CQ011,training,1,PASS,PASS,PASS,PASS,PASS,PASS,PASS,PASS,2877.749,2618.890229,-258.8587707,0.0101,Complete,PASS,33a8764d-cb81-44da-bb0d-ff2062ae2177,,,,,,,
8631d97c-ecd1-4720-829b-697bcd17af1a,CQ011,training,1,PASS,PASS,PASS,PASS,PASS,PASS,PASS,PASS,3028.825,2917.669122,-111.1558778,0.0101,Complete,WARNING,8631d97c-ecd1-4720-829b-697bcd17af1a,motion energy,probably timestamps,,,,,odd motion energy
9aa4c7a3-814a-4455-83c9-6b3acd977ae9,CQ011,training,1,PASS,PASS,PASS,PASS,PASS,PASS,PASS,PASS,2800.485,2647.05357,-153.4314303,0.0101,Complete,PASS,9aa4c7a3-814a-4455-83c9-6b3acd977ae9,,,,,,,
f3bb3262-3bf5-4617-8d07-29cb23438c77,CQ013,training,1,PASS,PASS,PASS,PASS,PASS,PASS,PASS,PASS,2781.014,2664.5183,-116.4957,0.0333,Complete,PASS,f3bb3262-3bf5-4617-8d07-29cb23438c77,,,,,,,
8656db14-e23c-41a6-af0e-1d5918ac3727,ZFM-03447,training,1,PASS,PASS,PASS,PASS,PASS,PASS,PASS,PASS,3007.604101,3013.354166,5.750064667,0.0333,Complete,PASS,8656db14-e23c-41a6-af0e-1d5918ac3727,,,,,,,"not great, but maybe bad session"
974f1e96-29f8-44cb-abc5-2a76e9e4ef99,ZFM-03447,training,1,PASS,PASS,PASS,PASS,PASS,PASS,PASS,PASS,2716.995802,2726.275233,9.279431333,0.0333,Complete,PASS,974f1e96-29f8-44cb-abc5-2a76e9e4ef99,,,,,,,[KB]
d4a1fa36-00e8-4309-b070-d96fee4da6d8,ZFM-03447,training,1,PASS,PASS,PASS,PASS,PASS,PASS,PASS,PASS,4198.374204,4199.930799,1.556595,0.0333,Complete,FAIL,d4a1fa36-00e8-4309-b070-d96fee4da6d8,motion_speed_pupil,,,,,,
2c67c0b2-881d-4fa0-8a6e-ba91b3f65bd1,ZFM-03447,training,1,PASS,PASS,PASS,PASS,PASS,PASS,PASS,PASS,3547.794101,3575.556199,27.762098,0.0333,Complete,CRITICAL,2c67c0b2-881d-4fa0-8a6e-ba91b3f65bd1,,timestamps,,,,,
900dcd06-32ef-4946-8e0e-887e665a1d46,ZFM-03447,training,1,PASS,PASS,PASS,PASS,PASS,PASS,PASS,PASS,3559.145001,3561.645166,2.500164667,0.0333,Complete,PASS,900dcd06-32ef-4946-8e0e-887e665a1d46,,,,,,,good
6353fc85-434d-4fa6-8154-7d376106e455,ZFM-03448,training,1,PASS,PASS,PASS,PASS,PASS,PASS,PASS,PASS,2732.354401,2732.792132,0.4377313333,0.0333,Complete,PASS,6353fc85-434d-4fa6-8154-7d376106e455,,,,,,,
1fea5830-c4a1-4920-b4de-f2a06f86bbeb,ZFM-03448,training,1,PASS,PASS,PASS,PASS,PASS,PASS,PASS,PASS,3285.553401,3306.351832,20.79843133,0.0333,Complete,PASS,1fea5830-c4a1-4920-b4de-f2a06f86bbeb,,,,,,,
a8739586-0ab9-4985-a5fe-2109a8993a33,ZFM-03448,training,1,PASS,PASS,PASS,PASS,PASS,PASS,PASS,PASS,3241.971801,3213.265931,-28.70586967,0.0333,Complete,PASS,a8739586-0ab9-4985-a5fe-2109a8993a33,,,,,,,
ef348c98-ff68-4b73-ae00-1931abe26272,ZFM-03448,training,1,PASS,PASS,PASS,PASS,PASS,PASS,PASS,PASS,5659.358401,5660.856366,1.497964667,0.0333,Complete,FAIL,ef348c98-ff68-4b73-ae00-1931abe26272,motion_speed_pupil,timestamps,,,,,
a20839e3-1756-4d16-9a7f-a2871651be4d,ZFM-03448,training,1,PASS,PASS,PASS,PASS,PASS,PASS,PASS,PASS,4980.814501,4999.341999,18.527498,0.0333,Complete,PASS,a20839e3-1756-4d16-9a7f-a2871651be4d,,,,,,,
2c12c53e-c176-4428-ab4a-4600b105bfea,ZFM-03448,training,1,PASS,PASS,PASS,PASS,PASS,PASS,PASS,PASS,4290.192501,4296.243532,6.051031333,0.0333,Complete,WARNING,2c12c53e-c176-4428-ab4a-4600b105bfea,,probably timestamps,,,,,bad lick raster
7501cfc9-17f1-4940-a932-70ae2ed2c463,ZFM-03448,training,1,PASS,PASS,PASS,PASS,PASS,PASS,PASS,PASS,5221.3938,5222.856198,1.462398,0.0333,Complete,PASS,7501cfc9-17f1-4940-a932-70ae2ed2c463,,,,,,,"GOOD, but holder was moved"
2c687f92-d996-4fd0-a029-b5688a442e7b,ZFM-03448,training,1,PASS,PASS,PASS,PASS,PASS,PASS,PASS,PASS,4390.708701,4413.950866,23.24216467,0.0333,Complete,PASS,2c687f92-d996-4fd0-a029-b5688a442e7b,,,,,,,
213654d5-3de9-4f8b-b751-cea42a038966,ZFM-03448,training,1,PASS,PASS,PASS,PASS,PASS,PASS,PASS,PASS,4442.456901,4452.639399,10.182498,0.0333,Complete,PASS,213654d5-3de9-4f8b-b751-cea42a038966,,,,,,,
ac7f2db2-8864-4cb8-b1bd-4ff6a6a6b6fb,ZFM-03448,training,1,PASS,PASS,PASS,PASS,PASS,PASS,PASS,PASS,5093.949901,5096.914132,2.964231333,0.0333,Complete,PASS,ac7f2db2-8864-4cb8-b1bd-4ff6a6a6b6fb,,,,,,,
fc9d1f13-6138-4ffa-97cf-5dcddc4274f7,ZFM-03448,training,1,PASS,PASS,PASS,PASS,PASS,PASS,PASS,PASS,5525.0323,5527.679331,2.647031333,0.0333,Complete,PASS,fc9d1f13-6138-4ffa-97cf-5dcddc4274f7,,,,,,,good
1a17fceb-4852-41e9-9c84-9c0531dc6fb4,ZFM-03448,training,1,PASS,PASS,PASS,PASS,PASS,PASS,PASS,PASS,6104.2889,6105.087931,0.7990313333,0.0333,Complete,FAIL,1a17fceb-4852-41e9-9c84-9c0531dc6fb4,pupil,timestamps,,,,,sparse lick raster
fc6d3c69-d34c-4a67-a411-9a7cea755d13,ZFM-03448,training,1,PASS,PASS,PASS,PASS,PASS,PASS,PASS,PASS,2692.296701,2698.204766,5.908064667,0.0333,Complete,CRITICAL,fc6d3c69-d34c-4a67-a411-9a7cea755d13,,timestamps,,,,,
ac67f0cb-ac9e-4945-86b9-f63a67362284,ZFM-03448,training,1,PASS,PASS,PASS,PASS,PASS,PASS,PASS,PASS,4234.325401,4215.784999,-18.540402,0.0333,Complete,FAIL,ac67f0cb-ac9e-4945-86b9-f63a67362284,motion_speed_pupil,,,,,,
60df886d-703b-4413-b4c7-dbfa3fa69561,ZFM-03450,training,1,PASS,PASS,PASS,PASS,PASS,PASS,PASS,PASS,,2744.437566,,0.0333,,,,,,,,,,
5824caa6-73db-41fe-94b6-0cb211d5fda8,ZFM-03450,training,1,PASS,PASS,PASS,PASS,PASS,PASS,PASS,PASS,,3306.873766,,0.0333,Complete,PASS,5824caa6-73db-41fe-94b6-0cb211d5fda8,,,,,,,
eeee636c-bccf-4569-bbbc-ec10a2ba3b3b,ZFM-04019,training,1,PASS,PASS,PASS,PASS,PASS,PASS,PASS,PASS,3055.216302,3116.838532,61.62223033,0.0333,Complete,WARNING,eeee636c-bccf-4569-bbbc-ec10a2ba3b3b,,,,,,,10 trials?
83874b42-22d1-4057-bf2f-de21ef431a1c,ZFM-04019,training,1,PASS,PASS,PASS,PASS,PASS,PASS,PASS,PASS,4136.418501,4170.032166,33.61366467,0.0333,Complete,PASS,83874b42-22d1-4057-bf2f-de21ef431a1c,,probably timestamps,,,,,timestamps?
c778c20a-a18e-452c-93de-ecadce6dd2a4,ZFM-04019,training,1,PASS,PASS,PASS,PASS,PASS,PASS,PASS,PASS,3028.709002,3065.915599,37.206597,0.0333,Complete,PASS,c778c20a-a18e-452c-93de-ecadce6dd2a4,,,,,,,"good, dense lick raster"
4fce131e-7d95-4efa-a21b-6f9624d58f6d,ZFM-04022,training,1,PASS,PASS,PASS,PASS,PASS,PASS,PASS,PASS,3534.629602,3509.697467,-24.93213533,0.0333,Complete,CRITICAL,4fce131e-7d95-4efa-a21b-6f9624d58f6d,motion_speed_pupil,,,,,,"ValueError: setting an array element with a sequence. The requested array has an inhomogeneous shape after 1 dimensions. The detected shape was (69,) + inhomogeneous part.; 4 plots missing; bad licking plot; pupil â unsure"
8e2d03cf-8fea-47a9-afb8-f93301249c17,ZFM-04022,training,1,PASS,PASS,PASS,PASS,PASS,PASS,PASS,PASS,4011.419601,4029.797866,18.37826467,0.0333,Complete,PASS,8e2d03cf-8fea-47a9-afb8-f93301249c17,,,,,,,good
55b5fa78-5462-4815-b45e-514a6ef5b2c4,ZFM-04022,training,1,PASS,PASS,PASS,PASS,PASS,PASS,PASS,PASS,3670.186901,3671.043666,0.8567646667,0.0333,Complete,WARNING,55b5fa78-5462-4815-b45e-514a6ef5b2c4,,probably timestamps,,,,,"good, delay - timestamps?"
324879a7-f689-40a9-9af9-fe9bf1b0243e,ZFM-04022,training,1,PASS,PASS,PASS,PASS,PASS,PASS,PASS,PASS,5173.3225,5177.799898,4.477398,0.0333,Complete,PASS,324879a7-f689-40a9-9af9-fe9bf1b0243e,,,,,,,good
486af030-47d0-4d14-961c-6d213dd75e63,ZFM-04022,training,1,PASS,PASS,PASS,PASS,PASS,PASS,PASS,PASS,5933.9615,5977.036999,43.075499,0.0333,Complete,PASS,486af030-47d0-4d14-961c-6d213dd75e63,,,,,,,"good, some lick delay"
384bf21a-eba2-43ff-b177-b6455e65882a,ZFM-04022,training,1,PASS,PASS,PASS,PASS,PASS,PASS,PASS,PASS,3836.160602,3856.290865,20.13026267,0.0333,Complete,WARNING,384bf21a-eba2-43ff-b177-b6455e65882a,,,,,,,few trials
dc6bbad4-418a-42b9-b61d-d0390765fb81,ZFM-04022,training,1,PASS,PASS,PASS,PASS,PASS,PASS,PASS,PASS,4880.658202,4889.270033,8.611831333,0.0333,Complete,PASS,dc6bbad4-418a-42b9-b61d-d0390765fb81,,probably timestamps,,,,,
5d93d92e-ea91-44ff-b807-88b8e5338ded,ZFM-04022,training,1,PASS,PASS,PASS,PASS,PASS,PASS,PASS,PASS,4602.603701,4660.689999,58.086298,0.0333,Complete,PASS,5d93d92e-ea91-44ff-b807-88b8e5338ded,,,,,,,
5f9d77f5-3291-45ca-81b4-9ce279651ae1,ZFM-04026,training,1,PASS,PASS,PASS,PASS,PASS,PASS,PASS,PASS,3252.474001,3258.292266,5.818264667,0.0333,Complete,PASS,5f9d77f5-3291-45ca-81b4-9ce279651ae1,,,,,,,ok
6c0b2f0e-5a87-4b8d-94d3-f2268edfc9b2,ZFM-04026,training,1,PASS,PASS,PASS,PASS,PASS,PASS,PASS,PASS,3507.162301,3512.658799,5.496498,0.0333,Complete,PASS,6c0b2f0e-5a87-4b8d-94d3-f2268edfc9b2,,,,,,,
28291060-39e1-4842-b794-bdb3dc40b851,ZFM-04026,training,1,PASS,PASS,PASS,PASS,PASS,PASS,PASS,PASS,5066.1048,5083.864232,17.75943233,0.0333,Complete,PASS,28291060-39e1-4842-b794-bdb3dc40b851,,,,,,,good
2e11fd99-c739-47e0-b9d4-eb70d92aaf49,ZFM-04026,training,1,PASS,PASS,PASS,PASS,PASS,PASS,PASS,PASS,3262.136802,3316.726266,54.58946367,0.0333,Complete,PASS,2e11fd99-c739-47e0-b9d4-eb70d92aaf49,,,,,,,
babd87e3-401c-44a9-ad08-e346679cdd6c,ZFM-04026,training,1,PASS,PASS,PASS,PASS,PASS,PASS,PASS,PASS,4107.267802,4136.016132,28.74833033,0.0333,Complete,PASS,babd87e3-401c-44a9-ad08-e346679cdd6c,,,,,,,"good, dense"
c17222b4-e336-4145-b81d-b0bdc4f27392,ZFM-04026,training,1,PASS,PASS,PASS,PASS,PASS,PASS,PASS,PASS,3391.843802,3413.9409,22.097098,0.0333,Complete,PASS,c17222b4-e336-4145-b81d-b0bdc4f27392,,,,,,,good
230a9de6-54dd-46b3-a5c6-0b4cb1e4e841,ZFM-04026,training,1,PASS,PASS,PASS,PASS,PASS,PASS,PASS,PASS,3768.496101,3776.412299,7.916198,0.0333,Complete,PASS,230a9de6-54dd-46b3-a5c6-0b4cb1e4e841,,,,,,,good
99a68192-3997-4291-92ae-f2353ccac951,ZFM-04026,training,1,PASS,PASS,PASS,PASS,PASS,PASS,PASS,PASS,3699.045401,3699.615231,0.5698303333,0.0333,Complete,FAIL,99a68192-3997-4291-92ae-f2353ccac951,motion_speed_pupil,,,,,,"no motion, speed, pupil plots; timestamps"
0deade5f-dad7-4137-8934-ca266cf61da4,ZFM-04026,training,1,PASS,PASS,PASS,PASS,PASS,PASS,PASS,PASS,2744.107901,2797.122432,53.01453133,0.0333,Complete,PASS,0deade5f-dad7-4137-8934-ca266cf61da4,,,,,,,
de9c676c-04b2-40ba-8bf8-75946f45d165,ZFM-04026,training,1,PASS,PASS,PASS,PASS,PASS,PASS,PASS,PASS,3623.421801,3657.754598,34.332797,0.0333,Complete,PASS,de9c676c-04b2-40ba-8bf8-75946f45d165,,,,,,,good
84e93650-3efb-43cf-bf48-25d5009a21c4,ZFM-04026,training,1,PASS,PASS,PASS,PASS,PASS,PASS,PASS,PASS,3537.195002,3543.470699,6.275697,0.0333,Complete,PASS,84e93650-3efb-43cf-bf48-25d5009a21c4,,,,,,,
5d4e5359-bb38-45ce-90d7-629141255e4f,ZFM-04026,training,1,PASS,PASS,PASS,PASS,PASS,PASS,PASS,PASS,3827.203702,3834.281367,7.077664667,0.0333,Complete,PASS,5d4e5359-bb38-45ce-90d7-629141255e4f,,,,,,,
cbe64a6f-c7d7-486f-940f-7d7494a09621,ZFM-04026,training,1,PASS,PASS,PASS,PASS,PASS,PASS,PASS,PASS,3580.962201,3598.993632,18.03143133,0.0333,Complete,PASS,cbe64a6f-c7d7-486f-940f-7d7494a09621,,,,,,,
327493d6-fbe0-443e-97e9-ad525b924cab,ZFM-04392,training,1,PASS,PASS,PASS,PASS,PASS,PASS,PASS,PASS,,4230.037999,,0.0333,,,,,,,,,,
3957a214-c434-471d-a5f7-3702ebffa584,ZFM-04392,training,1,PASS,PASS,PASS,PASS,PASS,PASS,PASS,PASS,,4359.918432,,0.0333,,,,,,,,,,
075ebed2-3e1b-471e-bc78-97f979dd765e,ZFM-04392,training,1,PASS,PASS,PASS,PASS,PASS,PASS,PASS,PASS,,4670.307766,,0.0333,Complete,FAIL,075ebed2-3e1b-471e-bc78-97f979dd765e,,,,,,,leftCamera camera.times are outside of the trial windows
0d47bd57-d11a-4471-bb89-b5eb3a2e2bec,ZFM-04392,training,1,PASS,PASS,PASS,PASS,PASS,PASS,PASS,PASS,,4219.012132,,0.0333,,,,,,,,,,
29ba7a76-41e6-44d8-ba92-479bbbdcd8a3,ZFM-04392,training,1,PASS,PASS,PASS,PASS,PASS,PASS,PASS,PASS,,3898.439065,,0.0333,Complete,PASS,29ba7a76-41e6-44d8-ba92-479bbbdcd8a3,,,,,,,
2f077b13-0f3a-411c-abdf-d29d6e985699,ZFM-04392,training,1,PASS,PASS,PASS,PASS,PASS,PASS,PASS,PASS,,2962.162466,,0.0333,Complete,PASS,2f077b13-0f3a-411c-abdf-d29d6e985699,,,,,,,
69ac6890-de0c-4036-b017-fa747e4fdcc8,ZFM-04392,training,1,PASS,PASS,PASS,PASS,PASS,PASS,PASS,PASS,,3471.060199,,0.0333,,,,,,,,,,
aded7c18-0b2c-4ae7-8a42-c531f8392a78,ZFM-04392,training,1,PASS,PASS,PASS,PASS,PASS,PASS,PASS,PASS,,3244.307833,,0.0333,,,,,,,,,,
f8b7c1d7-afbb-41a7-a62a-1eb27d40838f,ZFM-04392,training,1,PASS,PASS,PASS,PASS,PASS,PASS,PASS,PASS,,6736.908566,,0.0333,,,,,,,,,,
b46fed22-974a-448b-854f-9ca7731a10c2,ZFM-04392,training,1,PASS,PASS,PASS,PASS,PASS,PASS,PASS,PASS,,5077.936366,,0.0333,,,,,,,,,,
927a971d-f814-4818-b68e-6934077f1ab6,ZFM-04392,training,1,PASS,PASS,PASS,PASS,PASS,PASS,PASS,PASS,,3133.591666,,0.0333,,,,,,,,,,
2048d4be-7510-428a-93eb-c581306cfa6c,ZFM-04392,training,1,PASS,PASS,PASS,PASS,PASS,PASS,PASS,PASS,,2816.532699,,0.0333,,,,,,,,,,
5b32bfcb-5736-4b14-911b-fb68809e8dd5,ZFM-04392,training,1,PASS,PASS,PASS,PASS,PASS,PASS,PASS,PASS,,3335.071767,,0.0333,,,,,,,,,,
a1b3d18a-41f3-4b57-9c2f-f9e205841764,ZFM-04392,training,1,PASS,PASS,PASS,PASS,PASS,PASS,PASS,PASS,,4664.875032,,0.0333,,,,,,,,,,
c8406da0-92d7-453d-b137-cd114f52fb16,ZFM-04392,training,1,PASS,PASS,PASS,PASS,PASS,PASS,PASS,PASS,,6261.446165,,0.0333,,,,,,,,,,
7daf84bd-3ad7-47bd-b877-2843313713e5,ZFM-04392,training,1,PASS,PASS,PASS,PASS,PASS,PASS,PASS,PASS,,5477.745965,,0.0333,,,,,,,,,,
32358ab3-eed4-46f7-9f3c-fab5f3aa6029,ZFM-04392,training,1,PASS,PASS,PASS,PASS,PASS,PASS,PASS,PASS,,5902.169899,,0.0333,,,,,,,,,,
0783fa0a-baba-4058-b775-94ef65d75991,ZFM-04392,training,1,PASS,PASS,PASS,PASS,PASS,PASS,PASS,PASS,,2940.738167,,0.0334,,,,,,,,,,
959f3f96-b5ec-4c3b-bac4-5fef6868ed69,ZFM-04533,training,1,PASS,PASS,PASS,PASS,PASS,PASS,PASS,PASS,2839.7817,2839.307366,-0.4743343333,0.0333,Complete,PASS,959f3f96-b5ec-4c3b-bac4-5fef6868ed69,,,,,,,
488ebdea-b574-401c-9ac5-a575f3a7ba1e,ZFM-04533,training,1,PASS,PASS,PASS,PASS,PASS,PASS,PASS,PASS,3323.095401,3341.961332,18.86593133,0.0333,Complete,CRITICAL,488ebdea-b574-401c-9ac5-a575f3a7ba1e,,timestamps,,,,,TIMESTAMPS
ae863de5-ad09-406a-99c9-c3264e4568b9,ZFM-04533,training,1,PASS,PASS,PASS,PASS,PASS,PASS,PASS,PASS,4392.954501,4396.054066,3.099564667,0.0333,Complete,FAIL,ae863de5-ad09-406a-99c9-c3264e4568b9,motion_speed_pupil,,,,,,
00359579-9b3b-45e5-a642-f6d0d7eb4805,ZFM-04533,training,1,PASS,PASS,PASS,PASS,PASS,PASS,PASS,PASS,5523.8188,5571.347631,47.52883133,0.0333,Complete,CRITICAL,00359579-9b3b-45e5-a642-f6d0d7eb4805,,timestamps,,,,,almost empty lick raster
3b071f26-a052-4879-8f9d-05af95c384e3,ZFM-04533,training,1,PASS,PASS,PASS,PASS,PASS,PASS,PASS,PASS,4421.611901,4421.288531,-0.3233696667,0.0333,Complete,PASS,3b071f26-a052-4879-8f9d-05af95c384e3,,,,,,,
f6aa4217-3e2d-4e90-97ca-dcdb00640bcf,ZFM-04533,training,1,PASS,PASS,PASS,PASS,PASS,PASS,PASS,PASS,5865.215502,5869.799732,4.584230333,0.0333,Complete,WARNING,f6aa4217-3e2d-4e90-97ca-dcdb00640bcf,,,,,,,"50 trials, almost no licks"
13959173-e911-40d7-a518-1b3031d66a74,ZFM-04533,training,1,PASS,PASS,PASS,PASS,PASS,PASS,PASS,PASS,3478.995802,3477.884567,-1.111235333,0.0333,Complete,PASS,13959173-e911-40d7-a518-1b3031d66a74,,,,,,,
9e1ef756-123c-40a8-9fb1-32b1558cd98b,ZFM-04533,training,1,PASS,PASS,PASS,PASS,PASS,PASS,PASS,PASS,3937.572201,3938.167832,0.5956313333,0.0333,Complete,FAIL,9e1ef756-123c-40a8-9fb1-32b1558cd98b,pupil,timestamps,,,,,sparse lick raster
ec3dff4e-7d64-48c1-90a7-a35aeeb33f88,ZFM-04533,training,1,PASS,PASS,PASS,PASS,PASS,PASS,PASS,PASS,5526.098001,5534.343166,8.245164667,0.0333,Complete,CRITICAL,ec3dff4e-7d64-48c1-90a7-a35aeeb33f88,,probably timestamps,,,,,timestamps?
5791db3b-4911-4c8f-ae5e-1d6cc2ff586e,ZFM-04533,training,1,PASS,PASS,PASS,PASS,PASS,PASS,PASS,PASS,3930.076,3935.304765,5.228764667,0.0333,Complete,CRITICAL,5791db3b-4911-4c8f-ae5e-1d6cc2ff586e,,timestamps,,,,,
f9743f82-6829-49cf-827d-76433a09d67e,ZFM-04533,training,1,PASS,PASS,PASS,PASS,PASS,PASS,PASS,PASS,5210.9168,5212.733465,1.816664667,0.0333,Complete,CRITICAL,f9743f82-6829-49cf-827d-76433a09d67e,,timestamps,,,,,
e54ef0c7-fba1-4d8e-b749-e4c0b6136d68,ZFM-04533,training,1,PASS,PASS,PASS,PASS,PASS,PASS,PASS,PASS,3596.493301,3598.844799,2.351498,0.0333,Complete,PASS,e54ef0c7-fba1-4d8e-b749-e4c0b6136d68,,,,,,,
2fe3147b-1532-4232-80ba-4015b692c588,ZFM-04533,training,1,PASS,PASS,PASS,PASS,PASS,PASS,PASS,PASS,4088.772201,4091.796566,3.024364667,0.0333,Complete,PASS,2fe3147b-1532-4232-80ba-4015b692c588,,,,,,,"good, delay to start lick"
e414d161-d742-4752-968b-983e240ac1c9,ZFM-04534,training,1,PASS,PASS,PASS,PASS,PASS,PASS,PASS,PASS,2477.862201,2485.581698,7.719497,0.03344205263,Complete,PASS,e414d161-d742-4752-968b-983e240ac1c9,,,,,,,
5ab4b741-6083-41b9-8ad3-5d052fc723d2,ZFM-04534,training,1,PASS,PASS,PASS,PASS,PASS,PASS,PASS,PASS,3432.583801,3445.917432,13.33363133,0.0334,Complete,PASS,5ab4b741-6083-41b9-8ad3-5d052fc723d2,,,,,,,"good, a bit dense lick raster"
5c686b73-a7b6-42bd-9e0b-03233e74375a,ZFM-05235,training,1,PASS,PASS,PASS,PASS,PASS,PASS,PASS,PASS,2975.2102,2949.225699,-25.984501,0.0334,Complete,WARNING,5c686b73-a7b6-42bd-9e0b-03233e74375a,,,,,,,1 lick
d8bdd219-f470-44a7-a7d4-e89ddf904fe2,ZFM-05235,training,1,PASS,PASS,PASS,PASS,PASS,PASS,PASS,PASS,2755.536601,2808.336531,52.79993033,0.0334,Complete,PASS,d8bdd219-f470-44a7-a7d4-e89ddf904fe2,,,,,,,ok
c779d086-cf45-4bfe-b1b7-04491ac9c3ef,ZFM-05235,training,1,PASS,PASS,PASS,PASS,PASS,PASS,PASS,PASS,2598.417301,2602.281899,3.864598,0.0334,Complete,PASS,c779d086-cf45-4bfe-b1b7-04491ac9c3ef,,probably timestamps,,,,,prob just a bad session
0a8ad5c0-7490-4c99-b693-19110a65e18d,ZFM-05235,training,1,PASS,PASS,PASS,PASS,PASS,PASS,PASS,PASS,2882.193201,2895.887899,13.694698,0.0334,Complete,PASS,0a8ad5c0-7490-4c99-b693-19110a65e18d,,timestamps,,,,,holder moved
30d7c4d9-444b-4206-929d-831513921ffc,ZFM-05235,training,1,PASS,PASS,PASS,PASS,PASS,PASS,PASS,PASS,2985.299401,3003.566332,18.26693133,0.0334,Complete,PASS,30d7c4d9-444b-4206-929d-831513921ffc,,,,,,,ok
a6f5bdab-9cdb-439f-9d94-7e0f83439b33,ZFM-05235,training,1,PASS,PASS,PASS,PASS,PASS,PASS,PASS,PASS,3321.754301,3327.016266,5.261964667,0.0334,Complete,CRITICAL,a6f5bdab-9cdb-439f-9d94-7e0f83439b33,,timestamps,,,,,
ab725a59-2e6a-4fb3-b5ca-d13272a61143,ZFM-05235,training,1,PASS,PASS,PASS,PASS,PASS,PASS,PASS,PASS,4120.004701,4123.199066,3.194364667,0.03343995,Complete,PASS,ab725a59-2e6a-4fb3-b5ca-d13272a61143,,,,,,,some lick delay
dd7055c8-ed7f-4883-91d2-31d48653da06,ZFM-05236,training,1,PASS,PASS,PASS,PASS,PASS,PASS,PASS,PASS,3086.384502,3093.186167,6.801664667,0.0333,Complete,WARNING,dd7055c8-ed7f-4883-91d2-31d48653da06,,probably timestamps,,,,,bad
f27e4ce3-dafd-41af-a7b7-7add3c333953,ZFM-05236,training,1,PASS,PASS,PASS,PASS,PASS,PASS,PASS,PASS,3153.005002,3157.446632,4.441630333,0.0334,Complete,FAIL,f27e4ce3-dafd-41af-a7b7-7add3c333953,motion_speed_pupil,,,,,,"few licks as well, short session"
d6c0a1b8-2c34-4cd4-976c-ab384254ec66,ZFM-05236,training,1,PASS,PASS,PASS,PASS,PASS,PASS,PASS,PASS,2870.421002,2894.085033,23.66403133,0.0334,Complete,PASS,d6c0a1b8-2c34-4cd4-976c-ab384254ec66,,probably timestamps,,,,,
1590fbc8-8f3a-4cfe-b129-f70300941eaa,ZFM-05236,training,1,PASS,PASS,PASS,PASS,PASS,PASS,PASS,PASS,2614.924401,2620.770032,5.845631333,0.0334,Complete,PASS,1590fbc8-8f3a-4cfe-b129-f70300941eaa,,,,,,,good
8b964e4c-2105-4601-81d2-00c3262945fa,ZFM-05245,training,1,PASS,PASS,PASS,PASS,PASS,PASS,PASS,PASS,3890.136201,3895.837699,5.701498,0.0333,Complete,PASS,8b964e4c-2105-4601-81d2-00c3262945fa,,,,,,,
fa6c16e8-9340-4e43-a6e2-4188669975f1,ZFM-05245,training,1,PASS,PASS,PASS,PASS,PASS,PASS,PASS,PASS,4766.938202,4770.406932,3.468730333,0.0333,Complete,PASS,fa6c16e8-9340-4e43-a6e2-4188669975f1,,,,,,,
c50eb87e-93e6-4467-bba2-3b6dd9d7ff66,ZFM-05245,training,1,PASS,PASS,PASS,PASS,PASS,PASS,PASS,PASS,3928.433601,3936.706332,8.272731333,0.0333,Complete,PASS,c50eb87e-93e6-4467-bba2-3b6dd9d7ff66,,,,,,,good; some lick delay
6c6020e4-84d4-468c-823b-02a23a342da2,ZFM-05248,training,1,PASS,PASS,PASS,PASS,PASS,PASS,PASS,PASS,2660.762701,2719.835266,59.07256467,0.0333,Complete,WARNING,6c6020e4-84d4-468c-823b-02a23a342da2,,,,,,,1 lick!
aa0abb58-dcef-45a9-8cd9-fbcb964c327e,ZFM-05248,training,1,PASS,PASS,PASS,PASS,PASS,PASS,PASS,PASS,2969.676301,2977.984332,8.308031333,0.0333,Complete,PASS,aa0abb58-dcef-45a9-8cd9-fbcb964c327e,,,,,,,
58bd5333-bc6d-47e5-91fc-0b0d7854b91c,ZFM-08818,training,1,PASS,PASS,PASS,PASS,PASS,PASS,PASS,PASS,5503.002551,5463.503799,-39.498752,0.0333,Complete,PASS,58bd5333-bc6d-47e5-91fc-0b0d7854b91c,,,,,,,good
88ed4489-9031-4837-9581-63ac9c277ef5,ZFM-08813,ephys,0.932,PASS,PASS,WARNING,PASS,PASS,PASS,PASS,PASS,3200.375009,3151.836132,-48.53887667,0.0333,Complete,PASS,88ed4489-9031-4837-9581-63ac9c277ef5,,,,,,,pretty
fdb324db-ec9c-45cc-b968-bbd416c11b4b,ZFM-08813,ephys,0.932,PASS,PASS,WARNING,PASS,PASS,PASS,PASS,PASS,2812.869008,2782.770533,-30.09847467,0.0333,Complete,PASS,fdb324db-ec9c-45cc-b968-bbd416c11b4b,,,,,,,good (anticipatory licks)
52227728-b958-4136-9c36-3865a855c1b4,ZFM-08813,ephys,0.932,PASS,PASS,WARNING,PASS,PASS,PASS,PASS,PASS,2884.73401,2832.757532,-51.97647767,0.0333,Complete,PASS,52227728-b958-4136-9c36-3865a855c1b4,,,,,,,"good, dense then like disengaged"
53ea983b-cdc0-4ce5-af49-70a70cab69db,ZFM-08813,ephys,0.932,PASS,PASS,WARNING,PASS,PASS,PASS,PASS,PASS,2819.29178,2782.170166,-37.12161433,0.0333,Complete,PASS,53ea983b-cdc0-4ce5-af49-70a70cab69db,,,,,,,good
62a85c79-9c19-488b-9c75-a95728dad6ba,ZFM-08871,ephys,0.932,PASS,PASS,WARNING,PASS,PASS,PASS,PASS,PASS,3272.144049,3165.476167,-106.6678823,0.0333,Complete,PASS,62a85c79-9c19-488b-9c75-a95728dad6ba,,,,,,,good
9cf5e2d0-4f64-4c1d-bb40-d79c04803b05,ZFM-08871,ephys,0.932,PASS,PASS,WARNING,PASS,PASS,PASS,PASS,PASS,3029.717828,2973.964966,-55.75286233,0.0333,Complete,PASS,9cf5e2d0-4f64-4c1d-bb40-d79c04803b05,,,,,,,"good (a little ""delay"" raster)"
4ea8ba95-da8a-411c-a1d0-e9e094d13847,ZFM-08871,ephys,0.932,PASS,PASS,WARNING,PASS,PASS,PASS,PASS,PASS,3198.344377,3158.021832,-40.32254467,0.0333,Complete,WARNING,4ea8ba95-da8a-411c-a1d0-e9e094d13847,wheel,,,,,,error while plotting plot wheel position; eye - darkish?
b0299fa3-648c-4d6c-9865-f39dd38f6239,ZFM-08871,ephys,0.932,PASS,PASS,WARNING,PASS,PASS,PASS,PASS,PASS,3170.962311,3123.812899,-47.149412,0.0333,Complete,PASS,b0299fa3-648c-4d6c-9865-f39dd38f6239,,,,,,,good
2cc16da0-6b81-46da-9ff0-93445d7539af,ZFM-08871,ephys,0.932,PASS,PASS,WARNING,PASS,PASS,PASS,PASS,PASS,3075.167743,3040.153632,-35.01411067,0.0333,Complete,PASS,2cc16da0-6b81-46da-9ff0-93445d7539af,,,,,,,good
e365465e-21d3-40aa-ad6e-531221ac701e,ZFM-08871,ephys,0.932,PASS,PASS,WARNING,PASS,PASS,PASS,PASS,PASS,2852.288899,2792.969499,-59.3194,0.0333,Complete,PASS,e365465e-21d3-40aa-ad6e-531221ac701e,,,,,,,good; some delay sometimes vs anticip?
71510f8e-5c57-4411-9051-61db44889307,ZFM-09139,ephys,0.932,PASS,PASS,WARNING,PASS,PASS,PASS,PASS,PASS,3397.635252,3357.354232,-40.28101967,0.0333,Complete,PASS,71510f8e-5c57-4411-9051-61db44889307,,,,,,,few licks but I believe is correct
26c47ad4-24fe-4b4e-b176-5c7b257bcc73,ZFM-09139,ephys,0.932,PASS,PASS,WARNING,PASS,PASS,PASS,PASS,PASS,2776.999674,2740.258166,-36.74150833,0.0333,Complete,PASS,26c47ad4-24fe-4b4e-b176-5c7b257bcc73,,,,,,,good (self note: motion energy timstamps?/predictive?)
c49a7565-f87e-4b1d-9df4-7e187e842cbe,ZFM-09139,ephys,0.932,PASS,PASS,WARNING,PASS,PASS,PASS,PASS,PASS,2901.845951,2867.177967,-34.66798433,0.0333,Complete,PASS,c49a7565-f87e-4b1d-9df4-7e187e842cbe,,,,,,,few licks but looks ok
83cb0ac0-187c-4a80-b4ec-3efd5a5b45fd,ZFM-09343,ephys,0.932,PASS,PASS,WARNING,PASS,PASS,PASS,PASS,PASS,3133.221117,3093.334466,-39.88665133,0.0333,Complete,PASS,83cb0ac0-187c-4a80-b4ec-3efd5a5b45fd,,probably timestamps,,,,,"timestamps?; lick ""delay"" to check"
3b2a0c6c-d5b3-41c7-9bad-ebbf0b80751e,ZFM-09343,ephys,0.932,PASS,PASS,WARNING,PASS,PASS,PASS,PASS,PASS,3832.249645,3787.972066,-44.27757933,0.0333,Complete,PASS,3b2a0c6c-d5b3-41c7-9bad-ebbf0b80751e,,,,,,,good; dense raster
c3a09552-9c20-429f-a010-742de618a6bc,ZFM-09343,ephys,0.932,PASS,PASS,WARNING,PASS,PASS,PASS,PASS,PASS,3579.451001,3548.559666,-30.89133533,0.0333,Complete,PASS,c3a09552-9c20-429f-a010-742de618a6bc,,,,,,,dense lick raster
93f686ea-4eac-4416-aba1-a9f71c363e33,ZFM-09343,ephys,0.932,PASS,PASS,WARNING,PASS,PASS,PASS,PASS,PASS,3073.551856,3029.294366,-44.25749033,0.0333,Complete,PASS,93f686ea-4eac-4416-aba1-a9f71c363e33,,,,,,,"good, dense lick raster"
a9456015-4533-4bfa-bf6f-451d10fbcc53,ZFM-09343,ephys,0.932,PASS,PASS,WARNING,PASS,PASS,PASS,PASS,PASS,2949.775704,2868.474467,-81.30123733,0.0333,Complete,PASS,a9456015-4533-4bfa-bf6f-451d10fbcc53,,,,,,,"good, dense lick raster"
9e4ab473-7154-4a8c-825c-31756a501097,ZFM-06268,biased,0.932,PASS,PASS,PASS,PASS,WARNING,PASS,PASS,PASS,,9739.822923,,0.01960784314,,,,,,,,,,
c0daba87-9960-4923-b4fa-792aea28f339,ZFM-08813,biased,0.932,PASS,PASS,WARNING,PASS,PASS,PASS,PASS,PASS,2946.054552,2918.214566,-27.83998633,0.0333,Complete,PASS,c0daba87-9960-4923-b4fa-792aea28f339,,,,,,,"good, lick raster a bit dense"
efcfbe24-c66b-4e94-a6b9-20f13b063236,ZFM-08828,biased,0.932,PASS,PASS,WARNING,PASS,PASS,PASS,PASS,PASS,3303.95592,3266.5791,-37.37682,0.0333,Complete,PASS,efcfbe24-c66b-4e94-a6b9-20f13b063236,,,,,,,good
fc1f73f4-8b7e-4eb0-a7a8-cdfdd5eed22c,ZFM-08828,biased,0.932,PASS,PASS,WARNING,PASS,PASS,PASS,PASS,PASS,3761.366034,3710.405499,-50.960535,0.0333,Complete,PASS,fc1f73f4-8b7e-4eb0-a7a8-cdfdd5eed22c,,,,,,,good
e3cf2e13-1748-4037-bce8-c47ce3b25f76,ZFM-08871,biased,0.932,PASS,PASS,WARNING,PASS,PASS,PASS,PASS,PASS,4013.453131,3914.716732,-98.73639867,0.0333,Complete,PASS,e3cf2e13-1748-4037-bce8-c47ce3b25f76,,,,,,,good
8911ecc7-5ba5-4432-b615-4a5721c86521,ZFM-08871,biased,0.932,PASS,PASS,WARNING,PASS,PASS,PASS,PASS,PASS,4267.87547,4203.996932,-63.87853767,0.0333,Complete,PASS,8911ecc7-5ba5-4432-b615-4a5721c86521,,,,,,,good
4278a70e-a04e-49c8-84a9-c961a163df21,ZFM-08871,biased,0.932,PASS,PASS,WARNING,PASS,PASS,PASS,PASS,PASS,4186.834839,4115.812366,-71.02247333,0.0333,Complete,PASS,4278a70e-a04e-49c8-84a9-c961a163df21,,,,,,,"good, few licks"
f2343157-4824-4fa2-84c1-a8bfebe21a8f,ZFM-08871,biased,0.932,PASS,PASS,WARNING,PASS,PASS,PASS,PASS,PASS,2857.695857,2815.898033,-41.79782367,0.0333,Complete,PASS,f2343157-4824-4fa2-84c1-a8bfebe21a8f,,,,,,,good
652dc8e5-0a09-41c0-9fdb-6ee8cca00f7c,ZFM-08871,biased,0.932,PASS,PASS,WARNING,PASS,PASS,PASS,PASS,PASS,3022.9068,2926.711033,-96.19576667,0.0333,Complete,PASS,652dc8e5-0a09-41c0-9fdb-6ee8cca00f7c,,,,,,,good
aa6fcf77-f8a0-446b-b980-ff390697a274,ZFM-09044,biased,0.932,PASS,PASS,WARNING,PASS,PASS,PASS,PASS,PASS,3307.741976,3276.057266,-31.68471033,0.0333,Complete,WARNING,aa6fcf77-f8a0-446b-b980-ff390697a274,,,,,,,good but very few licks
017ff9dd-85ae-4cfe-bb19-74277d537240,ZFM-09044,biased,0.932,PASS,PASS,WARNING,PASS,PASS,PASS,PASS,PASS,3133.661365,3096.518567,-37.14279833,0.0333,Complete,PASS,017ff9dd-85ae-4cfe-bb19-74277d537240,,,,,,,good
8582b879-2395-49be-afc1-41d7981378d4,ZFM-09044,biased,0.932,PASS,PASS,WARNING,PASS,PASS,PASS,PASS,PASS,3111.309058,3078.569632,-32.73942567,0.0333,Complete,PASS,8582b879-2395-49be-afc1-41d7981378d4,,,,,,,good
604dc7eb-533f-4d32-a1a3-064f7144656e,ZFM-09343,biased,0.932,PASS,PASS,WARNING,PASS,PASS,PASS,PASS,PASS,3910.589003,3864.169832,-46.41917067,0.0333,Complete,PASS,604dc7eb-533f-4d32-a1a3-064f7144656e,,,,,,,good
b0c3e683-0f49-4bee-bcd0-ea3b002502ed,ZFM-09365,biased,0.932,PASS,PASS,WARNING,PASS,PASS,PASS,PASS,PASS,3063.444422,3029.7492,-33.695222,0.0333,Complete,WARNING,b0c3e683-0f49-4bee-bcd0-ea3b002502ed,,probably timestamps,,,,,licks start before
11dd167c-a607-4919-bda9-73fb7b030f7a,ZFM-09365,biased,0.932,PASS,PASS,WARNING,PASS,PASS,PASS,PASS,PASS,3714.658483,3657.845566,-56.81291733,0.0333,Complete,WARNING,11dd167c-a607-4919-bda9-73fb7b030f7a,,probably timestamps,,,,,licks start before
a3a3c3f1-78c3-4dda-ad25-59184989ed1f,ZFM-09365,biased,0.932,PASS,PASS,WARNING,PASS,PASS,PASS,PASS,PASS,3340.01126,3306.265232,-33.74602767,0.0333,Complete,WARNING,a3a3c3f1-78c3-4dda-ad25-59184989ed1f,,probably timestamps,,,,,good(?); licks start before
740e8d96-07cd-452a-b0e8-9a9b86a617d7,ZFM-09394,biased,0.932,PASS,PASS,WARNING,PASS,PASS,PASS,PASS,PASS,2817.965367,2774.358699,-43.606668,0.0333,Complete,PASS,740e8d96-07cd-452a-b0e8-9a9b86a617d7,,,,,,,good
4e0dba79-b4df-4146-a4e8-634b6d7f43cd,ZFM-09394,biased,0.932,PASS,PASS,WARNING,PASS,PASS,PASS,PASS,PASS,3788.853933,3694.960133,-93.89379967,0.0333,,,4e0dba79-b4df-4146-a4e8-634b6d7f43cd,,,,,,,
467e35a9-3d4e-4046-9996-a38c2ed1dfdf,ZFM-09394,biased,0.932,PASS,PASS,WARNING,PASS,PASS,PASS,PASS,PASS,4208.030851,4173.294299,-34.736552,0.0333,,,467e35a9-3d4e-4046-9996-a38c2ed1dfdf,,,,,,,
8de43b9f-15a8-47a0-a799-1f23b8a96fc4,CQ001,training,0.932,PASS,PASS,WARNING,PASS,PASS,PASS,PASS,PASS,2890,2694.4208,-195.5792,0.0333,,,8de43b9f-15a8-47a0-a799-1f23b8a96fc4,,,,,,,
3ed3cd19-48d7-4589-856f-d2a600a8c37b,CQ001,training,0.932,PASS,PASS,WARNING,PASS,PASS,PASS,PASS,PASS,3101.353,3065.052532,-36.30046767,0.0333,,,3ed3cd19-48d7-4589-856f-d2a600a8c37b,,,,,,,
cd22b4df-9433-4604-a53b-77a5cc7840da,CQ001,training,0.932,PASS,PASS,WARNING,PASS,PASS,PASS,PASS,PASS,2738.352,2557.448366,-180.9036343,0.0333,,,cd22b4df-9433-4604-a53b-77a5cc7840da,,,,,,,
827c0ebd-a160-4f76-942d-8fbeabc06107,CQ001,training,0.932,PASS,PASS,PASS,PASS,WARNING,PASS,PASS,PASS,2759.292,2359.294267,-399.9977333,0.0333,,,827c0ebd-a160-4f76-942d-8fbeabc06107,,,,,,,
ffc27fa9-4b05-4730-a063-71ea05562bda,CQ001,training,0.932,PASS,PASS,PASS,PASS,WARNING,PASS,PASS,PASS,2932.841,2685.631967,-247.2090333,0.0333,,,ffc27fa9-4b05-4730-a063-71ea05562bda,,,,,,,
e5c99fc0-6f9c-41c2-b422-f7e81d6f9cf0,CQ002,training,0.932,PASS,PASS,WARNING,PASS,PASS,PASS,PASS,PASS,2763,2612.7611,-150.2389,0.0333,,,e5c99fc0-6f9c-41c2-b422-f7e81d6f9cf0,,,,,,,
d4401bc9-ced9-455b-9440-298a1d08b450,CQ002,training,0.932,PASS,PASS,PASS,PASS,WARNING,PASS,PASS,PASS,2275.226,1870.737067,-404.4889333,0.0333,,,d4401bc9-ced9-455b-9440-298a1d08b450,,,,,,,
f21419dd-71a7-42d5-924a-817e93a349d3,CQ002,training,0.932,PASS,PASS,WARNING,PASS,PASS,PASS,PASS,PASS,2758.329,2731.355666,-26.97333433,0.0333,,,f21419dd-71a7-42d5-924a-817e93a349d3,,,,,,,
1a5d6759-7c9e-4c57-9e68-4d35b8089b02,CQ005,training,0.932,PASS,PASS,PASS,PASS,WARNING,PASS,PASS,PASS,2725,2675.938367,-49.06163333,0.0333,,,1a5d6759-7c9e-4c57-9e68-4d35b8089b02,,,,,,,
23ff021c-8ca7-4995-ac41-4b8f1243dbd6,CQ005,training,0.932,PASS,PASS,PASS,PASS,WARNING,PASS,PASS,PASS,2796.888,2697.418833,-99.46916667,0.0333,,,23ff021c-8ca7-4995-ac41-4b8f1243dbd6,,,,,,,
fc63378a-0621-46ff-8b23-f05f8edc49dd,CQ005,training,0.932,PASS,PASS,PASS,PASS,WARNING,PASS,PASS,PASS,2804.361,2779.511367,-24.84963333,0.0333,,,fc63378a-0621-46ff-8b23-f05f8edc49dd,,,,,,,
a1847b40-8343-42ca-baaa-3ed9ed59bb11,CQ005,training,0.932,PASS,PASS,PASS,PASS,WARNING,PASS,PASS,PASS,3076.887,2871.442803,-205.444197,0.0101,,,a1847b40-8343-42ca-baaa-3ed9ed59bb11,,,,,,,
854e99d6-1efc-46ff-a6ad-3bc90e1a4ffe,CQ005,training,0.932,PASS,PASS,PASS,PASS,WARNING,PASS,PASS,PASS,3259.708,3072.247767,-187.4602333,0.0333,,,854e99d6-1efc-46ff-a6ad-3bc90e1a4ffe,,,,,,,
650824fc-5e70-4a49-9949-fd9299f59286,CQ006,training,0.932,PASS,PASS,WARNING,PASS,PASS,PASS,PASS,PASS,3043,2859.780398,-183.219602,0.0333,,,650824fc-5e70-4a49-9949-fd9299f59286,,,,,,,
4961d46d-1a91-485f-99ec-4161b1f1fb10,CQ006,training,0.932,PASS,PASS,WARNING,PASS,PASS,PASS,PASS,PASS,2871.087,2743.3202,-127.7668,0.0333,,,4961d46d-1a91-485f-99ec-4161b1f1fb10,,,,,,,
4242d135-c966-4605-933d-1f3113258841,CQ006,training,0.932,PASS,PASS,WARNING,PASS,PASS,PASS,PASS,PASS,2776.184,2558.752599,-217.431401,0.0333,,,4242d135-c966-4605-933d-1f3113258841,,,,,,,
998ce347-e95a-466e-bab9-245797ad5ad1,CQ008,training,0.932,PASS,PASS,PASS,PASS,WARNING,PASS,PASS,PASS,2939.357,2672.315498,-267.041502,0.0333,,,998ce347-e95a-466e-bab9-245797ad5ad1,,,,,,,
b60788e1-0e9a-4530-941d-bdbd0b0ab0ff,CQ009,training,0.932,PASS,PASS,WARNING,PASS,PASS,PASS,PASS,PASS,2728.55,2611.930499,-116.619501,0.0333,,,b60788e1-0e9a-4530-941d-bdbd0b0ab0ff,,,,,,,
d3cbcaa6-cd21-49e5-9233-94014d7794c0,CQ009,training,0.932,PASS,PASS,WARNING,PASS,PASS,PASS,PASS,PASS,2881.873,2706.445232,-175.4277677,0.0333,,,d3cbcaa6-cd21-49e5-9233-94014d7794c0,,,,,,,
7cffdb12-a29e-44ab-9ebb-a5652a0b7a8b,CQ009,training,0.932,PASS,PASS,WARNING,PASS,PASS,PASS,PASS,PASS,2775.958,2585.820466,-190.1375343,0.0333,,,7cffdb12-a29e-44ab-9ebb-a5652a0b7a8b,,,,,,,
d3b87902-2a0a-4555-8ee6-af7271806d76,CQ009,training,0.932,PASS,PASS,WARNING,PASS,PASS,PASS,PASS,PASS,2777.987,2647.067366,-130.9196343,0.0333,,,d3b87902-2a0a-4555-8ee6-af7271806d76,,,,,,,
ab81bd28-753c-48d3-8461-dbb684af2191,CQ009,training,0.932,PASS,PASS,WARNING,PASS,PASS,PASS,PASS,PASS,2909.394,2812.749832,-96.64416767,0.0333,,,ab81bd28-753c-48d3-8461-dbb684af2191,,,,,,,
17d1e722-7039-46d3-905c-9af8a0b56aad,CQ009,training,0.932,PASS,PASS,WARNING,PASS,PASS,PASS,PASS,PASS,3150.462,2997.468552,-152.9934485,0.0101,,,17d1e722-7039-46d3-905c-9af8a0b56aad,,,,,,,
7ae4412c-01ad-4a3b-a4df-93c6b8a138d3,CQ009,training,0.932,PASS,PASS,WARNING,PASS,PASS,PASS,PASS,PASS,3312.239,3186.736126,-125.5028737,0.0101,,,7ae4412c-01ad-4a3b-a4df-93c6b8a138d3,,,,,,,
9ac6a59c-8f0d-4a60-b1f6-f0ecff434ebb,CQ011,training,0.932,PASS,PASS,WARNING,PASS,PASS,PASS,PASS,PASS,2722.455,2554.489399,-167.965601,0.0333,,,9ac6a59c-8f0d-4a60-b1f6-f0ecff434ebb,,,,,,,
b61d7eb7-530d-465b-91ee-e088a48c4927,CQ011,training,0.932,PASS,PASS,PASS,PASS,WARNING,PASS,PASS,PASS,2734.687,2539.868866,-194.8181343,0.0333,,,b61d7eb7-530d-465b-91ee-e088a48c4927,,,,,,,
d861cc22-7e68-41d0-97e1-bb2a5eadb07c,CQ011,training,0.932,PASS,PASS,WARNING,PASS,PASS,PASS,PASS,PASS,2780.501,2622.094232,-158.4067677,0.0333,,,d861cc22-7e68-41d0-97e1-bb2a5eadb07c,,,,,,,
8e9ced09-9863-4347-8654-06909c0e7d7a,CQ013,training,0.932,PASS,PASS,WARNING,PASS,PASS,PASS,PASS,PASS,2836.046,2725.451275,-110.5947253,0.0101,,,8e9ced09-9863-4347-8654-06909c0e7d7a,,,,,,,
a9bd8b05-44d2-463a-b012-76b81115cd55,CQ013,training,0.932,PASS,PASS,WARNING,PASS,PASS,PASS,PASS,PASS,2916.684,2891.811567,-24.87243333,0.0333,,,a9bd8b05-44d2-463a-b012-76b81115cd55,,,,,,,
c5f6fe30-1e48-4384-9da8-56dc3f64332a,CQ013,training,0.932,PASS,PASS,WARNING,PASS,PASS,PASS,PASS,PASS,2787.179,2714.465847,-72.71315253,0.0101,,,c5f6fe30-1e48-4384-9da8-56dc3f64332a,,,,,,,
5f5cc045-b66a-4d55-b6cd-d5aeac73da6e,CQ013,training,0.932,PASS,PASS,WARNING,PASS,PASS,PASS,PASS,PASS,2807.765,2730.626167,-77.13883333,0.0333,,,5f5cc045-b66a-4d55-b6cd-d5aeac73da6e,,,,,,,
51a0d4dd-3f72-4ecc-85c6-38c5e05b5bf1,CQ013,training,0.932,PASS,PASS,WARNING,PASS,PASS,PASS,PASS,PASS,2744.663,2710.668498,-33.99450201,0.0101,,,51a0d4dd-3f72-4ecc-85c6-38c5e05b5bf1,,,,,,,
b44e4304-acc2-4a47-bea3-5e5abef9a71d,CQ013,training,0.932,PASS,PASS,WARNING,PASS,PASS,PASS,PASS,PASS,2812.841,2700.470079,-112.3709212,0.0101,,,b44e4304-acc2-4a47-bea3-5e5abef9a71d,,,,,,,
e1d7e1e6-103e-4813-8670-e5a1d9b38f5f,CQ013,training,0.932,PASS,PASS,WARNING,PASS,PASS,PASS,PASS,PASS,2734.077,2691.840014,-42.23698585,0.0101,,,e1d7e1e6-103e-4813-8670-e5a1d9b38f5f,,,,,,,
154b7c8e-0315-4001-99ad-bdea25085f44,CQ013,training,0.932,PASS,PASS,PASS,PASS,WARNING,PASS,PASS,PASS,2724.541,2604.916173,-119.6248273,0.0101,,,154b7c8e-0315-4001-99ad-bdea25085f44,,,,,,,
5fda8980-2e70-4258-9da9-4de1d0f74964,CQ014,training,0.932,PASS,PASS,WARNING,PASS,PASS,PASS,PASS,PASS,3599.492,3540.061433,-59.43056667,0.0333,,,5fda8980-2e70-4258-9da9-4de1d0f74964,,,,,,,
96779436-85d5-4fe8-a760-62e4a0df351a,CQ015,training,0.932,PASS,PASS,WARNING,PASS,PASS,PASS,PASS,PASS,3117.098,2931.778566,-185.3194343,0.0333,,,96779436-85d5-4fe8-a760-62e4a0df351a,,,,,,,
ccde34d2-840f-48f7-b444-9c376c35fb6a,CQ015,training,0.932,PASS,PASS,WARNING,PASS,PASS,PASS,PASS,PASS,2982.112,2785.3435,-196.7685,0.0333,,,ccde34d2-840f-48f7-b444-9c376c35fb6a,,,,,,,
b2fdceb7-3add-487b-8b30-dffaa18172b5,CQ015,training,0.932,PASS,PASS,WARNING,PASS,PASS,PASS,PASS,PASS,2846.86,2802.5953,-44.2647,0.0333,,,b2fdceb7-3add-487b-8b30-dffaa18172b5,,,,,,,
a65e9d69-8c87-43a5-84cb-7d71435b9de7,CQ015,training,0.932,PASS,PASS,WARNING,PASS,PASS,PASS,PASS,PASS,2833.361,2787.073767,-46.28723333,0.0333,,,a65e9d69-8c87-43a5-84cb-7d71435b9de7,,,,,,,
32d1a844-22ba-4d22-acd4-ea8c3df1fdbe,CQ015,training,0.932,PASS,PASS,WARNING,PASS,PASS,PASS,PASS,PASS,3616.577,3527.539767,-89.03723333,0.0333,,,32d1a844-22ba-4d22-acd4-ea8c3df1fdbe,,,,,,,
9995501f-4991-4b92-8a0c-b5f0dade3b7b,CQ016,training,0.932,PASS,PASS,WARNING,PASS,PASS,PASS,PASS,PASS,3070.181,2809.445167,-260.7358333,0.0333,,,9995501f-4991-4b92-8a0c-b5f0dade3b7b,,,,,,,
0325eaa0-0e95-4784-ab75-33c36f4bc90f,CQ016,training,0.932,PASS,PASS,WARNING,PASS,PASS,PASS,PASS,PASS,3288.34,3243.552299,-44.787701,0.0333,,,0325eaa0-0e95-4784-ab75-33c36f4bc90f,,,,,,,
842c8248-6028-4b81-872f-c9d05748625f,CQ016,training,0.932,PASS,PASS,WARNING,PASS,PASS,PASS,PASS,PASS,2849.04,2773.642867,-75.39713333,0.0333,,,842c8248-6028-4b81-872f-c9d05748625f,,,,,,,
9149f08c-2484-4b53-9c30-7dbbf59dcc67,CQ016,training,0.932,PASS,PASS,WARNING,PASS,PASS,PASS,PASS,PASS,2944.839,2910.886666,-33.95233433,0.0333,,,9149f08c-2484-4b53-9c30-7dbbf59dcc67,,,,,,,
c2a87fc4-4814-4855-8782-6ce757dfde93,CQ016,training,0.932,PASS,PASS,WARNING,PASS,PASS,PASS,PASS,PASS,4366.018,4331.830366,-34.18763433,0.0333,,,c2a87fc4-4814-4855-8782-6ce757dfde93,,,,,,,
b3a62b4f-85d5-42a6-8788-edc589dade88,CQ016,training,0.932,PASS,PASS,WARNING,PASS,PASS,PASS,PASS,PASS,4336.588,4303.752966,-32.83503433,0.0333,,,b3a62b4f-85d5-42a6-8788-edc589dade88,,,,,,,
37c1bc8d-c2b8-439e-adb3-57b8a27a413e,CQ016,training,0.932,PASS,PASS,WARNING,PASS,PASS,PASS,PASS,PASS,3092.996,3049.895033,-43.10096667,0.0333,,,37c1bc8d-c2b8-439e-adb3-57b8a27a413e,,,,,,,
5e2647ef-9157-47fc-87fa-448904a49973,ZFM-08554,training,0.932,PASS,PASS,WARNING,PASS,PASS,PASS,PASS,PASS,3182.115674,3151.178466,-30.93720833,0.0333,,,5e2647ef-9157-47fc-87fa-448904a49973,,,,,,,
5cce6f0c-14ce-4b22-ab60-7540bbf33a38,ZFM-08554,training,0.932,PASS,PASS,WARNING,PASS,PASS,PASS,PASS,PASS,2870.655857,2837.039632,-33.61622467,0.0333,,,5cce6f0c-14ce-4b22-ab60-7540bbf33a38,,,,,,,
930fa376-d57b-4eb0-8f91-f9d8c3e7cfa1,ZFM-08652,training,0.932,PASS,PASS,WARNING,PASS,PASS,PASS,PASS,PASS,3643.273334,3614.630832,-28.64250167,0.0333,,,930fa376-d57b-4eb0-8f91-f9d8c3e7cfa1,,,,,,,
a9710183-d2af-43c3-89e1-43179d83813d,ZFM-08652,training,0.932,PASS,PASS,WARNING,PASS,PASS,PASS,PASS,PASS,3710.64249,3676.260999,-34.381491,0.0333,,,a9710183-d2af-43c3-89e1-43179d83813d,,,,,,,
23944948-b47e-4ac6-b540-f7de4e6f1548,ZFM-08652,training,0.932,PASS,PASS,WARNING,PASS,PASS,PASS,PASS,PASS,3975.725866,3936.192166,-39.53370033,0.0333,,,23944948-b47e-4ac6-b540-f7de4e6f1548,,,,,,,
f83a472f-9306-4649-a2fd-70bfc3e8ca8a,ZFM-08814,training,0.932,PASS,PASS,WARNING,PASS,PASS,PASS,PASS,PASS,2986.140451,2946.739666,-39.40078533,0.0333,,,f83a472f-9306-4649-a2fd-70bfc3e8ca8a,,,,,,,
7281a80e-da68-4a7e-8c4e-7bbec41a7d53,ZFM-08818,training,0.932,PASS,PASS,WARNING,PASS,PASS,PASS,PASS,PASS,3603.607222,3571.738367,-31.86885533,0.0333,,,7281a80e-da68-4a7e-8c4e-7bbec41a7d53,,,,,,,
a01dbb2b-ac9b-491b-8d02-07c37ee6b2c6,ZFM-08818,training,0.932,PASS,PASS,WARNING,PASS,PASS,PASS,PASS,PASS,3628.083237,3586.745132,-41.33810467,0.0333,,,a01dbb2b-ac9b-491b-8d02-07c37ee6b2c6,,,,,,,
43ac7c4f-4deb-4f60-85db-719bb44f3d67,ZFM-08818,training,0.932,PASS,PASS,PASS,PASS,WARNING,PASS,PASS,PASS,3757.707687,3722.283566,-35.42412133,0.0333,,,43ac7c4f-4deb-4f60-85db-719bb44f3d67,,,,,,,
61489aca-c83b-442c-bcd4-b5f75afd80de,ZFM-08818,training,0.932,PASS,PASS,PASS,PASS,WARNING,PASS,PASS,PASS,3518.935688,3436.597066,-82.33862233,0.0333,,,61489aca-c83b-442c-bcd4-b5f75afd80de,,,,,,,
1d8a449e-ebef-42b8-8fd4-b4f52071ade1,ZFM-08827,training,0.932,PASS,PASS,WARNING,PASS,PASS,PASS,PASS,PASS,3088.363525,3025.901333,-62.46219167,0.0333,,,1d8a449e-ebef-42b8-8fd4-b4f52071ade1,,,,,,,
8f65f046-29f0-4dd0-bc18-c3f9ec9cd1da,ZFM-08827,training,0.932,PASS,PASS,WARNING,PASS,PASS,PASS,PASS,PASS,3688,3656.897332,-31.10266767,0.0333,,,8f65f046-29f0-4dd0-bc18-c3f9ec9cd1da,,,,,,,
29b92b5e-7888-4182-a514-1efd73d40c08,ZFM-08827,training,0.932,PASS,PASS,WARNING,PASS,PASS,PASS,PASS,PASS,3645.611222,3610.505466,-35.10575633,0.0333,,,29b92b5e-7888-4182-a514-1efd73d40c08,,,,,,,
868b23e1-7c15-4e1b-b46b-718806e39980,ZFM-08827,training,0.932,PASS,PASS,WARNING,PASS,PASS,PASS,PASS,PASS,3934.550176,3902.107632,-32.44254367,0.0333,,,868b23e1-7c15-4e1b-b46b-718806e39980,,,,,,,
88e8571a-2010-4ec1-90bd-0511f56e031e,ZFM-08827,training,0.932,PASS,PASS,WARNING,PASS,PASS,PASS,PASS,PASS,2772.980954,2751.715832,-21.26512167,0.0333,,,88e8571a-2010-4ec1-90bd-0511f56e031e,,,,,,,
89eebd98-7969-459c-911c-8a32dcf41c00,ZFM-08827,training,0.932,PASS,PASS,WARNING,PASS,PASS,PASS,PASS,PASS,4208.279428,4165.736932,-42.54249567,0.0333,,,89eebd98-7969-459c-911c-8a32dcf41c00,,,,,,,
5907606c-bcb3-47ee-a6c4-69c8e6057d4e,ZFM-08828,training,0.932,PASS,PASS,WARNING,PASS,PASS,PASS,PASS,PASS,3617.844725,3584.015799,-33.828926,0.0333,,,5907606c-bcb3-47ee-a6c4-69c8e6057d4e,,,,,,,
b8455661-21b1-4e41-9c76-52fae1beec6f,ZFM-08828,training,0.932,PASS,PASS,PASS,PASS,WARNING,PASS,PASS,PASS,3618.334721,3580.659066,-37.67565533,0.0333,,,b8455661-21b1-4e41-9c76-52fae1beec6f,,,,,,,
e4c91f36-74bd-4025-9f45-577cc774589c,ZFM-08828,training,0.932,PASS,PASS,WARNING,PASS,PASS,PASS,PASS,PASS,5501.744298,5457.540832,-44.20346567,0.0333,,,e4c91f36-74bd-4025-9f45-577cc774589c,,,,,,,
de72f30f-f00b-4055-8e82-2c0a6923100d,ZFM-08828,training,0.932,PASS,PASS,WARNING,PASS,PASS,PASS,PASS,PASS,2981.439365,2942.009032,-39.43033267,0.0333,,,de72f30f-f00b-4055-8e82-2c0a6923100d,,,,,,,
ca0f0de1-6170-48ef-bd67-cf60fe835d5f,ZFM-08828,training,0.932,PASS,PASS,WARNING,PASS,PASS,PASS,PASS,PASS,3618.903484,3572.572532,-46.33095167,0.0333,,,ca0f0de1-6170-48ef-bd67-cf60fe835d5f,,,,,,,
a31782d9-3cea-4315-8c0a-80414de9e232,ZFM-08828,training,0.932,PASS,PASS,WARNING,PASS,PASS,PASS,PASS,PASS,3481.412039,3441.524867,-39.88717233,0.0333,,,a31782d9-3cea-4315-8c0a-80414de9e232,,,,,,,
632966bf-9011-4c0a-9f9c-7d3c2e0c5d5d,ZFM-08828,training,0.932,PASS,PASS,WARNING,PASS,PASS,PASS,PASS,PASS,2826.445147,2784.114532,-42.33061467,0.0333,,,632966bf-9011-4c0a-9f9c-7d3c2e0c5d5d,,,,,,,
77a1ccc1-0924-4b91-a81f-a2bb2567c8e2,ZFM-08828,training,0.932,PASS,PASS,WARNING,PASS,PASS,PASS,PASS,PASS,2956.701818,2907.735832,-48.96598567,0.0333,,,77a1ccc1-0924-4b91-a81f-a2bb2567c8e2,,,,,,,
3db22ff6-c3bf-4fcb-8d55-9fe43d5e4760,ZFM-08828,training,0.932,PASS,PASS,WARNING,PASS,PASS,PASS,PASS,PASS,3996.292762,3912.759832,-83.53292967,0.0333,,,3db22ff6-c3bf-4fcb-8d55-9fe43d5e4760,,,,,,,
1c0e60d4-918f-4928-9cad-8385c01bfad2,ZFM-08828,training,0.932,PASS,PASS,WARNING,PASS,PASS,PASS,PASS,PASS,3118.299966,3067.159166,-51.14080033,0.0333,,,1c0e60d4-918f-4928-9cad-8385c01bfad2,,,,,,,
8745332c-3d76-4fcc-944a-67ac3d843544,ZFM-08863,training,0.932,PASS,PASS,WARNING,PASS,PASS,PASS,PASS,PASS,3145.810607,3108.375232,-37.43537467,0.0333,,,8745332c-3d76-4fcc-944a-67ac3d843544,,,,,,,
8b1db892-ffa7-4531-931f-fb72ba2fab86,ZFM-08863,training,0.932,PASS,PASS,WARNING,PASS,PASS,PASS,PASS,PASS,3675.738548,3638.460499,-37.278049,0.0333,,,8b1db892-ffa7-4531-931f-fb72ba2fab86,,,,,,,
fa613a28-0dbd-4c71-8eb6-0d9dd36b3681,ZFM-08863,training,0.932,PASS,PASS,WARNING,PASS,PASS,PASS,PASS,PASS,3245.526011,3209.081866,-36.44414533,0.0333,,,fa613a28-0dbd-4c71-8eb6-0d9dd36b3681,,,,,,,
277ebf73-55bc-4365-b2ee-9c7c7cb211c7,ZFM-08863,training,0.932,PASS,PASS,WARNING,PASS,PASS,PASS,PASS,PASS,2843.315686,2802.485633,-40.83005267,0.0333,,,277ebf73-55bc-4365-b2ee-9c7c7cb211c7,,,,,,,
00396061-925d-4ec4-8ff8-b9fbe97ff551,ZFM-08863,training,0.932,PASS,PASS,WARNING,PASS,PASS,PASS,PASS,PASS,3109.418953,3067.611833,-41.80711967,0.0333,,,00396061-925d-4ec4-8ff8-b9fbe97ff551,,,,,,,
0b08dd3c-d4b6-460e-8305-02c9a21a7340,ZFM-08863,training,0.932,PASS,PASS,WARNING,PASS,PASS,PASS,PASS,PASS,3788.615884,3747.128632,-41.48725167,0.0333,,,0b08dd3c-d4b6-460e-8305-02c9a21a7340,,,,,,,
e481f847-abb6-4549-b267-edd2941d2395,ZFM-08863,training,0.932,PASS,PASS,WARNING,PASS,PASS,PASS,PASS,PASS,3209.302567,3166.655733,-42.64683367,0.0333,,,e481f847-abb6-4549-b267-edd2941d2395,,,,,,,
4981143b-f8c2-42e4-b3bf-6b4d5344265f,ZFM-09044,training,0.932,PASS,PASS,WARNING,PASS,PASS,PASS,PASS,PASS,3701.360659,3669.953332,-31.40732667,0.0333,,,4981143b-f8c2-42e4-b3bf-6b4d5344265f,,,,,,,
e8c39d3e-5ce8-4a3b-9b7e-dcaab4288a56,ZFM-09044,training,0.932,PASS,PASS,WARNING,PASS,PASS,PASS,PASS,PASS,3684.190743,3630.732433,-53.45830967,0.0333,,,e8c39d3e-5ce8-4a3b-9b7e-dcaab4288a56,,,,,,,
fb8c4787-a867-4e38-a1ec-14acf32531a8,ZFM-09044,training,0.932,PASS,PASS,WARNING,PASS,PASS,PASS,PASS,PASS,2856.133731,2782.803967,-73.32976433,0.0333,,,fb8c4787-a867-4e38-a1ec-14acf32531a8,,,,,,,
8e3ae1a6-dac0-4af7-be36-b7b8adf9cba1,ZFM-09044,training,0.932,PASS,PASS,WARNING,PASS,PASS,PASS,PASS,PASS,3822.37742,3741.832032,-80.54538767,0.0333,,,8e3ae1a6-dac0-4af7-be36-b7b8adf9cba1,,,,,,,
7a4de696-8d8c-409a-bc8b-f26af56cfc89,ZFM-09044,training,0.932,PASS,PASS,WARNING,PASS,PASS,PASS,PASS,PASS,3740.93023,3637.727266,-103.2029643,0.0333,,,7a4de696-8d8c-409a-bc8b-f26af56cfc89,,,,,,,
72fbac9f-7e6a-4fe8-9656-8622417704d8,ZFM-09044,training,0.932,PASS,PASS,WARNING,PASS,PASS,PASS,PASS,PASS,5484.999147,5438.623731,-46.37541567,0.0333,,,72fbac9f-7e6a-4fe8-9656-8622417704d8,,,,,,,
7d04b6db-6e40-4902-8dfc-6e717416e80c,ZFM-09044,training,0.932,PASS,PASS,PASS,PASS,WARNING,PASS,PASS,PASS,2822.908184,2792.796333,-30.11185067,0.0333,,,7d04b6db-6e40-4902-8dfc-6e717416e80c,,,,,,,
324a6fa2-6b95-4d6e-9a5e-f22f299d934d,ZFM-09044,training,0.932,PASS,PASS,WARNING,PASS,PASS,PASS,PASS,PASS,2957.713797,2882.647733,-75.06606367,0.0333,,,324a6fa2-6b95-4d6e-9a5e-f22f299d934d,,,,,,,
2bbf75f2-7b52-4906-8744-6195f7101dd6,ZFM-09044,training,0.932,PASS,PASS,WARNING,PASS,PASS,PASS,PASS,PASS,2965.031094,2933.633632,-31.39746167,0.0333,,,2bbf75f2-7b52-4906-8744-6195f7101dd6,,,,,,,
fb88bd73-f001-4630-8c87-741c43ea63ad,ZFM-09044,training,0.932,PASS,PASS,WARNING,PASS,PASS,PASS,PASS,PASS,3005.640365,2968.640867,-36.99949833,0.0333,,,fb88bd73-f001-4630-8c87-741c43ea63ad,,,,,,,
961c4a0a-39b6-473a-9614-9361c8725468,ZFM-09044,training,0.932,PASS,PASS,WARNING,PASS,PASS,PASS,PASS,PASS,3066.409232,3034.572266,-31.83696633,0.0333,,,961c4a0a-39b6-473a-9614-9361c8725468,,,,,,,
c67b2fd9-c72f-4ebe-b166-1d02f5d81b61,ZFM-09139,training,0.932,PASS,PASS,WARNING,PASS,PASS,PASS,PASS,PASS,3841.015942,3784.626599,-56.389343,0.0333,,,c67b2fd9-c72f-4ebe-b166-1d02f5d81b61,,,,,,,
cc42046f-d2ae-4da5-af3e-b7164cb9a0d7,ZFM-09139,training,0.932,PASS,PASS,WARNING,PASS,PASS,PASS,PASS,PASS,4034.29329,3955.005931,-79.28735867,0.0333,,,cc42046f-d2ae-4da5-af3e-b7164cb9a0d7,,,,,,,
c9e5a8da-4093-4f0a-8851-15bc6cbd0a9e,ZFM-09139,training,0.932,PASS,PASS,WARNING,PASS,PASS,PASS,PASS,PASS,3168.591448,3111.168133,-57.42331467,0.0333,,,c9e5a8da-4093-4f0a-8851-15bc6cbd0a9e,,,,,,,
aa1a3d2f-5f99-4d9e-863e-d1a750af7486,ZFM-09341,training,0.932,PASS,PASS,WARNING,PASS,PASS,PASS,PASS,PASS,3681.461079,3635.372232,-46.08884667,0.0333,,,aa1a3d2f-5f99-4d9e-863e-d1a750af7486,,,,,,,
350b7ca5-25f6-4aee-bd30-229175f7e176,ZFM-09341,training,0.932,PASS,PASS,WARNING,PASS,PASS,PASS,PASS,PASS,3684.891134,3638.781766,-46.10936833,0.0333,,,350b7ca5-25f6-4aee-bd30-229175f7e176,,,,,,,
21543a6b-3bba-4a94-a85a-a9416273833e,ZFM-09341,training,0.932,PASS,PASS,WARNING,PASS,PASS,PASS,PASS,PASS,3689.621853,3627.466432,-62.15542067,0.0333,,,21543a6b-3bba-4a94-a85a-a9416273833e,,,,,,,
900276fc-80b1-4ace-aef3-1dd83895ae43,ZFM-09341,training,0.932,PASS,PASS,WARNING,PASS,PASS,PASS,PASS,PASS,3123.288695,3085.344633,-37.94406167,0.0333,,,900276fc-80b1-4ace-aef3-1dd83895ae43,,,,,,,
cf5a2ccd-dae9-4211-a996-6345c8d2bea7,ZFM-09341,training,0.932,PASS,PASS,WARNING,PASS,PASS,PASS,PASS,PASS,2889.63826,2826.781866,-62.85639433,0.0333,,,cf5a2ccd-dae9-4211-a996-6345c8d2bea7,,,,,,,
fc15c34a-77ff-49b8-8ccf-ec9c86f72972,ZFM-09341,training,0.932,PASS,PASS,WARNING,PASS,PASS,PASS,PASS,PASS,3060.07915,3018.825766,-41.25338433,0.0333,,,fc15c34a-77ff-49b8-8ccf-ec9c86f72972,,,,,,,
6931684c-a721-4db8-9698-e3101d0e4a1b,ZFM-09343,training,0.932,PASS,PASS,WARNING,PASS,PASS,PASS,PASS,PASS,3648.918474,3602.240266,-46.67820833,0.0333,,,6931684c-a721-4db8-9698-e3101d0e4a1b,,,,,,,
153704de-de78-4c48-9ced-1b45cfa7fa67,ZFM-09343,training,0.932,PASS,PASS,WARNING,PASS,PASS,PASS,PASS,PASS,3659.545456,3606.103432,-53.44202367,0.0333,,,153704de-de78-4c48-9ced-1b45cfa7fa67,,,,,,,
963a0abc-bd4b-4056-99eb-3e9805fd8b0d,ZFM-09343,training,0.932,PASS,PASS,WARNING,PASS,PASS,PASS,PASS,PASS,3688.867719,3643.236433,-45.63128567,0.0333,,,963a0abc-bd4b-4056-99eb-3e9805fd8b0d,,,,,,,
46cb0c17-2e5e-4b37-98ba-3aec3e6a2259,ZFM-09343,training,0.932,PASS,PASS,WARNING,PASS,PASS,PASS,PASS,PASS,2988.982084,2915.961066,-73.02101833,0.0333,,,46cb0c17-2e5e-4b37-98ba-3aec3e6a2259,,,,,,,
2329678c-12b2-41fb-bed6-7672c3302185,ZFM-09343,training,0.932,PASS,PASS,WARNING,PASS,PASS,PASS,PASS,PASS,2987.640959,2929.848467,-57.79249233,0.0333,,,2329678c-12b2-41fb-bed6-7672c3302185,,,,,,,
bc1b7d14-3b0c-4f97-abcd-47b36159e787,ZFM-09346,training,0.932,PASS,PASS,WARNING,PASS,PASS,PASS,PASS,PASS,3674.714432,3631.947032,-42.76739967,0.0333,,,bc1b7d14-3b0c-4f97-abcd-47b36159e787,,,,,,,
f3d64718-5099-4f45-80f9-011a7f28fe64,ZFM-09346,training,0.932,PASS,PASS,WARNING,PASS,PASS,PASS,PASS,PASS,3642.204835,3591.217033,-50.98780167,0.0333,,,f3d64718-5099-4f45-80f9-011a7f28fe64,,,,,,,
5b947796-17b4-496a-ac4e-9d8071305ca2,ZFM-09346,training,0.932,PASS,PASS,WARNING,PASS,PASS,PASS,PASS,PASS,3722.43639,3681.801066,-40.63532433,0.0333,,,5b947796-17b4-496a-ac4e-9d8071305ca2,,,,,,,
23da3325-b784-4e5a-908b-e4f79f9df3ae,ZFM-09346,training,0.932,PASS,PASS,WARNING,PASS,PASS,PASS,PASS,PASS,3956.466381,3871.729867,-84.73651433,0.0333,,,23da3325-b784-4e5a-908b-e4f79f9df3ae,,,,,,,
a245c415-d434-49a9-87bc-2e5a15ea910f,ZFM-09346,training,0.932,PASS,PASS,WARNING,PASS,PASS,PASS,PASS,PASS,3675.686371,3634.610732,-41.07563867,0.0333,,,a245c415-d434-49a9-87bc-2e5a15ea910f,,,,,,,
df54078b-3cbe-4561-93b9-68a52242aa25,ZFM-09350,training,0.932,PASS,PASS,WARNING,PASS,PASS,PASS,PASS,PASS,3699.159113,3651.847132,-47.31198067,0.0333,,,df54078b-3cbe-4561-93b9-68a52242aa25,,,,,,,
10737541-99f1-45eb-8fb1-b53812150573,ZFM-09350,training,0.932,PASS,PASS,WARNING,PASS,PASS,PASS,PASS,PASS,3473.981143,3396.620832,-77.36031067,0.0333,,,10737541-99f1-45eb-8fb1-b53812150573,,,,,,,
14b4fa45-67e5-41bb-9f87-30474c781b7e,ZFM-09350,training,0.932,PASS,PASS,WARNING,PASS,PASS,PASS,PASS,PASS,3660.217379,3615.386232,-44.83114667,0.0333,,,14b4fa45-67e5-41bb-9f87-30474c781b7e,,,,,,,
13a6f2b0-9bd9-46c8-a1d0-882a42945a80,ZFM-09350,training,0.932,PASS,PASS,WARNING,PASS,PASS,PASS,PASS,PASS,3380.42448,3290.366532,-90.05794767,0.0333,,,13a6f2b0-9bd9-46c8-a1d0-882a42945a80,,,,,,,
0eb56413-e91e-4939-b3e6-fe41c1df26b1,ZFM-09350,training,0.932,PASS,PASS,WARNING,PASS,PASS,PASS,PASS,PASS,3737.915989,3689.129299,-48.78669,0.0333,,,0eb56413-e91e-4939-b3e6-fe41c1df26b1,,,,,,,
b85ce37f-b6e6-459c-a4eb-2d7863f37540,ZFM-09350,training,0.932,PASS,PASS,WARNING,PASS,PASS,PASS,PASS,PASS,3636.608159,3594.155599,-42.45256,0.0333,,,b85ce37f-b6e6-459c-a4eb-2d7863f37540,,,,,,,
d1dd6464-169f-4bfa-9439-aaa38380e636,ZFM-09350,training,0.932,PASS,PASS,WARNING,PASS,PASS,PASS,PASS,PASS,3664.613796,3625.139766,-39.47403033,0.0333,,,d1dd6464-169f-4bfa-9439-aaa38380e636,,,,,,,
8501b07f-9b4f-49e9-9062-8ec83a9e7287,ZFM-09350,training,0.932,PASS,PASS,WARNING,PASS,PASS,PASS,PASS,PASS,3272.179655,3235.893732,-36.28592267,0.0333,,,8501b07f-9b4f-49e9-9062-8ec83a9e7287,,,,,,,
b8829543-df52-4b28-b3c8-e7b020db7240,ZFM-09350,training,0.932,PASS,PASS,WARNING,PASS,PASS,PASS,PASS,PASS,4162.771508,4119.276332,-43.49517567,0.0333,,,b8829543-df52-4b28-b3c8-e7b020db7240,,,,,,,
62a1d214-5745-4d68-9c16-d45ce2b4faa8,ZFM-09365,training,0.932,PASS,PASS,WARNING,PASS,PASS,PASS,PASS,PASS,5269.207142,5225.778566,-43.42857633,0.0333,,,62a1d214-5745-4d68-9c16-d45ce2b4faa8,,,,,,,
5c5a5e99-d353-496c-9c84-7aa657d81e44,ZFM-09365,training,0.932,PASS,PASS,WARNING,PASS,PASS,PASS,PASS,PASS,3780.913773,3650.626966,-130.2868073,0.0333,,,5c5a5e99-d353-496c-9c84-7aa657d81e44,,,,,,,
b3bb3e12-60b1-4505-82bd-93226db386b9,ZFM-09365,training,0.932,PASS,PASS,WARNING,PASS,PASS,PASS,PASS,PASS,3679.002503,3627.166466,-51.83603733,0.0333,,,b3bb3e12-60b1-4505-82bd-93226db386b9,,,,,,,
26d6984a-f461-45c5-8212-9590e3e01bb3,ZFM-09365,training,0.932,PASS,PASS,WARNING,PASS,PASS,PASS,PASS,PASS,3109.10268,3063.614566,-45.48811433,0.0333,,,26d6984a-f461-45c5-8212-9590e3e01bb3,,,,,,,
8fe01ece-45e8-4050-bc70-1835b20d8509,ZFM-09365,training,0.932,PASS,PASS,WARNING,PASS,PASS,PASS,PASS,PASS,3663.749883,3619.180166,-44.56971733,0.0333,,,8fe01ece-45e8-4050-bc70-1835b20d8509,,,,,,,
f2eb3009-f344-4e8c-987b-ada0b4c402b1,ZFM-09365,training,0.932,PASS,PASS,WARNING,PASS,PASS,PASS,PASS,PASS,4145.967371,4103.833332,-42.13403867,0.0333,,,f2eb3009-f344-4e8c-987b-ada0b4c402b1,,,,,,,
950330b6-0560-4447-8be4-449cbc0f6ffb,ZFM-09365,training,0.932,PASS,PASS,WARNING,PASS,PASS,PASS,PASS,PASS,3789.64648,3746.169699,-43.476781,0.0333,,,950330b6-0560-4447-8be4-449cbc0f6ffb,,,,,,,
5af444af-9277-4a4a-9c02-0cfc7308f104,ZFM-09365,training,0.932,PASS,PASS,WARNING,PASS,PASS,PASS,PASS,PASS,2992.984421,2955.365233,-37.61918767,0.0333,,,5af444af-9277-4a4a-9c02-0cfc7308f104,,,,,,,
182137ad-eed3-4eba-897b-896e2f06a896,ZFM-09365,training,0.932,PASS,PASS,WARNING,PASS,PASS,PASS,PASS,PASS,3731.961263,3691.960666,-40.00059733,0.0333,,,182137ad-eed3-4eba-897b-896e2f06a896,,,,,,,
43ffb4c4-cd5a-480e-91dd-28133c51cd64,ZFM-09365,training,0.932,PASS,PASS,WARNING,PASS,PASS,PASS,PASS,PASS,4014.241659,3974.918666,-39.32299333,0.0333,,,43ffb4c4-cd5a-480e-91dd-28133c51cd64,,,,,,,
77dcfdff-c5d2-4869-a2ef-9a8af87506cf,ZFM-09365,training,0.932,PASS,PASS,WARNING,PASS,PASS,PASS,PASS,PASS,4089.196866,4028.095866,-61.10100033,0.0333,,,77dcfdff-c5d2-4869-a2ef-9a8af87506cf,,,,,,,
16601e2b-3c26-41c3-9162-f557e264b063,ZFM-09365,training,0.932,PASS,PASS,WARNING,PASS,PASS,PASS,PASS,PASS,2874.272979,2835.500632,-38.77234667,0.0333,,,16601e2b-3c26-41c3-9162-f557e264b063,,,,,,,
a6b30d1a-5fdc-484b-b38c-dd346d1275b9,ZFM-09365,training,0.932,PASS,PASS,WARNING,PASS,PASS,PASS,PASS,PASS,5505.74279,5465.346932,-40.39585767,0.0333,,,a6b30d1a-5fdc-484b-b38c-dd346d1275b9,,,,,,,
8c85219f-c72f-4fbb-9d46-fa28ed908bc3,ZFM-09365,training,0.932,PASS,PASS,WARNING,PASS,PASS,PASS,PASS,PASS,3717.677184,3676.903832,-40.77335167,0.0333,,,8c85219f-c72f-4fbb-9d46-fa28ed908bc3,,,,,,,
cf29e353-c132-4178-9615-7e591e745ba9,ZFM-09365,training,0.932,PASS,PASS,WARNING,PASS,PASS,PASS,PASS,PASS,5284.159408,5230.114999,-54.044409,0.0333,,,cf29e353-c132-4178-9615-7e591e745ba9,,,,,,,
d00bb096-891a-4ed7-ac06-6bca6336c0cb,ZFM-09377,training,0.932,PASS,PASS,WARNING,PASS,PASS,PASS,PASS,PASS,3650.099192,3607.599266,-42.49992633,0.0333,,,d00bb096-891a-4ed7-ac06-6bca6336c0cb,,,,,,,
9a11372b-ea84-4b58-a8a8-3ac67ce52254,ZFM-09377,training,0.932,PASS,PASS,WARNING,PASS,PASS,PASS,PASS,PASS,3628.297152,3584.338366,-43.95878633,0.0333,,,9a11372b-ea84-4b58-a8a8-3ac67ce52254,,,,,,,
ba221efd-3020-47f1-bfe7-ceff9fcc453a,ZFM-09394,training,0.932,PASS,PASS,WARNING,PASS,PASS,PASS,PASS,PASS,5473.981115,5431.391599,-42.589516,0.0333,,,ba221efd-3020-47f1-bfe7-ceff9fcc453a,,,,,,,
ddd0339e-a864-4acb-a400-a83ba689ea4f,ZFM-09394,training,0.932,PASS,PASS,WARNING,PASS,PASS,PASS,PASS,PASS,3215.703539,3166.071233,-49.63230567,0.0333,,,ddd0339e-a864-4acb-a400-a83ba689ea4f,,,,,,,
c7fe61a1-e7b1-4597-88e9-916b3582a5c6,ZFM-09394,training,0.932,PASS,PASS,WARNING,PASS,PASS,PASS,PASS,PASS,3757.951215,3727.364332,-30.58688267,0.0333,,,c7fe61a1-e7b1-4597-88e9-916b3582a5c6,,,,,,,
bf7e8cfc-2ac2-4818-8f34-eafdfc38fe1b,ZFM-09439,training,0.932,PASS,PASS,WARNING,PASS,PASS,PASS,PASS,PASS,3105.953403,3044.281566,-61.67183733,0.0333,,,bf7e8cfc-2ac2-4818-8f34-eafdfc38fe1b,,,,,,,
59cc8de8-470b-4f11-88c8-3f60f7fa8a83,ZFM-09439,training,0.932,PASS,PASS,WARNING,PASS,PASS,PASS,PASS,PASS,3110.718151,3067.293999,-43.424152,0.0333,,,59cc8de8-470b-4f11-88c8-3f60f7fa8a83,,,,,,,
7776e42c-18c6-4798-b2ae-91c0632c54da,ZFM-09343,ephys,0.915,PASS,PASS,WARNING,PASS,NOT_SET,PASS,PASS,PASS,3925.797549,3895.444267,-30.35328233,0.0333,Complete,PASS,7776e42c-18c6-4798-b2ae-91c0632c54da,,,,,,,"good, very dense lick raster"
dbfd3173-6bdc-452a-85bd-7c1b8f8e180b,ZFM-08652,training,0.915,PASS,PASS,WARNING,PASS,NOT_SET,PASS,PASS,PASS,4124.886724,4090.865199,-34.021525,0.0333,,,dbfd3173-6bdc-452a-85bd-7c1b8f8e180b,,,,,,,
7cc02ae3-f713-4431-88a4-4cb4f79017f3,ZFM-08776,training,0.915,PASS,PASS,WARNING,PASS,NOT_SET,PASS,PASS,PASS,3578.667209,3538.700167,-39.96704233,0.0333,,,7cc02ae3-f713-4431-88a4-4cb4f79017f3,,,,,,,
c2463de4-eba0-4c50-94f4-61b9cc931125,ZFM-08814,training,0.915,PASS,PASS,WARNING,PASS,NOT_SET,PASS,PASS,PASS,3622.427473,3578.528799,-43.898674,0.0333,,,c2463de4-eba0-4c50-94f4-61b9cc931125,,,,,,,
e8bc31a9-69c1-48cc-b3da-16ca28677a4a,ZFM-09044,training,0.915,PASS,PASS,WARNING,PASS,NOT_SET,PASS,PASS,PASS,4039.582982,3978.219032,-61.36394967,0.0333,,,e8bc31a9-69c1-48cc-b3da-16ca28677a4a,,,,,,,
35bd20e4-697c-47bf-9636-e91f4ae605d1,ZFM-09350,training,0.915,PASS,PASS,WARNING,PASS,NOT_SET,PASS,PASS,PASS,3101.298892,3056.253166,-45.04572633,0.0333,,,35bd20e4-697c-47bf-9636-e91f4ae605d1,,,,,,,
aa59c233-f4ba-43fd-88da-8e7cbe4fe521,ZFM-09365,training,0.915,PASS,PASS,WARNING,PASS,NOT_SET,PASS,PASS,PASS,3702.697452,3663.841499,-38.855953,0.0333,,,aa59c233-f4ba-43fd-88da-8e7cbe4fe521,,,,,,,
f047656f-38a3-40a1-94d3-bb19f1cdf81f,ZFM-09394,training,0.915,PASS,PASS,WARNING,PASS,NOT_SET,PASS,PASS,PASS,4236.553804,4188.114666,-48.43913833,0.0333,,,f047656f-38a3-40a1-94d3-bb19f1cdf81f,,,,,,,
1c6663c7-16d0-4126-ba20-3a7fec8cdb1e,ZFM-09402,training,0.915,PASS,PASS,WARNING,PASS,NOT_SET,PASS,PASS,PASS,3871.465737,3819.047332,-52.41840467,0.0333,,,1c6663c7-16d0-4126-ba20-3a7fec8cdb1e,,,,,,,
ae45a4d2-d0fa-4b55-87af-51c01974de60,ZFM-08813,ephys,0.864,PASS,PASS,WARNING,PASS,WARNING,PASS,PASS,PASS,2917.238133,2888.277066,-28.96106733,0.0333,,,ae45a4d2-d0fa-4b55-87af-51c01974de60,,,,,,,
08db0f15-7920-4aec-8058-ba84464bcf99,ZFM-08871,ephys,0.864,PASS,PASS,WARNING,PASS,WARNING,PASS,PASS,PASS,2836.873127,2787.278866,-49.59426133,0.0333,,,08db0f15-7920-4aec-8058-ba84464bcf99,,,,,,,
092d99c6-6892-47e1-8958-2f48e234a1d4,ZFM-09139,ephys,0.864,PASS,PASS,WARNING,PASS,WARNING,PASS,PASS,PASS,3071.004954,2951.602532,-119.4024217,0.0333,,,092d99c6-6892-47e1-8958-2f48e234a1d4,,,,,,,
d78d8da7-980d-4550-a039-8217abe51d9a,ZFM-09139,ephys,0.864,PASS,PASS,WARNING,PASS,WARNING,PASS,PASS,PASS,3017.180594,2984.88,-32.300594,0.0333,Complete,PASS,d78d8da7-980d-4550-a039-8217abe51d9a,,,,,,,
5853e474-2c8f-448f-8ef8-c753eaceb408,ZFM-09139,ephys,0.864,PASS,PASS,WARNING,PASS,WARNING,PASS,PASS,PASS,2844.772953,2815.464999,-29.307954,0.0333,Complete,PASS,5853e474-2c8f-448f-8ef8-c753eaceb408,,,,,,,
dea77d23-739e-4ec3-a1a7-bd9174c9ce33,ZFM-09139,ephys,0.864,PASS,PASS,WARNING,PASS,WARNING,PASS,PASS,PASS,2796.822456,2764.450567,-32.37188933,0.0333,,,dea77d23-739e-4ec3-a1a7-bd9174c9ce33,,,,,,,
5e57fcd0-8743-41c8-8360-d846a4e0469d,ZFM-09343,ephys,0.864,PASS,PASS,WARNING,PASS,WARNING,PASS,PASS,PASS,2764.030277,2732.730066,-31.30021133,0.0333,,,5e57fcd0-8743-41c8-8360-d846a4e0469d,,,,,,,
27a196c1-e6a0-474c-b86e-8d6fb315c987,ZFM-08776,biased,0.864,PASS,PASS,WARNING,PASS,WARNING,PASS,PASS,PASS,5512.14409,5414.371632,-97.77245767,0.0333,,,27a196c1-e6a0-474c-b86e-8d6fb315c987,,,,,,,
69b73d1c-9190-4b00-8c1c-16e8dd055ffb,ZFM-08813,biased,0.864,PASS,PASS,WARNING,PASS,WARNING,PASS,PASS,PASS,3646.042408,3589.8383,-56.204108,0.0333,,,69b73d1c-9190-4b00-8c1c-16e8dd055ffb,,,,,,,
55f8a9c8-4db7-45ee-ad61-54f8b3b33433,ZFM-08813,biased,0.864,PASS,PASS,WARNING,PASS,WARNING,PASS,PASS,PASS,3301.265936,3216.069099,-85.196837,0.0333,,,55f8a9c8-4db7-45ee-ad61-54f8b3b33433,,,,,,,
1ba05614-1d02-4344-a7b1-f621643757bf,ZFM-08813,biased,0.864,PASS,PASS,WARNING,PASS,WARNING,PASS,PASS,PASS,2892.989087,2863.6618,-29.327287,0.0333,,,1ba05614-1d02-4344-a7b1-f621643757bf,,,,,,,
1b169cf7-2026-49dd-aacd-fa73bb719161,ZFM-08828,biased,0.864,PASS,PASS,WARNING,PASS,WARNING,PASS,PASS,PASS,2907.119169,2841.964866,-65.15430333,0.0333,,,1b169cf7-2026-49dd-aacd-fa73bb719161,,,,,,,
e5c5c9d3-a0ea-4fb9-b91a-5aa3421da59d,ZFM-08871,biased,0.864,PASS,WARNING,WARNING,PASS,PASS,PASS,PASS,PASS,3436.704277,3356.522332,-80.18194467,0.0333,,,e5c5c9d3-a0ea-4fb9-b91a-5aa3421da59d,,,,,,,
504324a9-e670-487f-a9aa-3d7aba8f3501,ZFM-09044,biased,0.864,PASS,PASS,WARNING,PASS,WARNING,PASS,PASS,PASS,3532.231551,3484.501532,-47.73001867,0.0333,,,504324a9-e670-487f-a9aa-3d7aba8f3501,,,,,,,
ac9663ba-4e60-4fc9-b860-27f2d060fb7b,ZFM-09044,biased,0.864,PASS,PASS,WARNING,PASS,WARNING,PASS,PASS,PASS,3338.096685,3307.495299,-30.601386,0.0333,,,ac9663ba-4e60-4fc9-b860-27f2d060fb7b,,,,,,,
ec522d84-3e22-4099-941e-95f7c458b9f5,ZFM-09044,biased,0.864,PASS,PASS,WARNING,PASS,WARNING,PASS,PASS,PASS,4541.498052,4485.658832,-55.83921967,0.0333,,,ec522d84-3e22-4099-941e-95f7c458b9f5,,,,,,,
eeda3481-42ea-40b5-8fc5-b93c3d7d43aa,ZFM-09044,biased,0.864,PASS,PASS,WARNING,PASS,WARNING,PASS,PASS,PASS,3153.383342,3115.370432,-38.01290967,0.0333,,,eeda3481-42ea-40b5-8fc5-b93c3d7d43aa,,,,,,,
63ccbff5-1c91-444a-a57d-5ac6ffc1d284,ZFM-09044,biased,0.864,PASS,PASS,WARNING,PASS,WARNING,PASS,PASS,PASS,3500.298605,3461.921266,-38.37733933,0.0333,,,63ccbff5-1c91-444a-a57d-5ac6ffc1d284,,,,,,,
b2c4a08d-0520-4e10-a0a7-65eb96de4943,ZFM-09365,biased,0.864,PASS,PASS,WARNING,PASS,WARNING,PASS,PASS,PASS,2971.623136,2939.830666,-31.79247033,0.0333,,,b2c4a08d-0520-4e10-a0a7-65eb96de4943,,,,,,,
afcdb915-9d07-4b43-937b-84b8d98c8ae8,ZFM-09365,biased,0.864,PASS,PASS,WARNING,PASS,WARNING,PASS,PASS,PASS,4801.722661,4729.105033,-72.61762767,0.0333,,,afcdb915-9d07-4b43-937b-84b8d98c8ae8,,,,,,,
52e441ef-f2f9-41f4-9257-c3ac4a7458a4,CQ001,training,0.864,PASS,PASS,WARNING,PASS,WARNING,PASS,PASS,PASS,2769,2751.1901,-17.8099,0.0333,,,52e441ef-f2f9-41f4-9257-c3ac4a7458a4,,,,,,,
6634808f-c28d-488c-99c9-994df0f6aeda,CQ002,training,0.864,PASS,WARNING,WARNING,PASS,PASS,PASS,PASS,PASS,2898.14,2696.753799,-201.386201,0.0333,,,6634808f-c28d-488c-99c9-994df0f6aeda,,,,,,,
a2aa609f-f4ee-46a9-8b55-d45a1c279ff0,CQ002,training,0.864,PASS,WARNING,WARNING,PASS,PASS,PASS,PASS,PASS,2767.961,2750.036032,-17.92496767,0.0333,,,a2aa609f-f4ee-46a9-8b55-d45a1c279ff0,,,,,,,
7f591b80-44f7-41d1-820e-2a1201674a80,CQ006,training,0.864,PASS,PASS,WARNING,PASS,WARNING,PASS,PASS,PASS,2826.857,2732.329199,-94.527801,0.0333,,,7f591b80-44f7-41d1-820e-2a1201674a80,,,,,,,
2dea0245-3840-45be-871a-e00801b7e803,CQ009,training,0.864,PASS,PASS,WARNING,PASS,WARNING,PASS,PASS,PASS,2750.173,2706.712157,-43.46084342,0.0101,,,2dea0245-3840-45be-871a-e00801b7e803,,,,,,,
ac37c809-ec5b-423c-af30-3597735896d9,CQ009,training,0.864,PASS,PASS,WARNING,PASS,WARNING,PASS,PASS,PASS,2719.181,2696.353967,-22.82703333,0.0333,,,ac37c809-ec5b-423c-af30-3597735896d9,,,,,,,
662b873e-2075-410c-8761-b2f9b50cddcc,CQ009,training,0.864,PASS,WARNING,WARNING,PASS,PASS,PASS,PASS,PASS,3157.192,3127.756431,-29.43556869,0.0101,,,662b873e-2075-410c-8761-b2f9b50cddcc,,,,,,,
ad67a9f1-71a7-41c2-b820-eba4601d291d,CQ009,training,0.864,PASS,WARNING,WARNING,PASS,PASS,PASS,PASS,PASS,3153.312,3013.752304,-139.5596959,0.0101,,,ad67a9f1-71a7-41c2-b820-eba4601d291d,,,,,,,
ce8fb9ad-dd4c-40e7-be3e-544ba00e28c8,CQ009,training,0.864,PASS,WARNING,WARNING,PASS,PASS,PASS,PASS,PASS,3191.658,3012.986921,-178.6710788,0.0101,,,ce8fb9ad-dd4c-40e7-be3e-544ba00e28c8,,,,,,,
1a28dfb6-1acb-4325-874e-b541da54a0af,CQ009,training,0.864,PASS,WARNING,WARNING,PASS,PASS,PASS,PASS,PASS,2904.224,2824.638999,-79.585001,0.0333,,,1a28dfb6-1acb-4325-874e-b541da54a0af,,,,,,,
ebe8318e-041a-4c51-a105-cf8b3ffd8324,CQ009,training,0.864,PASS,PASS,WARNING,PASS,WARNING,PASS,PASS,PASS,3157.939,3108.415399,-49.523601,0.0333,,,ebe8318e-041a-4c51-a105-cf8b3ffd8324,,,,,,,
4a3a2b5f-1513-4a12-9a95-b43388d82f0c,CQ009,training,0.864,PASS,PASS,WARNING,PASS,WARNING,PASS,PASS,PASS,2985.464,2966.144967,-19.31903333,0.0333,,,4a3a2b5f-1513-4a12-9a95-b43388d82f0c,,,,,,,
7a0312bd-46d4-4d13-994f-d91f166de595,CQ011,training,0.864,PASS,PASS,WARNING,PASS,WARNING,PASS,PASS,PASS,2761.844,2625.059033,-136.7849667,0.0333,,,7a0312bd-46d4-4d13-994f-d91f166de595,,,,,,,
b02d4cf4-615c-41cb-9af0-48b9285d79c9,CQ011,training,0.864,PASS,PASS,WARNING,PASS,WARNING,PASS,PASS,PASS,2791.307,2665.920701,-125.386299,0.0333,,,b02d4cf4-615c-41cb-9af0-48b9285d79c9,,,,,,,
efb75f38-d411-4015-adbc-92b774eb68e5,CQ011,training,0.864,PASS,WARNING,WARNING,PASS,PASS,PASS,PASS,PASS,2911.485,2790.309833,-121.1751667,0.0333,,,efb75f38-d411-4015-adbc-92b774eb68e5,,,,,,,
facd22df-8381-459c-a228-0e4cd6ee682a,CQ013,training,0.864,PASS,PASS,WARNING,PASS,WARNING,PASS,PASS,PASS,2860.849,2816.993612,-43.85538788,0.0101,,,facd22df-8381-459c-a228-0e4cd6ee682a,,,,,,,
3675f915-b18e-426d-b42b-943f2a186391,CQ014,training,0.864,PASS,WARNING,WARNING,PASS,PASS,PASS,PASS,PASS,3263.773,3229.563533,-34.20946667,0.0333,,,3675f915-b18e-426d-b42b-943f2a186391,,,,,,,
3ece0b38-850d-4dbf-9541-abca62151bb5,CQ014,training,0.864,PASS,WARNING,WARNING,PASS,PASS,PASS,PASS,PASS,3464,3216.864615,-247.1353848,0.0101,,,3ece0b38-850d-4dbf-9541-abca62151bb5,,,,,,,
d3a3d924-7eaa-4879-b2fd-77fde6978ac2,CQ015,training,0.864,PASS,PASS,WARNING,PASS,WARNING,PASS,PASS,PASS,3121.572,2785.410632,-336.1613677,0.0333,,,d3a3d924-7eaa-4879-b2fd-77fde6978ac2,,,,,,,
b3b87ca9-2075-474b-b925-9fc824de85a5,CQ015,training,0.864,PASS,PASS,WARNING,PASS,WARNING,PASS,PASS,PASS,2048.86,1952.265267,-96.59473333,0.0333,,,b3b87ca9-2075-474b-b925-9fc824de85a5,,,,,,,
c8cbab91-d998-4692-900d-262bd63913bf,CQ015,training,0.864,PASS,WARNING,WARNING,PASS,PASS,PASS,PASS,PASS,3066.812,2897.901367,-168.9106333,0.0333,,,c8cbab91-d998-4692-900d-262bd63913bf,,,,,,,
c1eb5f92-1393-4a01-ae16-92a18675b34e,CQ017,training,0.864,PASS,WARNING,WARNING,PASS,PASS,PASS,PASS,PASS,3154.199,3121.932933,-32.26606667,0.0333,,,c1eb5f92-1393-4a01-ae16-92a18675b34e,,,,,,,
624edbfa-cfb8-4841-a1ce-0be7a620d62f,CQ017,training,0.864,PASS,PASS,WARNING,PASS,WARNING,PASS,PASS,PASS,4328.259,4169.596528,-158.6624717,0.0101,,,624edbfa-cfb8-4841-a1ce-0be7a620d62f,,,,,,,
0b784cf4-d2b5-4ad3-b600-6e244032b9f7,CQ017,training,0.864,PASS,WARNING,WARNING,PASS,PASS,PASS,PASS,PASS,3463.788,3397.894811,-65.89318888,0.0101,,,0b784cf4-d2b5-4ad3-b600-6e244032b9f7,,,,,,,
8a479038-37f7-4a68-866a-01d77fefb09c,CQ017,training,0.864,PASS,WARNING,WARNING,PASS,PASS,PASS,PASS,PASS,2924.815,2884.87202,-39.94297978,0.0101,,,8a479038-37f7-4a68-866a-01d77fefb09c,,,,,,,
f4a9799d-25b9-4a79-9cd2-f89b6b455a4f,ZFM-06948,training,0.864,PASS,PASS,WARNING,PASS,WARNING,PASS,PASS,PASS,3112.094889,3080.478133,-31.61675567,0.0333,,,f4a9799d-25b9-4a79-9cd2-f89b6b455a4f,,,,,,,
2911cd84-2a08-4969-9d7b-8aa6fc2a7781,ZFM-08554,training,0.864,PASS,PASS,WARNING,PASS,WARNING,PASS,PASS,PASS,3110.311206,3075.970667,-34.34053933,0.0333,,,2911cd84-2a08-4969-9d7b-8aa6fc2a7781,,,,,,,
803581ee-e43a-41c1-8f15-26030b7e4923,ZFM-08554,training,0.864,PASS,PASS,WARNING,PASS,WARNING,PASS,PASS,PASS,2842.494854,2809.853732,-32.64112167,0.0333,,,803581ee-e43a-41c1-8f15-26030b7e4923,,,,,,,
0d118e83-1450-4382-9125-5fabc5c31b88,ZFM-08751,training,0.864,PASS,WARNING,WARNING,PASS,PASS,PASS,PASS,PASS,3732,3703.352599,-28.647401,0.0333,,,0d118e83-1450-4382-9125-5fabc5c31b88,,,,,,,
3e9938fa-a1ae-4713-a310-0846786729e9,ZFM-08757,training,0.864,PASS,PASS,WARNING,PASS,WARNING,PASS,PASS,PASS,5451.914029,5426.409966,-25.50406333,0.0333,,,3e9938fa-a1ae-4713-a310-0846786729e9,,,,,,,
d50c9e51-466a-42a3-906a-0ddda1d3a2c6,ZFM-08757,training,0.864,PASS,PASS,WARNING,PASS,WARNING,PASS,PASS,PASS,5520.847639,5488.383498,-32.464141,0.0333,,,d50c9e51-466a-42a3-906a-0ddda1d3a2c6,,,,,,,
a0fb2c28-2e8f-49d7-b1b6-0946bf63afcb,ZFM-08757,training,0.864,PASS,PASS,WARNING,PASS,WARNING,PASS,PASS,PASS,5474.477773,5442.033331,-32.44444167,0.0333,,,a0fb2c28-2e8f-49d7-b1b6-0946bf63afcb,,,,,,,
2f62617a-42a3-45c4-8655-125c30e35ddf,ZFM-08776,training,0.864,PASS,PASS,WARNING,PASS,WARNING,PASS,PASS,PASS,3624.481676,3558.880433,-65.60124267,0.0333,,,2f62617a-42a3-45c4-8655-125c30e35ddf,,,,,,,
eafb531f-9e83-45f6-9344-cebf28c6a1b8,ZFM-08813,training,0.864,PASS,PASS,WARNING,PASS,WARNING,PASS,PASS,PASS,5483.064417,5443.854532,-39.20988467,0.0333,,,eafb531f-9e83-45f6-9344-cebf28c6a1b8,,,,,,,
be48e3e1-ee42-4422-8c0c-b8303c9c5faa,ZFM-08818,training,0.864,PASS,PASS,WARNING,PASS,WARNING,PASS,PASS,PASS,2982.068616,2952.385733,-29.68288267,0.0333,,,be48e3e1-ee42-4422-8c0c-b8303c9c5faa,,,,,,,
dbebb166-0e60-4a47-b95a-7d3aaafd8cf9,ZFM-08818,training,0.864,PASS,PASS,WARNING,PASS,WARNING,PASS,PASS,PASS,2885.823211,2860.439999,-25.383212,0.0333,,,dbebb166-0e60-4a47-b95a-7d3aaafd8cf9,,,,,,,
09e1b131-9726-47d3-92d8-77c3fbe845dc,ZFM-08818,training,0.864,PASS,PASS,WARNING,PASS,WARNING,PASS,PASS,PASS,4053.314139,4013.427699,-39.88644,0.0333,,,09e1b131-9726-47d3-92d8-77c3fbe845dc,,,,,,,
444b1cf1-eca0-44da-964e-3b2af954a82d,ZFM-08827,training,0.864,PASS,PASS,WARNING,PASS,WARNING,PASS,PASS,PASS,3618.760473,3561.744732,-57.01574067,0.0333,,,444b1cf1-eca0-44da-964e-3b2af954a82d,,,,,,,
3ec5f052-4478-4607-ae48-8c099af9a969,ZFM-08827,training,0.864,PASS,PASS,WARNING,PASS,WARNING,PASS,PASS,PASS,3101.130613,3059.539332,-41.59128067,0.0333,,,3ec5f052-4478-4607-ae48-8c099af9a969,,,,,,,
9430fa5f-870c-4652-b9ce-aae1753641f0,ZFM-08827,training,0.864,PASS,PASS,WARNING,PASS,WARNING,PASS,PASS,PASS,3607.34938,3563.780799,-43.568581,0.0333,,,9430fa5f-870c-4652-b9ce-aae1753641f0,,,,,,,
85ad4e7a-5802-4090-87cb-0480242aa63c,ZFM-08827,training,0.864,PASS,PASS,WARNING,PASS,WARNING,PASS,PASS,PASS,3618.124781,3579.867966,-38.25681533,0.0333,,,85ad4e7a-5802-4090-87cb-0480242aa63c,,,,,,,
d735ba9c-04dc-4b13-a96a-c555b6b0840e,ZFM-08827,training,0.864,PASS,PASS,WARNING,PASS,WARNING,PASS,PASS,PASS,4122.976694,4079.581466,-43.39522833,0.0333,,,d735ba9c-04dc-4b13-a96a-c555b6b0840e,,,,,,,
7949e8a8-b244-42b9-861d-426b62845da0,ZFM-08827,training,0.864,PASS,WARNING,WARNING,PASS,PASS,PASS,PASS,PASS,3169.932118,3101.351766,-68.58035233,0.0333,,,7949e8a8-b244-42b9-861d-426b62845da0,,,,,,,
ef1b71a1-0ec9-496c-9bce-df20cf92549a,ZFM-08827,training,0.864,PASS,PASS,WARNING,PASS,WARNING,PASS,PASS,PASS,2963.959637,2890.139932,-73.81970467,0.0333,,,ef1b71a1-0ec9-496c-9bce-df20cf92549a,,,,,,,
dee088ba-2cc1-49b6-9db9-6098c9fb3dae,ZFM-08827,training,0.864,PASS,PASS,WARNING,PASS,WARNING,PASS,PASS,PASS,3172.665459,3093.564532,-79.10092667,0.0333,,,dee088ba-2cc1-49b6-9db9-6098c9fb3dae,,,,,,,
0273f66e-11f4-455f-a9ed-9914ede10662,ZFM-08827,training,0.864,PASS,PASS,WARNING,PASS,WARNING,PASS,PASS,PASS,2908.69418,2839.558432,-69.13574767,0.0333,,,0273f66e-11f4-455f-a9ed-9914ede10662,,,,,,,
872c12bf-e739-402b-887e-65a4ee946af9,ZFM-08828,training,0.864,PASS,PASS,WARNING,PASS,WARNING,PASS,PASS,PASS,3724.027337,3691.604266,-32.42307133,0.0333,,,872c12bf-e739-402b-887e-65a4ee946af9,,,,,,,
881f6dd0-c82c-4fab-b6f8-1ba36a31a30e,ZFM-08828,training,0.864,PASS,PASS,WARNING,PASS,WARNING,PASS,PASS,PASS,4112.633552,4065.357566,-47.27598633,0.0333,,,881f6dd0-c82c-4fab-b6f8-1ba36a31a30e,,,,,,,
01d60409-8d6e-41fc-b508-373d60e81935,ZFM-08828,training,0.864,PASS,PASS,WARNING,PASS,WARNING,PASS,PASS,PASS,3714.525357,3672.879132,-41.64622467,0.0333,,,01d60409-8d6e-41fc-b508-373d60e81935,,,,,,,
5016f540-117e-4954-b096-6d4237186a2a,ZFM-08828,training,0.864,PASS,PASS,WARNING,PASS,WARNING,PASS,PASS,PASS,3916.53379,3871.837133,-44.69665667,0.0333,,,5016f540-117e-4954-b096-6d4237186a2a,,,,,,,
ecb78085-72eb-442b-a200-89dc3c3f0f89,ZFM-08828,training,0.864,PASS,PASS,WARNING,PASS,WARNING,PASS,PASS,PASS,4428.787641,4390.269832,-38.51780867,0.0333,,,ecb78085-72eb-442b-a200-89dc3c3f0f89,,,,,,,
07c94ea7-ab27-4089-8f8c-60f041c9e2f6,ZFM-08828,training,0.864,PASS,PASS,WARNING,PASS,WARNING,PASS,PASS,PASS,4184.312846,4139.193032,-45.11981367,0.0333,,,07c94ea7-ab27-4089-8f8c-60f041c9e2f6,,,,,,,
c165deef-3c26-4de6-996e-c21b8eec37da,ZFM-08828,training,0.864,PASS,PASS,WARNING,PASS,WARNING,PASS,PASS,PASS,3589.052904,3551.425699,-37.627205,0.0333,,,c165deef-3c26-4de6-996e-c21b8eec37da,,,,,,,
c3f82159-4187-45eb-9b51-d627aba29c74,ZFM-08828,training,0.864,PASS,PASS,WARNING,PASS,WARNING,PASS,PASS,PASS,3302.776907,3264.718132,-38.05877467,0.0333,,,c3f82159-4187-45eb-9b51-d627aba29c74,,,,,,,
51cd768c-96cf-446a-82f2-5cf5e5b70807,ZFM-08828,training,0.864,PASS,PASS,WARNING,PASS,WARNING,PASS,PASS,PASS,3064.750468,3027.861366,-36.88910233,0.0333,,,51cd768c-96cf-446a-82f2-5cf5e5b70807,,,,,,,
0ab1b8e6-3834-4f9c-99a2-2efd12890f23,ZFM-08863,training,0.864,PASS,PASS,WARNING,PASS,WARNING,PASS,PASS,PASS,3731.765985,3780.217366,48.45138067,0.0333,,,0ab1b8e6-3834-4f9c-99a2-2efd12890f23,,,,,,,
104d5f49-8107-4069-aa38-fbdde1d3e68e,ZFM-08863,training,0.864,PASS,PASS,WARNING,PASS,WARNING,PASS,PASS,PASS,3975.762889,3476.859792,-498.903097,0.02937504577,,,104d5f49-8107-4069-aa38-fbdde1d3e68e,,,,,,,
533358fc-c1b7-4901-99cc-744bfa3897c2,ZFM-08863,training,0.864,PASS,PASS,WARNING,PASS,WARNING,PASS,PASS,PASS,3642.572981,3596.0624,-46.510581,0.0333,,,533358fc-c1b7-4901-99cc-744bfa3897c2,,,,,,,
08b3f34a-092a-4ffa-831f-9721cbb33d15,ZFM-08863,training,0.864,PASS,PASS,WARNING,PASS,WARNING,PASS,PASS,PASS,3140.70096,3072.073267,-68.62769333,0.0333,,,08b3f34a-092a-4ffa-831f-9721cbb33d15,,,,,,,
a0ab64be-aeb8-4a90-80f6-834e87e85dea,ZFM-08863,training,0.864,PASS,PASS,WARNING,PASS,WARNING,PASS,PASS,PASS,2684.893859,2646.960132,-37.93372667,0.0333,,,a0ab64be-aeb8-4a90-80f6-834e87e85dea,,,,,,,
da5bc310-8d16-4e4a-ac3a-6e4719c27ca0,ZFM-08863,training,0.864,PASS,PASS,WARNING,PASS,WARNING,PASS,PASS,PASS,3188.766343,3160.459932,-28.30641067,0.0333,,,da5bc310-8d16-4e4a-ac3a-6e4719c27ca0,,,,,,,
63b847b4-42b8-4342-baf1-147d5f805930,ZFM-08863,training,0.864,PASS,PASS,WARNING,PASS,WARNING,PASS,PASS,PASS,4184.441533,4091.648299,-92.793234,0.0333,,,63b847b4-42b8-4342-baf1-147d5f805930,,,,,,,
75c10e1a-37b8-45aa-8c42-606299555044,ZFM-09044,training,0.864,PASS,PASS,WARNING,PASS,WARNING,PASS,PASS,PASS,3634.536166,3601.881333,-32.65483267,0.0333,,,75c10e1a-37b8-45aa-8c42-606299555044,,,,,,,
35b7d59e-c653-4436-a8e1-adae0c95189f,ZFM-09044,training,0.864,PASS,PASS,WARNING,PASS,WARNING,PASS,PASS,PASS,2794.985841,2762.322932,-32.66290867,0.0333,,,35b7d59e-c653-4436-a8e1-adae0c95189f,,,,,,,
91699b6d-873c-4eb7-b188-3bd86a9dd5ff,ZFM-09044,training,0.864,PASS,PASS,WARNING,PASS,WARNING,PASS,PASS,PASS,3076.906677,3004.868899,-72.037778,0.0333,,,91699b6d-873c-4eb7-b188-3bd86a9dd5ff,,,,,,,
4e57522c-df73-405a-920e-86ed41d3dce3,ZFM-09044,training,0.864,PASS,PASS,WARNING,PASS,WARNING,PASS,PASS,PASS,3477.06953,3416.125432,-60.94409767,0.0333,,,4e57522c-df73-405a-920e-86ed41d3dce3,,,,,,,
cd7894f3-0b03-49fe-bed1-e2a037bcade9,ZFM-09044,training,0.864,PASS,PASS,WARNING,PASS,WARNING,PASS,PASS,PASS,3297.670975,3236.289466,-61.38150933,0.0333,,,cd7894f3-0b03-49fe-bed1-e2a037bcade9,,,,,,,
afa1c190-84d1-4fba-ad06-e2837045e637,ZFM-09139,training,0.864,PASS,PASS,WARNING,PASS,WARNING,PASS,PASS,PASS,2932.176235,2863.663233,-68.51300167,0.0333,,,afa1c190-84d1-4fba-ad06-e2837045e637,,,,,,,
50436018-4d3a-456d-b527-ebae89113008,ZFM-09139,training,0.864,PASS,PASS,WARNING,PASS,WARNING,PASS,PASS,PASS,3090.497826,3007.209799,-83.288027,0.0333,,,50436018-4d3a-456d-b527-ebae89113008,,,,,,,
c3011284-5a81-4790-b139-8723223336e7,ZFM-09139,training,0.864,PASS,WARNING,WARNING,PASS,PASS,PASS,PASS,PASS,2917.832419,2840.557033,-77.27538567,0.0333,,,c3011284-5a81-4790-b139-8723223336e7,,,,,,,
b5c8c1b6-b5eb-425c-9317-ceb2c5feb068,ZFM-09341,training,0.864,PASS,PASS,WARNING,PASS,WARNING,PASS,PASS,PASS,3682.442179,3629.628866,-52.81331333,0.0333,,,b5c8c1b6-b5eb-425c-9317-ceb2c5feb068,,,,,,,
4d425f5c-7c63-4324-bae0-ec11825f2aa2,ZFM-09341,training,0.864,PASS,PASS,WARNING,PASS,WARNING,PASS,PASS,PASS,3656.61492,3588.032466,-68.58245433,0.0333,,,4d425f5c-7c63-4324-bae0-ec11825f2aa2,,,,,,,
c10bd5e1-50cc-4296-a95f-b4979f0c47ca,ZFM-09341,training,0.864,PASS,PASS,WARNING,PASS,WARNING,PASS,PASS,PASS,3202.666084,3150.169066,-52.49701833,0.0333,,,c10bd5e1-50cc-4296-a95f-b4979f0c47ca,,,,,,,
527743ce-f2cc-4740-bbdf-753ff5ae0b69,ZFM-09341,training,0.864,PASS,PASS,WARNING,PASS,WARNING,PASS,PASS,PASS,3915.322414,3864.870367,-50.45204733,0.0333,,,527743ce-f2cc-4740-bbdf-753ff5ae0b69,,,,,,,
b3b1c9b5-24f6-4b46-abfd-cd0174017456,ZFM-09343,training,0.864,PASS,PASS,WARNING,PASS,WARNING,PASS,PASS,PASS,3717.728703,3688.962315,-28.76638787,0.0323,,,b3b1c9b5-24f6-4b46-abfd-cd0174017456,,,,,,,
a2d38e1c-b4b4-408c-a71f-771b5bfe3733,ZFM-09343,training,0.864,PASS,PASS,WARNING,PASS,WARNING,PASS,PASS,PASS,3134.146189,3088.838199,-45.30799,0.0333,,,a2d38e1c-b4b4-408c-a71f-771b5bfe3733,,,,,,,
fef768cc-5586-4780-8915-ec8e74b19e39,ZFM-09346,training,0.864,PASS,PASS,WARNING,PASS,WARNING,PASS,PASS,PASS,3725.132421,3636.542466,-88.58995533,0.0333,,,fef768cc-5586-4780-8915-ec8e74b19e39,,,,,,,
4d66682e-0620-478b-b49b-8f4bcc9bd1b8,ZFM-09346,training,0.864,PASS,PASS,WARNING,PASS,WARNING,PASS,PASS,PASS,3668.802069,3619.224966,-49.57710333,0.0333,,,4d66682e-0620-478b-b49b-8f4bcc9bd1b8,,,,,,,
400c7aca-2150-4d96-9e05-bb78f90aae76,ZFM-09346,training,0.864,PASS,PASS,WARNING,PASS,WARNING,PASS,PASS,PASS,3147.63507,3105.844933,-41.79013667,0.0333,,,400c7aca-2150-4d96-9e05-bb78f90aae76,,,,,,,
34f057ae-72d3-4a8c-b3d8-c915bf93dd7d,ZFM-09350,training,0.864,PASS,PASS,WARNING,PASS,WARNING,PASS,PASS,PASS,4027.895069,3951.687666,-76.20740333,0.0333,,,34f057ae-72d3-4a8c-b3d8-c915bf93dd7d,,,,,,,
90ed838b-f61d-4a21-a183-04c6b9925b24,ZFM-09350,training,0.864,PASS,PASS,WARNING,PASS,WARNING,PASS,PASS,PASS,5504.728829,5462.479999,-42.24883,0.0333,,,90ed838b-f61d-4a21-a183-04c6b9925b24,,,,,,,
c70e5c75-e23e-4ba4-8161-cc16e45f22a3,ZFM-09350,training,0.864,PASS,PASS,WARNING,PASS,WARNING,PASS,PASS,PASS,3229.043531,3188.105266,-40.93826533,0.0333,,,c70e5c75-e23e-4ba4-8161-cc16e45f22a3,,,,,,,
63b90aee-66ce-49c9-9817-774bc155a3df,ZFM-09350,training,0.864,PASS,PASS,WARNING,PASS,WARNING,PASS,PASS,PASS,3202.68752,3139.952832,-62.73468767,0.0333,,,63b90aee-66ce-49c9-9817-774bc155a3df,,,,,,,
fb34dbcb-4e0d-44a9-a71d-c387acceb21e,ZFM-09350,training,0.864,PASS,PASS,WARNING,PASS,WARNING,PASS,PASS,PASS,4065.22362,4025.300732,-39.92288767,0.0333,,,fb34dbcb-4e0d-44a9-a71d-c387acceb21e,,,,,,,
29c05782-4900-4192-b9ce-366f252f802c,ZFM-09350,training,0.864,PASS,PASS,WARNING,PASS,WARNING,PASS,PASS,PASS,3183.498717,3129.006333,-54.49238367,0.0333,,,29c05782-4900-4192-b9ce-366f252f802c,,,,,,,
c0e01ee7-8a45-46c7-9aa1-aeccef0a85ea,ZFM-09350,training,0.864,PASS,PASS,WARNING,PASS,WARNING,PASS,PASS,PASS,3556.53345,3511.663799,-44.869651,0.0333,,,c0e01ee7-8a45-46c7-9aa1-aeccef0a85ea,,,,,,,
8071cf61-ddd3-4af9-8828-7e30f364ccb6,ZFM-09365,training,0.864,PASS,PASS,WARNING,PASS,WARNING,PASS,PASS,PASS,3711.210622,3671.125632,-40.08498967,0.0333,,,8071cf61-ddd3-4af9-8828-7e30f364ccb6,,,,,,,
81e1366a-a849-4916-b08c-7ea5b9b3e50f,ZFM-09365,training,0.864,PASS,PASS,WARNING,PASS,WARNING,PASS,PASS,PASS,3693.671935,3636.883433,-56.78850167,0.0333,,,81e1366a-a849-4916-b08c-7ea5b9b3e50f,,,,,,,
b4d9c2cc-4cf4-4340-afbe-55c8acbe62d2,ZFM-09365,training,0.864,PASS,PASS,WARNING,PASS,WARNING,PASS,PASS,PASS,3696.288884,3646.300733,-49.98815067,0.0333,,,b4d9c2cc-4cf4-4340-afbe-55c8acbe62d2,,,,,,,
53570cd2-44e3-4018-b6a9-2fca4cc06ebf,ZFM-09365,training,0.864,PASS,PASS,WARNING,PASS,WARNING,PASS,PASS,PASS,3664.845039,3625.802032,-39.04300667,0.0333,,,53570cd2-44e3-4018-b6a9-2fca4cc06ebf,,,,,,,
26783c67-5268-4020-b74f-d4a31caadb8c,ZFM-09365,training,0.864,PASS,PASS,WARNING,PASS,WARNING,PASS,PASS,PASS,2821.247218,2775.998866,-45.24835233,0.0333,,,26783c67-5268-4020-b74f-d4a31caadb8c,,,,,,,
5635b259-3e24-448f-af23-be17624a1b70,ZFM-09365,training,0.864,PASS,PASS,WARNING,PASS,WARNING,PASS,PASS,PASS,3651.866858,3602.209366,-49.65749233,0.0333,,,5635b259-3e24-448f-af23-be17624a1b70,,,,,,,
587d0142-d4f2-4f5f-aa71-ac16a967a666,ZFM-09365,training,0.864,PASS,PASS,WARNING,PASS,WARNING,PASS,PASS,PASS,3651.122475,3608.730799,-42.391676,0.0333,,,587d0142-d4f2-4f5f-aa71-ac16a967a666,,,,,,,
21494047-78d3-43a8-a08b-ae86b263ac99,ZFM-09365,training,0.864,PASS,PASS,WARNING,PASS,WARNING,PASS,PASS,PASS,3619.794637,3562.209266,-57.58537133,0.0333,,,21494047-78d3-43a8-a08b-ae86b263ac99,,,,,,,
917b99ef-a85f-43be-83cb-b46452172bdd,ZFM-09365,training,0.864,PASS,PASS,WARNING,PASS,WARNING,PASS,PASS,PASS,4686.70111,4639.634832,-47.06627767,0.0333,,,917b99ef-a85f-43be-83cb-b46452172bdd,,,,,,,
70edb64c-04ea-40a1-82fd-07176c36674d,ZFM-09365,training,0.864,PASS,PASS,WARNING,PASS,WARNING,PASS,PASS,PASS,5127.680232,5084.486899,-43.193333,0.0333,,,70edb64c-04ea-40a1-82fd-07176c36674d,,,,,,,
ba701a9d-6968-40d7-a17c-01d9214a64cb,ZFM-09365,training,0.864,PASS,PASS,WARNING,PASS,WARNING,PASS,PASS,PASS,3689.555208,3639.083366,-50.47184233,0.0333,,,ba701a9d-6968-40d7-a17c-01d9214a64cb,,,,,,,
dbdbb7fa-87c3-40c9-b6f4-fcf4cf605aa8,ZFM-09377,training,0.864,PASS,PASS,WARNING,PASS,WARNING,PASS,PASS,PASS,3670.431552,3629.695332,-40.73621967,0.0333,,,dbdbb7fa-87c3-40c9-b6f4-fcf4cf605aa8,,,,,,,
1753bf62-e474-4f0b-a9d8-c70aa020419d,ZFM-09394,training,0.864,PASS,PASS,WARNING,PASS,WARNING,PASS,PASS,PASS,2927.310426,2835.9367,-91.373726,0.0333,,,1753bf62-e474-4f0b-a9d8-c70aa020419d,,,,,,,
b26a861f-176b-4ce8-9a09-9afda45a36ea,ZFM-09394,training,0.864,PASS,PASS,WARNING,PASS,WARNING,PASS,PASS,PASS,3096.031021,3051.008567,-45.02245433,0.0333,,,b26a861f-176b-4ce8-9a09-9afda45a36ea,,,,,,,
60463bc3-efa2-44d1-bd9e-51841b491ebe,ZFM-08652,training,0.83,PASS,WARNING,WARNING,PASS,NOT_SET,PASS,PASS,PASS,3687.342361,3653.358567,-33.98379433,0.0333,,,60463bc3-efa2-44d1-bd9e-51841b491ebe,,,,,,,
5ec121b7-f04f-4726-8f56-9409e1c2b299,ZFM-08652,ephys,0.8,PASS,PASS,FAIL,PASS,PASS,PASS,PASS,PASS,2873.829449,2844.991432,-28.83801667,0.0333,,,5ec121b7-f04f-4726-8f56-9409e1c2b299,,,,,,,
d3b1eae9-7b19-4d09-9560-23092cce572c,ZFM-08652,ephys,0.8,PASS,PASS,FAIL,PASS,PASS,PASS,PASS,PASS,4010.852945,3966.697266,-44.15567933,0.0333,Complete,PASS,d3b1eae9-7b19-4d09-9560-23092cce572c,,,,,,,
2b149745-024c-4eee-bf90-69fb9c287ac2,ZFM-08652,ephys,0.8,PASS,PASS,FAIL,PASS,PASS,PASS,PASS,PASS,3740.400134,3697.283132,-43.11700167,0.0333,,,2b149745-024c-4eee-bf90-69fb9c287ac2,,,,,,,
a06c142a-9b90-4639-a66e-0ed464eeb476,ZFM-08652,ephys,0.8,PASS,PASS,FAIL,PASS,PASS,PASS,PASS,PASS,4096.372711,4026.163466,-70.20924533,0.0333,Complete,PASS,a06c142a-9b90-4639-a66e-0ed464eeb476,,,,,,,grooming
d31030e9-9158-421c-b953-14d8ff63f5eb,ZFM-08813,ephys,0.8,PASS,PASS,FAIL,PASS,PASS,PASS,PASS,PASS,2862.769316,2831.257632,-31.51168367,0.0333,,,d31030e9-9158-421c-b953-14d8ff63f5eb,,,,,,,
bff3ba86-e4be-4b6b-a0ed-056263859c00,ZFM-03059,biased,0.8,FAIL,PASS,PASS,PASS,PASS,PASS,PASS,PASS,5396.856,5448.262098,51.406098,0.0333,,,bff3ba86-e4be-4b6b-a0ed-056263859c00,,,,,,,
9912dee3-f3ef-4767-8c0d-cb9fd2bfcf34,ZFM-03447,biased,0.8,FAIL,PASS,PASS,PASS,PASS,PASS,PASS,PASS,3400.132001,3417.723532,17.59153133,0.0333,Complete,PASS,9912dee3-f3ef-4767-8c0d-cb9fd2bfcf34,,probably timestamps,,,,,timestamps?
537a23f7-c243-4f38-9783-3bcb77b09212,ZFM-03447,biased,0.8,FAIL,PASS,PASS,PASS,PASS,PASS,PASS,PASS,5076.357701,5103.621766,27.26406467,0.0333,,,537a23f7-c243-4f38-9783-3bcb77b09212,,,,,,,
cb2aa02b-3b0a-4c20-bc00-e77b89db4227,ZFM-03447,biased,0.8,FAIL,PASS,PASS,PASS,PASS,PASS,PASS,PASS,2947.980002,2953.6729,5.692898,0.0333,,,cb2aa02b-3b0a-4c20-bc00-e77b89db4227,,,,,,,
b3d084fd-d14a-465d-85b5-6e42ab6bdf89,ZFM-04019,biased,0.8,PASS,PASS,FAIL,PASS,PASS,PASS,PASS,PASS,5025.830601,5044.781231,18.95063033,0.0333,,,b3d084fd-d14a-465d-85b5-6e42ab6bdf89,,,,,,,
25ed7186-3d32-448c-9fc3-0260b4fd067b,ZFM-04019,biased,0.8,PASS,PASS,FAIL,PASS,PASS,PASS,PASS,PASS,4043.419101,4060.354632,16.93553133,0.0333,,,25ed7186-3d32-448c-9fc3-0260b4fd067b,,,,,,,
80538c8c-82e9-4941-9b9f-2a5c7a10b3a2,ZFM-04019,biased,0.8,PASS,PASS,FAIL,PASS,PASS,PASS,PASS,PASS,4359.564202,4376.493232,16.92903033,0.0333,,,80538c8c-82e9-4941-9b9f-2a5c7a10b3a2,,,,,,,
291e25f7-b35f-4d11-815f-1429127059d4,ZFM-04019,biased,0.8,FAIL,PASS,PASS,PASS,PASS,PASS,PASS,PASS,6059.145401,6073.720932,14.57553133,0.0333,Complete,PASS,291e25f7-b35f-4d11-815f-1429127059d4,,,,,,,(paws on spout)
26e1b376-61dd-4d64-b0ab-ac4e6b8b9385,ZFM-04019,biased,0.8,FAIL,PASS,PASS,PASS,PASS,PASS,PASS,PASS,5374.376302,5303.239899,-71.136403,0.0333,Complete,PASS,26e1b376-61dd-4d64-b0ab-ac4e6b8b9385,,,,,,,"ValueError: setting an array element with a sequence. The requested array has an inhomogeneous shape after 1 dimensions. The detected shape was (756,) + inhomogeneous part.; 4 plots missing; bad plots for the licks"
81a244b4-66cc-4c5b-a29e-8fbfc0604892,ZFM-04019,biased,0.8,FAIL,PASS,PASS,PASS,PASS,PASS,PASS,PASS,5053.754801,5072.306799,18.551998,0.0333,,,81a244b4-66cc-4c5b-a29e-8fbfc0604892,,,,,,,
c2c1b03e-af97-4c48-9b33-f9dbaee816b0,ZFM-04019,biased,0.8,FAIL,PASS,PASS,PASS,PASS,PASS,PASS,PASS,3686.344201,3704.461067,18.11686567,0.0333,,,c2c1b03e-af97-4c48-9b33-f9dbaee816b0,,,,,,,
87e9e311-4c76-422d-aba2-7004dd749117,ZFM-04019,biased,0.8,FAIL,PASS,PASS,PASS,PASS,PASS,PASS,PASS,,6203.670766,,0.0333,,,,,,,,,,
cb626478-5372-48c2-803f-0d1ac8255564,ZFM-04019,biased,0.8,FAIL,PASS,PASS,PASS,PASS,PASS,PASS,PASS,3852.104502,3853.9105,1.805998,0.0333,,,cb626478-5372-48c2-803f-0d1ac8255564,,,,,,,
8f62399f-e198-47d7-9bec-1d6e475ffc46,ZFM-04022,biased,0.8,FAIL,PASS,PASS,PASS,PASS,PASS,PASS,PASS,4808.440501,4844.600999,36.160498,0.0333,,,8f62399f-e198-47d7-9bec-1d6e475ffc46,,,,,,,
5a4cd1ef-d734-4f27-a23b-61229e8f3593,ZFM-04026,biased,0.8,FAIL,PASS,PASS,PASS,PASS,PASS,PASS,PASS,3801.631402,3804.624133,2.992731333,0.0333,,,5a4cd1ef-d734-4f27-a23b-61229e8f3593,,,,,,,
91ffdde6-b175-4ae0-ad18-0f6ec19405e5,ZFM-04026,biased,0.8,FAIL,PASS,PASS,PASS,PASS,PASS,PASS,PASS,4288.910702,4290.703099,1.792397,0.0333,,,91ffdde6-b175-4ae0-ad18-0f6ec19405e5,,,,,,,
0ffc12d9-6d44-443d-8e6b-2c1339b654fb,ZFM-04026,biased,0.8,FAIL,PASS,PASS,PASS,PASS,PASS,PASS,PASS,3620.7403,3623.092865,2.352564667,0.0333,,,0ffc12d9-6d44-443d-8e6b-2c1339b654fb,,,,,,,
4bd1973d-8d44-4843-85dd-d672ed2a3329,ZFM-04026,biased,0.8,FAIL,PASS,PASS,PASS,PASS,PASS,PASS,PASS,6143.8365,6143.577898,-0.258602,0.0333,,,4bd1973d-8d44-4843-85dd-d672ed2a3329,,,,,,,
47fdea29-9505-4a41-892e-d1c15973c684,ZFM-04026,biased,0.8,FAIL,PASS,PASS,PASS,PASS,PASS,PASS,PASS,3043.725202,3067.526633,23.80143133,0.0333,,,47fdea29-9505-4a41-892e-d1c15973c684,,,,,,,
e42f7261-aef4-45e9-8e73-030f26e39ceb,ZFM-04026,biased,0.8,FAIL,PASS,PASS,PASS,PASS,PASS,PASS,PASS,4619.9058,4669.173299,49.267499,0.0333,Complete,PASS,e42f7261-aef4-45e9-8e73-030f26e39ceb,,,,,,,heavy licks
88bb41d1-142e-446d-a32a-c21577007c4e,ZFM-04392,biased,0.8,FAIL,PASS,PASS,PASS,PASS,PASS,PASS,PASS,,4131.9734,,0.0334,,,,,,,,,,
9818d32b-a108-4e6d-a0d0-2ee267003f1e,ZFM-04533,biased,0.8,FAIL,PASS,PASS,PASS,PASS,PASS,PASS,PASS,3577.530802,3592.5952,15.064398,0.0333,,,9818d32b-a108-4e6d-a0d0-2ee267003f1e,,,,,,,
5f55f76c-8be1-4443-aac1-403969ad3b38,ZFM-04533,biased,0.8,FAIL,PASS,PASS,PASS,PASS,PASS,PASS,PASS,2960.292102,2971.296067,11.00396467,0.0333,,,5f55f76c-8be1-4443-aac1-403969ad3b38,,,,,,,
ab67b581-3c52-479a-b6ff-529112d2e052,ZFM-04534,biased,0.8,FAIL,PASS,PASS,PASS,PASS,PASS,PASS,PASS,3861.339301,3867.173299,5.833998,0.0334,,,ab67b581-3c52-479a-b6ff-529112d2e052,,,,,,,
5a5c239d-2916-46de-ba8e-4d066a5b2ce7,ZFM-08652,biased,0.8,PASS,PASS,FAIL,PASS,PASS,PASS,PASS,PASS,5454.46974,5421.793632,-32.67610767,0.0333,,,5a5c239d-2916-46de-ba8e-4d066a5b2ce7,,,,,,,
fb693a13-f849-4151-adbc-d64b122e8b4f,ZFM-08652,biased,0.8,PASS,PASS,FAIL,PASS,PASS,PASS,PASS,PASS,3893.11264,3861.582699,-31.529941,0.0333,,,fb693a13-f849-4151-adbc-d64b122e8b4f,,,,,,,
fb6371fa-6738-4026-8c40-3b8ae22c8a11,ZFM-08871,biased,0.8,PASS,PASS,FAIL,PASS,PASS,PASS,PASS,PASS,3159.815943,3115.793967,-44.02197633,0.0333,,,fb6371fa-6738-4026-8c40-3b8ae22c8a11,,,,,,,
6017291d-3452-4658-9a01-7e836e37169c,ZFM-08871,biased,0.8,PASS,PASS,FAIL,PASS,PASS,PASS,PASS,PASS,4857.677568,4785.689166,-71.98840233,0.0333,,,6017291d-3452-4658-9a01-7e836e37169c,,,,,,,
fa7a10fa-084b-462d-b71b-d8508ea80e27,ZFM-08871,biased,0.8,PASS,PASS,FAIL,PASS,PASS,PASS,PASS,PASS,3526.483431,3464.507366,-61.97606533,0.0333,,,fa7a10fa-084b-462d-b71b-d8508ea80e27,,,,,,,
7bfcd50e-08af-4516-a25c-e2c8009ad5fc,ZFM-08871,biased,0.8,PASS,PASS,FAIL,PASS,PASS,PASS,PASS,PASS,4217.694015,4173.348966,-44.34504933,0.0333,,,7bfcd50e-08af-4516-a25c-e2c8009ad5fc,,,,,,,
b547022b-b42e-4d95-9367-7afc1325abcf,ZFM-08871,biased,0.8,PASS,PASS,FAIL,PASS,PASS,PASS,PASS,PASS,3564.852404,3520.013799,-44.838605,0.0333,,,b547022b-b42e-4d95-9367-7afc1325abcf,,,,,,,
a0f65ee7-f813-4cad-8121-1f9cb8476c3b,ZFM-08871,biased,0.8,PASS,PASS,FAIL,PASS,PASS,PASS,PASS,PASS,3448.834657,3404.907732,-43.92692467,0.0333,,,a0f65ee7-f813-4cad-8121-1f9cb8476c3b,,,,,,,
10884a39-9caf-43af-a99e-246a33b40d2d,ZFM-08871,biased,0.8,PASS,PASS,FAIL,PASS,PASS,PASS,PASS,PASS,3048.935817,2970.038967,-78.89685033,0.0333,,,10884a39-9caf-43af-a99e-246a33b40d2d,,,,,,,
a60531cd-e1e8-4b3b-b4d9-94b76ccc69c2,ZFM-08871,biased,0.8,PASS,PASS,FAIL,PASS,PASS,PASS,PASS,PASS,3774.080486,3710.227732,-63.85275367,0.0333,,,a60531cd-e1e8-4b3b-b4d9-94b76ccc69c2,,,,,,,
cfdd1ff2-54de-48e3-b0d1-ee19efff980a,ZFM-08871,biased,0.8,PASS,PASS,FAIL,PASS,PASS,PASS,PASS,PASS,4090.106623,4019.108299,-70.998324,0.0333,,,cfdd1ff2-54de-48e3-b0d1-ee19efff980a,,,,,,,
26d93d1d-97f1-40f0-b84c-28229135f6fa,ZFM-09044,biased,0.8,PASS,PASS,FAIL,PASS,PASS,PASS,PASS,PASS,3423.092074,3341.632967,-81.45910733,0.0333,,,26d93d1d-97f1-40f0-b84c-28229135f6fa,,,,,,,
f8e1a5c6-6664-455e-8a0a-659ec081b7d2,ZFM-09044,biased,0.8,PASS,PASS,FAIL,PASS,PASS,PASS,PASS,PASS,3173.510912,3131.516766,-41.99414633,0.0333,,,f8e1a5c6-6664-455e-8a0a-659ec081b7d2,,,,,,,
d05aab67-9158-4d6d-a024-fc33d6786980,ZFM-09044,biased,0.8,PASS,PASS,FAIL,PASS,PASS,PASS,PASS,PASS,3523.781781,3430.744132,-93.03764867,0.0333,,,d05aab67-9158-4d6d-a024-fc33d6786980,,,,,,,
c15cd7d7-868c-4025-98c6-3ed0e58a91b0,ZFM-09044,biased,0.8,PASS,PASS,FAIL,PASS,PASS,PASS,PASS,PASS,3067.904211,3016.591632,-51.31257867,0.0333,,,c15cd7d7-868c-4025-98c6-3ed0e58a91b0,,,,,,,
868ea31a-7e13-47fc-8818-7ac95a5603bf,ZFM-09044,biased,0.8,PASS,PASS,FAIL,PASS,PASS,PASS,PASS,PASS,4235.977373,4164.514366,-71.46300733,0.0333,,,868ea31a-7e13-47fc-8818-7ac95a5603bf,,,,,,,
d93cc3fc-cc1b-405b-a59c-8e58fd825c77,ZFM-09044,biased,0.8,PASS,PASS,FAIL,PASS,PASS,PASS,PASS,PASS,4079.017616,4049.952066,-29.06555033,0.0333,,,d93cc3fc-cc1b-405b-a59c-8e58fd825c77,,,,,,,
bb8f916a-dc47-476c-b016-421450e29f85,ZFM-09044,biased,0.8,PASS,PASS,FAIL,PASS,PASS,PASS,PASS,PASS,3837.022678,3805.242066,-31.78061233,0.0333,,,bb8f916a-dc47-476c-b016-421450e29f85,,,,,,,
732d928a-eb3a-466a-b30e-d59b27024233,ZFM-09044,biased,0.8,PASS,PASS,FAIL,PASS,PASS,PASS,PASS,PASS,4109.715335,4012.788832,-96.92650267,0.0333,,,732d928a-eb3a-466a-b30e-d59b27024233,,,,,,,
b43d3302-a4d7-4e7d-8fb1-acc8eb992355,ZFM-09044,biased,0.8,PASS,PASS,FAIL,PASS,PASS,PASS,PASS,PASS,4443.731775,4405.897866,-37.83390933,0.0333,,,b43d3302-a4d7-4e7d-8fb1-acc8eb992355,,,,,,,
744622c9-1e68-464a-ab3d-fd492587da0f,ZFM-09044,biased,0.8,PASS,PASS,FAIL,PASS,PASS,PASS,PASS,PASS,3088.560887,3050.563599,-37.997288,0.0333,,,744622c9-1e68-464a-ab3d-fd492587da0f,,,,,,,
eb11e386-79e7-4df7-a265-2c3f699367b5,ZFM-09044,biased,0.8,PASS,PASS,FAIL,PASS,PASS,PASS,PASS,PASS,4904.085627,4858.085266,-46.00036133,0.0333,,,eb11e386-79e7-4df7-a265-2c3f699367b5,,,,,,,
54a09a20-7a65-49cc-a5bf-282bf5a07e74,ZFM-09139,biased,0.8,PASS,PASS,FAIL,PASS,PASS,PASS,PASS,PASS,2848.605084,2806.414633,-42.19045067,0.0333,,,54a09a20-7a65-49cc-a5bf-282bf5a07e74,,,,,,,
3252547c-076b-437a-9757-fa7f9e798d2a,ZFM-09139,biased,0.8,PASS,PASS,FAIL,PASS,PASS,PASS,PASS,PASS,3173.922461,3032.633466,-141.2889953,0.0333,,,3252547c-076b-437a-9757-fa7f9e798d2a,,,,,,,
7b554dd9-af68-4adf-8337-adee56f800ff,ZFM-09139,biased,0.8,PASS,PASS,FAIL,PASS,PASS,PASS,PASS,PASS,3018.605362,2976.361533,-42.24382867,0.0333,,,7b554dd9-af68-4adf-8337-adee56f800ff,,,,,,,
e60e660f-f414-455a-a539-e4c14a6de834,ZFM-09365,biased,0.8,PASS,PASS,FAIL,PASS,PASS,PASS,PASS,PASS,5538.682971,5475.394365,-63.28860633,0.0333,,,e60e660f-f414-455a-a539-e4c14a6de834,,,,,,,
a232e4e0-9525-46b0-a078-36c12e82bb9f,ZFM-09365,biased,0.8,PASS,PASS,FAIL,PASS,PASS,PASS,PASS,PASS,3565.191096,3532.458566,-32.73253033,0.0333,,,a232e4e0-9525-46b0-a078-36c12e82bb9f,,,,,,,
eb197d3e-1fd4-4716-8bc5-6a99fbd798c0,ZFM-09365,biased,0.8,PASS,PASS,FAIL,PASS,PASS,PASS,PASS,PASS,3285.796509,3248.416032,-37.38047667,0.0333,,,eb197d3e-1fd4-4716-8bc5-6a99fbd798c0,,,,,,,
3f9f43c5-5fa3-4a9d-a8b8-7b2410336a26,ZFM-09365,biased,0.8,PASS,PASS,FAIL,PASS,PASS,PASS,PASS,PASS,3720.103884,3684.720532,-35.38335167,0.0333,,,3f9f43c5-5fa3-4a9d-a8b8-7b2410336a26,,,,,,,
f287940e-1dec-4cbb-92af-9ad3b9461725,ZFM-09365,biased,0.8,PASS,PASS,FAIL,PASS,PASS,PASS,PASS,PASS,3012.231016,2981.359133,-30.87188267,0.0333,,,f287940e-1dec-4cbb-92af-9ad3b9461725,,,,,,,
13683321-9573-49e9-9156-597794a5f4b3,ZFM-09394,biased,0.8,PASS,PASS,FAIL,PASS,PASS,PASS,PASS,PASS,3950.788581,3905.069266,-45.71931533,0.0333,,,13683321-9573-49e9-9156-597794a5f4b3,,,,,,,
0d7c4914-034c-46d5-bf16-63974a7d9eb1,ZFM-09394,biased,0.8,PASS,PASS,FAIL,PASS,PASS,PASS,PASS,PASS,3353.508737,3315.635832,-37.87290467,0.0333,,,0d7c4914-034c-46d5-bf16-63974a7d9eb1,,,,,,,
ef16fcb2-0b37-4241-a508-2daf110aa53e,ZFM-09394,biased,0.8,PASS,PASS,FAIL,PASS,PASS,PASS,PASS,PASS,3132.304984,3095.535099,-36.769885,0.0333,,,ef16fcb2-0b37-4241-a508-2daf110aa53e,,,,,,,
7c3d98d2-88d1-42b2-8064-9eeadeb886d9,ZFM-09439,biased,0.8,PASS,PASS,FAIL,PASS,PASS,PASS,PASS,PASS,3728.757516,3695.388132,-33.36938367,0.0333,,,7c3d98d2-88d1-42b2-8064-9eeadeb886d9,,,,,,,
dce298de-715a-406d-bb6f-55d5ca7cb7df,ZFM-09439,biased,0.8,PASS,PASS,FAIL,PASS,PASS,PASS,PASS,PASS,3956.351639,3921.308732,-35.04290667,0.0333,,,dce298de-715a-406d-bb6f-55d5ca7cb7df,,,,,,,
731ce568-70e1-4b9a-a30d-258c99f3a733,CQ006,training,0.8,PASS,PASS,FAIL,PASS,PASS,PASS,PASS,PASS,2825.158,2607.3415,-217.8165,0.0333,,,731ce568-70e1-4b9a-a30d-258c99f3a733,,,,,,,
adc9515f-00f8-4537-bf83-5ae92b18c25f,ZFM-03447,training,0.8,FAIL,PASS,PASS,PASS,PASS,PASS,PASS,PASS,2829.309002,2812.9614,-16.347602,0.0333,Complete,PASS,adc9515f-00f8-4537-bf83-5ae92b18c25f,,probably timestamps,,,,,timestamps?
de0a6123-6cdd-415d-a80d-8aef333173cb,ZFM-03447,training,0.8,FAIL,PASS,PASS,PASS,PASS,PASS,PASS,PASS,5391.159601,5429.933599,38.773998,0.0333,,,de0a6123-6cdd-415d-a80d-8aef333173cb,,,,,,,
21d0fe60-f6da-429d-ab90-30345b2fdec3,ZFM-03447,training,0.8,FAIL,PASS,PASS,PASS,PASS,PASS,PASS,PASS,2966.077301,2965.055132,-1.022168667,0.0333,,,21d0fe60-f6da-429d-ab90-30345b2fdec3,,,,,,,
1188cf92-e377-414b-a261-722f407e5c0d,ZFM-03447,training,0.8,FAIL,PASS,PASS,PASS,PASS,PASS,PASS,PASS,4063.946001,4062.916999,-1.029002,0.0333,,,1188cf92-e377-414b-a261-722f407e5c0d,,,,,,,
609c1d6b-efcb-4027-8609-23c6f597ed5a,ZFM-03447,training,0.8,FAIL,PASS,PASS,PASS,PASS,PASS,PASS,PASS,3305.796301,3321.577399,15.781098,0.0333,,,609c1d6b-efcb-4027-8609-23c6f597ed5a,,,,,,,
9fa78eec-5b00-4050-b83c-059b89f7e46d,ZFM-03448,training,0.8,PASS,PASS,FAIL,PASS,PASS,PASS,PASS,PASS,2713.851602,2713.684567,-0.1670353333,0.0333,,,9fa78eec-5b00-4050-b83c-059b89f7e46d,,,,,,,
9b77e235-e9c3-4a11-a8fb-f7d5b436f023,ZFM-03448,training,0.8,FAIL,PASS,PASS,PASS,PASS,PASS,PASS,PASS,5074.566501,5064.285799,-10.280702,0.0333,,,9b77e235-e9c3-4a11-a8fb-f7d5b436f023,,,,,,,
9885a174-af09-411c-a2ec-04dd727dcdd2,ZFM-03448,training,0.8,FAIL,PASS,PASS,PASS,PASS,PASS,PASS,PASS,3052.873601,3059.814931,6.941330333,0.0333,,,9885a174-af09-411c-a2ec-04dd727dcdd2,,,,,,,
80b47579-d12f-48d5-86d4-6bac64932be4,ZFM-03448,training,0.8,FAIL,PASS,PASS,PASS,PASS,PASS,PASS,PASS,4047.258101,4051.282666,4.024564667,0.0333,,,80b47579-d12f-48d5-86d4-6bac64932be4,,,,,,,
a66fee66-c95f-44e3-90bc-ebf383708e83,ZFM-03448,training,0.8,FAIL,PASS,PASS,PASS,PASS,PASS,PASS,PASS,3171.219801,3188.813098,17.593297,0.0333,,,a66fee66-c95f-44e3-90bc-ebf383708e83,,,,,,,
335722e8-0f99-4ec4-883b-44164c5509b4,ZFM-03448,training,0.8,FAIL,PASS,PASS,PASS,PASS,PASS,PASS,PASS,3547.837801,3548.116498,0.278697,0.0333,,,335722e8-0f99-4ec4-883b-44164c5509b4,,,,,,,
1b54177a-d6d2-41e5-867b-ee9a63f6d5a7,ZFM-03450,training,0.8,PASS,PASS,FAIL,PASS,PASS,PASS,PASS,PASS,,3095.494432,,0.0333,,,,,,,,,,
0717df63-aa43-479b-aa59-202e10f30e3f,ZFM-03450,training,0.8,PASS,PASS,FAIL,PASS,PASS,PASS,PASS,PASS,,2822.736506,,0.0333,,,,,,,,,,
bdfdec12-fa65-4cca-ab1f-c6f8c94ec204,ZFM-03450,training,0.8,PASS,PASS,FAIL,PASS,PASS,PASS,PASS,PASS,,2836.471899,,0.0333,,,,,,,,,,
4e204864-ce6c-42af-a422-26ce09f9ce3f,ZFM-03450,training,0.8,FAIL,PASS,PASS,PASS,PASS,PASS,PASS,PASS,,3819.462599,,0.0333,,,,,,,,,,
59dada8a-a1c2-4ab5-bc10-b1baefcaaeaa,ZFM-04019,training,0.8,FAIL,PASS,PASS,PASS,PASS,PASS,PASS,PASS,3000.950802,3007.7273,6.776498,0.0333,,,59dada8a-a1c2-4ab5-bc10-b1baefcaaeaa,,,,,,,
4475c850-42b2-4a13-9e06-3ec5eda13e70,ZFM-04019,training,0.8,FAIL,PASS,PASS,PASS,PASS,PASS,PASS,PASS,4579.6363,4618.925465,39.28916467,0.0333,,,4475c850-42b2-4a13-9e06-3ec5eda13e70,,,,,,,
0ac3c24a-e379-4a3a-bafb-bad6c91dd2af,ZFM-04022,training,0.8,FAIL,PASS,PASS,PASS,PASS,PASS,PASS,PASS,4443.057702,4445.869199,2.811497,0.0333,,,0ac3c24a-e379-4a3a-bafb-bad6c91dd2af,,,,,,,
b7ccd1d1-e7e3-438e-ad21-3297d8d9aade,ZFM-04026,training,0.8,PASS,PASS,FAIL,PASS,PASS,PASS,PASS,PASS,4208.072902,4250.712033,42.63913133,0.0333,,,b7ccd1d1-e7e3-438e-ad21-3297d8d9aade,,,,,,,
1e55979c-0c8c-4ccf-aa5b-f8d5090bac55,ZFM-04026,training,0.8,PASS,PASS,FAIL,PASS,PASS,PASS,PASS,PASS,3016.961402,3019.267366,2.305963667,0.0333,,,1e55979c-0c8c-4ccf-aa5b-f8d5090bac55,,,,,,,
49d34b4d-4271-4028-a3f0-d7d25d22b3b1,ZFM-04026,training,0.8,FAIL,PASS,PASS,PASS,PASS,PASS,PASS,PASS,3724.331602,3736.053433,11.72183133,0.0333,,,49d34b4d-4271-4028-a3f0-d7d25d22b3b1,,,,,,,
fd342302-6178-4509-8b04-4feb8e81cdb4,ZFM-04392,training,0.8,PASS,PASS,FAIL,PASS,PASS,PASS,PASS,PASS,,3117.470366,,0.0333,,,,,,,,,,
5f4da8bb-9315-494b-a438-7be28e29cfac,ZFM-04392,training,0.8,PASS,PASS,FAIL,PASS,PASS,PASS,PASS,PASS,,3931.626032,,0.0333,,,,,,,,,,
65047bce-2adf-4769-b1ad-c55418fa0269,ZFM-04392,training,0.8,FAIL,PASS,PASS,PASS,PASS,PASS,PASS,PASS,,4235.892532,,0.0333,,,,,,,,,,
97457fb3-bbfa-4567-bb78-f145b3fef81c,ZFM-04392,training,0.8,FAIL,PASS,PASS,PASS,PASS,PASS,PASS,PASS,,3013.522432,,0.03340712296,,,,,,,,,,
c92b71f7-010d-40ca-85f9-13a86d024c00,ZFM-04392,training,0.8,FAIL,PASS,PASS,PASS,PASS,PASS,PASS,PASS,,3974.5309,,0.0334,,,,,,,,,,
a7cce7cd-ed48-4e6b-b3cb-47d760349ddf,ZFM-04533,training,0.8,FAIL,PASS,PASS,PASS,PASS,PASS,PASS,PASS,4231.304201,4231.004399,-0.299802,0.0333,,,a7cce7cd-ed48-4e6b-b3cb-47d760349ddf,,,,,,,
468724e0-671f-4429-993a-f136c29fc8ea,ZFM-04533,training,0.8,FAIL,PASS,PASS,PASS,PASS,PASS,PASS,PASS,2352.982701,2357.381799,4.399098,0.0333,,,468724e0-671f-4429-993a-f136c29fc8ea,,,,,,,
b242a32b-8667-4d70-b193-58798b21f303,ZFM-04534,training,0.8,PASS,PASS,FAIL,PASS,PASS,PASS,PASS,PASS,3011.744602,3032.209232,20.46463033,0.0333,,,b242a32b-8667-4d70-b193-58798b21f303,,,,,,,
0de78321-9dce-4964-af4b-d0f00a41c647,ZFM-04534,training,0.8,PASS,PASS,FAIL,PASS,PASS,PASS,PASS,PASS,3916.804401,3932.598498,15.794097,0.0333,Complete,PASS,0de78321-9dce-4964-af4b-d0f00a41c647,,,,,,,good? slow reaction to reward? check licks
ce52f37b-006e-4583-ba68-23a5d43c7923,ZFM-04534,training,0.8,FAIL,PASS,PASS,PASS,PASS,PASS,PASS,PASS,3811.264002,3815.307299,4.043297,0.0333,,,ce52f37b-006e-4583-ba68-23a5d43c7923,,,,,,,
f0115609-af4a-4242-8faf-f4c5bfeb512e,ZFM-04534,training,0.8,FAIL,PASS,PASS,PASS,PASS,PASS,PASS,PASS,4272.384701,4277.470899,5.086198,0.0334,,,f0115609-af4a-4242-8faf-f4c5bfeb512e,,,,,,,
522a3c54-58bd-4b48-91c0-590db76a53c1,ZFM-05235,training,0.8,FAIL,PASS,PASS,PASS,PASS,PASS,PASS,PASS,3086.854702,3088.836399,1.981697,0.0334,,,522a3c54-58bd-4b48-91c0-590db76a53c1,,,,,,,
cbbb91b1-6aea-4d13-ab21-266d219115ec,ZFM-05235,training,0.8,FAIL,PASS,PASS,PASS,PASS,PASS,PASS,PASS,3225.899901,3254.240233,28.34033233,0.0334,,,cbbb91b1-6aea-4d13-ab21-266d219115ec,,,,,,,
6e9883ff-c5c1-4594-a09f-f12cdca0e368,ZFM-05236,training,0.8,FAIL,PASS,PASS,PASS,PASS,PASS,PASS,PASS,2717.183101,2723.603632,6.420531333,0.0334,,,6e9883ff-c5c1-4594-a09f-f12cdca0e368,,,,,,,
4ef02143-d166-4efc-acc0-c9094d45f0a9,ZFM-05236,training,0.8,FAIL,PASS,PASS,PASS,PASS,PASS,PASS,PASS,2859.009002,2865.8969,6.887898,0.0334,,,4ef02143-d166-4efc-acc0-c9094d45f0a9,,,,,,,
3b3f2d89-94ed-4ca0-b060-404af091bd53,ZFM-05236,training,0.8,FAIL,PASS,PASS,PASS,PASS,PASS,PASS,PASS,2720.884102,2724.322067,3.437964667,0.0334,,,3b3f2d89-94ed-4ca0-b060-404af091bd53,,,,,,,
65450a0c-d955-443c-a651-377a6e485731,ZFM-05245,training,0.8,FAIL,PASS,PASS,PASS,PASS,PASS,PASS,PASS,2776.968701,2785.127266,8.158564667,0.0333,,,65450a0c-d955-443c-a651-377a6e485731,,,,,,,
33a0110b-e4f4-46db-85cf-fd4838426da6,ZFM-05245,training,0.8,FAIL,PASS,PASS,PASS,PASS,PASS,PASS,PASS,2709.180801,2720.456499,11.275698,0.0333,,,33a0110b-e4f4-46db-85cf-fd4838426da6,,,,,,,
47cd4e6f-1b25-43b0-aafd-c8e569856714,ZFM-05245,training,0.8,FAIL,PASS,PASS,PASS,PASS,PASS,PASS,PASS,2784.608401,2783.787532,-0.8208686667,0.0333,,,47cd4e6f-1b25-43b0-aafd-c8e569856714,,,,,,,
cd1f41a1-0cc9-40b3-a386-807efc21e1f7,ZFM-05245,training,0.8,FAIL,PASS,PASS,PASS,PASS,PASS,PASS,PASS,5497.742501,5503.351099,5.608598,0.0333,,,cd1f41a1-0cc9-40b3-a386-807efc21e1f7,,,,,,,
0e5090dd-466b-45fa-aaba-34e40fe77d6e,ZFM-05245,training,0.8,FAIL,PASS,PASS,PASS,PASS,PASS,PASS,PASS,6160.858299,6173.866403,13.00810421,0.0333,,,0e5090dd-466b-45fa-aaba-34e40fe77d6e,,,,,,,
81fefda2-7ec3-4bec-87a9-29c9be28f9a5,ZFM-05245,training,0.8,FAIL,PASS,PASS,PASS,PASS,PASS,PASS,PASS,3885.888201,3899.047132,13.15893133,0.0333,,,81fefda2-7ec3-4bec-87a9-29c9be28f9a5,,,,,,,
eea8eab8-d744-4418-83f4-697996ee040c,ZFM-05245,training,0.8,FAIL,PASS,PASS,PASS,PASS,PASS,PASS,PASS,5298.913401,5301.854599,2.941198,0.0333,,,eea8eab8-d744-4418-83f4-697996ee040c,,,,,,,
b1c2122a-29a2-483a-aad3-0361d4d94d67,ZFM-05248,training,0.8,FAIL,PASS,PASS,PASS,PASS,PASS,PASS,PASS,2871.245402,2870.611167,-0.6342353333,0.0333,,,b1c2122a-29a2-483a-aad3-0361d4d94d67,,,,,,,
5b9592ff-1274-413c-a706-7aa1052baba2,ZFM-05248,training,0.8,FAIL,PASS,PASS,PASS,PASS,PASS,PASS,PASS,3167.234402,3171.5364,4.301998,0.0333,,,5b9592ff-1274-413c-a706-7aa1052baba2,,,,,,,
f8ac8eed-991a-44f5-95c9-802e4cf6c92b,ZFM-05248,training,0.8,FAIL,PASS,PASS,PASS,PASS,PASS,PASS,PASS,2719.585702,2722.6132,3.027498,0.0333,,,f8ac8eed-991a-44f5-95c9-802e4cf6c92b,,,,,,,
cd80bc64-e2cf-402e-956a-edab95bcbbae,ZFM-05248,training,0.8,FAIL,PASS,PASS,PASS,PASS,PASS,PASS,PASS,2809.164202,2807.7313,-1.432902,0.0333,,,cd80bc64-e2cf-402e-956a-edab95bcbbae,,,,,,,
5e36d10d-3bb9-418b-abce-68fc52581135,ZFM-05248,training,0.8,FAIL,PASS,PASS,PASS,PASS,PASS,PASS,PASS,2958.489702,2972.862266,14.37256367,0.0333,,,5e36d10d-3bb9-418b-abce-68fc52581135,,,,,,,
30775c3e-2c5e-46c4-a857-be161bbd02e0,ZFM-08652,training,0.8,PASS,PASS,FAIL,PASS,PASS,PASS,PASS,PASS,3674.94136,3634.864367,-40.07699333,0.0333,,,30775c3e-2c5e-46c4-a857-be161bbd02e0,,,,,,,
5fccc819-afc7-4029-b605-7476a7623b69,ZFM-08652,training,0.8,PASS,PASS,FAIL,PASS,PASS,PASS,PASS,PASS,2918,2882.462332,-35.53766767,0.0333,,,5fccc819-afc7-4029-b605-7476a7623b69,,,,,,,
07ec5d26-c2a1-4808-bc3b-9b8a1689c1f4,ZFM-08652,training,0.8,PASS,PASS,FAIL,PASS,PASS,PASS,PASS,PASS,3161.809756,3116.236732,-45.57302367,0.0333,,,07ec5d26-c2a1-4808-bc3b-9b8a1689c1f4,,,,,,,
fae915b6-fb26-4f7f-82bd-45d81cb44922,ZFM-08652,training,0.8,PASS,PASS,FAIL,PASS,PASS,PASS,PASS,PASS,3670.336133,3634.298867,-36.03726633,0.0333,,,fae915b6-fb26-4f7f-82bd-45d81cb44922,,,,,,,
10f82fd3-4ec9-41b0-b9b8-29b52e4b801c,ZFM-08652,training,0.8,PASS,PASS,FAIL,PASS,PASS,PASS,PASS,PASS,3119.066834,3083.357399,-35.709435,0.0333,,,10f82fd3-4ec9-41b0-b9b8-29b52e4b801c,,,,,,,
4c4de5ad-118f-40a6-a49c-a851aab9aea1,ZFM-08652,training,0.8,PASS,PASS,FAIL,PASS,PASS,PASS,PASS,PASS,2776.681868,2735.4098,-41.272068,0.0333,,,4c4de5ad-118f-40a6-a49c-a851aab9aea1,,,,,,,
bea8bd4f-e726-4875-bddc-4eebf90630bd,ZFM-08652,training,0.8,PASS,PASS,FAIL,PASS,PASS,PASS,PASS,PASS,3029.563703,2993.175099,-36.388604,0.0333,,,bea8bd4f-e726-4875-bddc-4eebf90630bd,,,,,,,
9e60bac4-00de-4495-9938-34a2546dfe06,ZFM-08652,training,0.8,PASS,PASS,FAIL,PASS,PASS,PASS,PASS,PASS,3676,3630.870699,-45.129301,0.0333,,,9e60bac4-00de-4495-9938-34a2546dfe06,,,,,,,
03dd07ad-5411-4746-bf2c-754e123b0437,ZFM-08652,training,0.8,PASS,PASS,FAIL,PASS,PASS,PASS,PASS,PASS,3254.959385,3219.1644,-35.794985,0.0333,,,03dd07ad-5411-4746-bf2c-754e123b0437,,,,,,,
5f24dab2-38e2-46ad-9846-d616f6f9cd86,ZFM-08652,training,0.8,PASS,PASS,FAIL,PASS,PASS,PASS,PASS,PASS,3591.320895,3555.897433,-35.42346167,0.0333,,,5f24dab2-38e2-46ad-9846-d616f6f9cd86,,,,,,,
bff2e95c-31c0-4ac1-9020-cb3cadd34ce0,ZFM-08689,training,0.8,PASS,PASS,FAIL,PASS,PASS,PASS,PASS,PASS,3899.900148,3871.136066,-28.76408233,0.0333,,,bff2e95c-31c0-4ac1-9020-cb3cadd34ce0,,,,,,,
f0e513bc-0ec7-499f-835d-6257f8b63772,ZFM-08757,training,0.8,PASS,PASS,FAIL,PASS,PASS,PASS,PASS,PASS,3762,3732.998499,-29.001501,0.0333,,,f0e513bc-0ec7-499f-835d-6257f8b63772,,,,,,,
df311e50-f2f8-4ffb-a152-06c1d69f207a,ZFM-08757,training,0.8,PASS,PASS,FAIL,PASS,PASS,PASS,PASS,PASS,5440.545917,5405.853798,-34.692119,0.0333,,,df311e50-f2f8-4ffb-a152-06c1d69f207a,,,,,,,
6b61c01f-e997-4087-8d7b-cff1307b63fc,ZFM-08757,training,0.8,PASS,PASS,FAIL,PASS,PASS,PASS,PASS,PASS,3067.944052,3036.535766,-31.40828633,0.0333,,,6b61c01f-e997-4087-8d7b-cff1307b63fc,,,,,,,
57a49b4c-687c-4e73-a446-0e033a5cfd43,ZFM-08757,training,0.8,PASS,PASS,FAIL,PASS,PASS,PASS,PASS,PASS,3068.534029,3041.860932,-26.67309667,0.0333,,,57a49b4c-687c-4e73-a446-0e033a5cfd43,,,,,,,
28719e62-1f38-4784-80c6-7ddcd2e21876,ZFM-08776,training,0.8,PASS,PASS,FAIL,PASS,PASS,PASS,PASS,PASS,3659,3629.571467,-29.42853333,0.0333,,,28719e62-1f38-4784-80c6-7ddcd2e21876,,,,,,,
46d1597f-5d90-4a94-962b-5f5fd06f687e,ZFM-08776,training,0.8,PASS,PASS,FAIL,PASS,PASS,PASS,PASS,PASS,3035.250727,2998.0019,-37.248827,0.0333,,,46d1597f-5d90-4a94-962b-5f5fd06f687e,,,,,,,
384d7070-825a-4036-8907-9fbbff546de4,ZFM-08776,training,0.8,PASS,PASS,FAIL,PASS,PASS,PASS,PASS,PASS,5426.120418,5391.578332,-34.54208567,0.0333,,,384d7070-825a-4036-8907-9fbbff546de4,,,,,,,
1018bb9e-475d-4a4a-b824-682e49dbd98b,ZFM-08776,training,0.8,PASS,PASS,FAIL,PASS,PASS,PASS,PASS,PASS,3369.832064,3338.760033,-31.07203067,0.0333,,,1018bb9e-475d-4a4a-b824-682e49dbd98b,,,,,,,
333f9256-ddab-4f5a-8df3-2e8fede3fb1a,ZFM-08776,training,0.8,PASS,PASS,FAIL,PASS,PASS,PASS,PASS,PASS,5430.320003,5396.533699,-33.786304,0.0333,,,333f9256-ddab-4f5a-8df3-2e8fede3fb1a,,,,,,,
da3cfe71-e716-427c-ac33-3107f13e2f88,ZFM-08776,training,0.8,PASS,PASS,FAIL,PASS,PASS,PASS,PASS,PASS,5424.845839,5411.235499,-13.61034,0.0333,,,da3cfe71-e716-427c-ac33-3107f13e2f88,,,,,,,
f85f5e56-eb52-4965-ad0e-eb05f2188c64,ZFM-08776,training,0.8,PASS,PASS,FAIL,PASS,PASS,PASS,PASS,PASS,3736.346676,3681.3852,-54.961476,0.0333,,,f85f5e56-eb52-4965-ad0e-eb05f2188c64,,,,,,,
379f72f4-6d34-4c7e-a6e1-f5803f24bcc1,ZFM-08813,training,0.8,PASS,PASS,FAIL,PASS,PASS,PASS,PASS,PASS,3609.014127,3579.393699,-29.620428,0.0333,,,379f72f4-6d34-4c7e-a6e1-f5803f24bcc1,,,,,,,
cae4bd88-b7d9-48c5-bc26-071831ace49a,ZFM-08813,training,0.8,PASS,PASS,FAIL,PASS,PASS,PASS,PASS,PASS,5408.883455,5378.473466,-30.40998933,0.0333,,,cae4bd88-b7d9-48c5-bc26-071831ace49a,,,,,,,
428950b7-f41a-48cf-b0ae-eeffb1bb0a2e,ZFM-08813,training,0.8,PASS,PASS,FAIL,PASS,PASS,PASS,PASS,PASS,5405.784688,5367.683299,-38.101389,0.0333,,,428950b7-f41a-48cf-b0ae-eeffb1bb0a2e,,,,,,,
40472475-4f22-4c44-afbb-c7654038f953,ZFM-08813,training,0.8,PASS,PASS,FAIL,PASS,PASS,PASS,PASS,PASS,2725.153884,2667.624099,-57.529785,0.0333,,,40472475-4f22-4c44-afbb-c7654038f953,,,,,,,
bb3a369a-e788-4325-ae09-2a1fe0c06308,ZFM-08814,training,0.8,PASS,PASS,FAIL,PASS,PASS,PASS,PASS,PASS,3623.016098,3590.273499,-32.742599,0.0333,,,bb3a369a-e788-4325-ae09-2a1fe0c06308,,,,,,,
da98f2c8-0624-4307-8d36-20aaf2859707,ZFM-08814,training,0.8,PASS,PASS,FAIL,PASS,PASS,PASS,PASS,PASS,3017.825201,2982.859167,-34.96603433,0.0333,,,da98f2c8-0624-4307-8d36-20aaf2859707,,,,,,,
87801318-17e9-4a37-92e5-d6b116f6fe47,ZFM-08827,training,0.8,PASS,PASS,FAIL,PASS,PASS,PASS,PASS,PASS,4496.223495,4454.476332,-41.74716267,0.0333,,,87801318-17e9-4a37-92e5-d6b116f6fe47,,,,,,,
db283326-8b39-4314-a608-1130df9ddaf8,ZFM-08827,training,0.8,PASS,PASS,FAIL,PASS,PASS,PASS,PASS,PASS,3013.555724,2958.192832,-55.36289167,0.0333,,,db283326-8b39-4314-a608-1130df9ddaf8,,,,,,,
cb0a5660-d96b-4431-9b07-a676e1791db9,ZFM-08828,training,0.8,PASS,PASS,FAIL,PASS,PASS,PASS,PASS,PASS,3551.463651,3506.766966,-44.69668533,0.0333,,,cb0a5660-d96b-4431-9b07-a676e1791db9,,,,,,,
21461fe0-a7fe-4336-af9d-cea94de17f4d,ZFM-08863,training,0.8,PASS,PASS,FAIL,PASS,PASS,PASS,PASS,PASS,3645.185837,3598.149767,-47.03607033,0.0333,,,21461fe0-a7fe-4336-af9d-cea94de17f4d,,,,,,,
f4f7371a-1dc6-43c5-b284-1b82b27ac1b7,ZFM-08863,training,0.8,PASS,PASS,FAIL,PASS,PASS,PASS,PASS,PASS,3811.964942,3728.131099,-83.833843,0.0333,,,f4f7371a-1dc6-43c5-b284-1b82b27ac1b7,,,,,,,
f6dcfb23-f0ee-47ea-bd2b-1556ec8371d6,ZFM-08863,training,0.8,PASS,PASS,FAIL,PASS,PASS,PASS,PASS,PASS,4242.930753,4140.937666,-101.9930873,0.0333,,,f6dcfb23-f0ee-47ea-bd2b-1556ec8371d6,,,,,,,
5215111a-5612-4a07-a161-d65f48e2272f,ZFM-08863,training,0.8,PASS,PASS,FAIL,PASS,PASS,PASS,PASS,PASS,3072.118834,3027.276533,-44.84230067,0.0333,,,5215111a-5612-4a07-a161-d65f48e2272f,,,,,,,
ceda1815-18b0-4292-a1e3-fbeb4debf2c7,ZFM-08863,training,0.8,PASS,PASS,FAIL,PASS,PASS,PASS,PASS,PASS,3136.880603,3089.671733,-47.20886967,0.0333,,,ceda1815-18b0-4292-a1e3-fbeb4debf2c7,,,,,,,
d7235349-437d-466b-940a-0d5014e922d4,ZFM-08863,training,0.8,PASS,PASS,FAIL,PASS,PASS,PASS,PASS,PASS,3559.497995,3521.433366,-38.06462933,0.0333,,,d7235349-437d-466b-940a-0d5014e922d4,,,,,,,
74aa70dc-fc14-405e-8807-d45d6cac299b,ZFM-08863,training,0.8,PASS,PASS,FAIL,PASS,PASS,PASS,PASS,PASS,2984.411252,2941.160833,-43.25041867,0.0333,,,74aa70dc-fc14-405e-8807-d45d6cac299b,,,,,,,
2d2b419a-f37f-42dd-92c8-0327b03a3f7b,ZFM-08871,training,0.8,PASS,PASS,FAIL,PASS,PASS,PASS,PASS,PASS,3096.679478,2992.867633,-103.8118447,0.0333,,,2d2b419a-f37f-42dd-92c8-0327b03a3f7b,,,,,,,
822d0614-e17f-4a07-ae4e-c6f710b03572,ZFM-08871,training,0.8,PASS,PASS,FAIL,PASS,PASS,PASS,PASS,PASS,2847.642485,2808.511732,-39.13075267,0.0333,,,822d0614-e17f-4a07-ae4e-c6f710b03572,,,,,,,
552efb66-b6ab-4fdd-bd1e-94951168fdb8,ZFM-08871,training,0.8,PASS,PASS,FAIL,PASS,PASS,PASS,PASS,PASS,3174.209837,3134.928966,-39.28087133,0.0333,,,552efb66-b6ab-4fdd-bd1e-94951168fdb8,,,,,,,
160abe46-ef0b-4641-847b-db6ceab16585,ZFM-08871,training,0.8,PASS,PASS,FAIL,PASS,PASS,PASS,PASS,PASS,2945.881336,2910.705832,-35.17550367,0.0333,,,160abe46-ef0b-4641-847b-db6ceab16585,,,,,,,
4ab76fbb-1dea-49d3-befc-0cceca6300d2,ZFM-08871,training,0.8,PASS,PASS,FAIL,PASS,PASS,PASS,PASS,PASS,3157.047743,3045.814766,-111.2329773,0.0333,,,4ab76fbb-1dea-49d3-befc-0cceca6300d2,,,,,,,
80b24727-bbc3-4a5e-8709-0df7b0a19001,ZFM-09044,training,0.8,PASS,PASS,FAIL,PASS,PASS,PASS,PASS,PASS,3877.75148,3811.936533,-65.81494667,0.0333,,,80b24727-bbc3-4a5e-8709-0df7b0a19001,,,,,,,
ed6ed7bb-827f-4c2f-be03-1466335af4af,ZFM-09044,training,0.8,FAIL,PASS,PASS,PASS,PASS,PASS,PASS,PASS,3277.943454,3209.047466,-68.89598833,0.0333,,,ed6ed7bb-827f-4c2f-be03-1466335af4af,,,,,,,
4a1eb69d-49cc-47e3-9488-d5851887b1bd,ZFM-09044,training,0.8,PASS,PASS,FAIL,PASS,PASS,PASS,PASS,PASS,2760.169443,2716.396932,-43.77251067,0.0333,,,4a1eb69d-49cc-47e3-9488-d5851887b1bd,,,,,,,
28ec97b5-b8ad-457c-923f-d894924ee424,ZFM-09044,training,0.8,PASS,PASS,FAIL,PASS,PASS,PASS,PASS,PASS,3899.693128,3867.393032,-32.30009567,0.0333,,,28ec97b5-b8ad-457c-923f-d894924ee424,,,,,,,
0d9d5c2d-ac0e-4c78-b682-807c4b98506b,ZFM-09044,training,0.8,PASS,PASS,FAIL,PASS,PASS,PASS,PASS,PASS,3181.473742,3151.308632,-30.16510967,0.0333,,,0d9d5c2d-ac0e-4c78-b682-807c4b98506b,,,,,,,
a304674f-c6fb-480a-8c31-4b9804b21e6e,ZFM-09044,training,0.8,PASS,PASS,FAIL,PASS,PASS,PASS,PASS,PASS,5506.092811,5443.892232,-62.20057867,0.0333,,,a304674f-c6fb-480a-8c31-4b9804b21e6e,,,,,,,
16c21f5e-0db7-434f-8cb8-19ed2f925464,ZFM-09139,training,0.8,PASS,PASS,FAIL,PASS,PASS,PASS,PASS,PASS,5476.581612,5433.293932,-43.28767967,0.0333,,,16c21f5e-0db7-434f-8cb8-19ed2f925464,,,,,,,
34377898-5961-4ee3-aeab-6cce32504dbd,ZFM-09139,training,0.8,PASS,PASS,FAIL,PASS,PASS,PASS,PASS,PASS,3243.093618,3169.703533,-73.39008467,0.0333,,,34377898-5961-4ee3-aeab-6cce32504dbd,,,,,,,
42a65cf6-846f-4945-a8b1-36a928371e02,ZFM-09139,training,0.8,PASS,PASS,FAIL,PASS,PASS,PASS,PASS,PASS,2859.247241,2806.347867,-52.89937433,0.0333,,,42a65cf6-846f-4945-a8b1-36a928371e02,,,,,,,
6db7c497-d1ac-46e5-ad97-0ebde19d084e,ZFM-09139,training,0.8,PASS,PASS,FAIL,PASS,PASS,PASS,PASS,PASS,2909.338516,2874.200033,-35.13848267,0.0333,,,6db7c497-d1ac-46e5-ad97-0ebde19d084e,,,,,,,
75f32f78-ee70-4c73-8a2d-0d57c108d880,ZFM-09139,training,0.8,PASS,PASS,FAIL,PASS,PASS,PASS,PASS,PASS,3388.545716,3350.964633,-37.58108267,0.0333,,,75f32f78-ee70-4c73-8a2d-0d57c108d880,,,,,,,
a8ef29d8-a37e-4eae-bc87-b18e8575b479,ZFM-09140,training,0.8,PASS,PASS,FAIL,PASS,PASS,PASS,PASS,PASS,5496.092581,5457.771866,-38.32071533,0.0333,,,a8ef29d8-a37e-4eae-bc87-b18e8575b479,,,,,,,
2f1ff1be-9df1-4ff0-939b-fa878d877c3a,ZFM-09341,training,0.8,PASS,PASS,FAIL,PASS,PASS,PASS,PASS,PASS,3329.828233,3295.960133,-33.86809967,0.0333,,,2f1ff1be-9df1-4ff0-939b-fa878d877c3a,,,,,,,
9c0def35-744b-4793-a083-edc847f3a475,ZFM-09350,training,0.8,PASS,PASS,FAIL,PASS,PASS,PASS,PASS,PASS,3905.680393,3816.119132,-89.56126067,0.0333,,,9c0def35-744b-4793-a083-edc847f3a475,,,,,,,
48da6449-7d61-4e78-ab43-7d886b81846f,ZFM-09402,training,0.8,PASS,PASS,FAIL,PASS,PASS,PASS,PASS,PASS,5427.975921,5397.958732,-30.01718867,0.0333,,,48da6449-7d61-4e78-ab43-7d886b81846f,,,,,,,
49928da0-1d33-448a-bea4-ea5544a55e4c,ZFM-09410,training,0.8,PASS,PASS,FAIL,PASS,PASS,PASS,PASS,PASS,4388.193932,4346.181832,-42.01209967,0.0333,,,49928da0-1d33-448a-bea4-ea5544a55e4c,,,,,,,
66ea027e-cd2b-41a1-99c1-8d855e88bf52,ZFM-09410,training,0.8,PASS,PASS,FAIL,PASS,PASS,PASS,PASS,PASS,1292.498295,1250.397832,-42.10046267,0.0333,,,66ea027e-cd2b-41a1-99c1-8d855e88bf52,,,,,,,
4a762df5-e962-452e-b1f9-6af1f5b35217,CQ014,training,0.796,PASS,WARNING,WARNING,PASS,WARNING,PASS,PASS,PASS,2490,2450.194417,-39.80558283,0.0101,,,4a762df5-e962-452e-b1f9-6af1f5b35217,,,,,,,
5e7ace56-6aba-4efc-88c2-c6cd503c12e0,CQ015,training,0.796,PASS,WARNING,WARNING,PASS,WARNING,PASS,PASS,PASS,5620.913,5586.407898,-34.505102,0.0333,,,5e7ace56-6aba-4efc-88c2-c6cd503c12e0,,,,,,,
90beb539-b87e-46cf-8e42-4a1bd5858abf,CQ015,training,0.796,PASS,WARNING,WARNING,PASS,WARNING,PASS,PASS,PASS,2771.552,2732.885332,-38.66666767,0.0333,,,90beb539-b87e-46cf-8e42-4a1bd5858abf,,,,,,,
904a6ae4-5592-44d7-a310-5965a20632e7,CQ015,training,0.796,PASS,WARNING,WARNING,PASS,WARNING,PASS,PASS,PASS,2826.48,2794.595533,-31.88446667,0.0333,,,904a6ae4-5592-44d7-a310-5965a20632e7,,,,,,,
8468dfa3-d876-4015-9d9f-b86c8b39ab56,CQ017,training,0.796,PASS,WARNING,WARNING,PASS,WARNING,PASS,PASS,PASS,2826,2768.070115,-57.92988485,0.0101,,,8468dfa3-d876-4015-9d9f-b86c8b39ab56,,,,,,,
972c8343-2c99-4bcc-b7ff-e1e504e42b4b,CQ017,training,0.796,PASS,WARNING,WARNING,PASS,WARNING,PASS,PASS,PASS,3322.024,3282.485767,-39.53823333,0.0333,,,972c8343-2c99-4bcc-b7ff-e1e504e42b4b,,,,,,,
45ed4f50-0702-48e0-9ef9-8e4c59da5a3f,CQ017,training,0.796,PASS,WARNING,WARNING,PASS,WARNING,PASS,PASS,PASS,2822.885,2785.706312,-37.17868788,0.0101,,,45ed4f50-0702-48e0-9ef9-8e4c59da5a3f,,,,,,,
bbec9865-dd28-4c96-bd1f-60161e175e95,CQ017,training,0.796,PASS,WARNING,WARNING,PASS,WARNING,PASS,PASS,PASS,2813.119,2771.691131,-41.42786869,0.0101,,,bbec9865-dd28-4c96-bd1f-60161e175e95,,,,,,,
6422b813-8b3c-4bfb-8d7e-fa998ef16ddb,CQ017,training,0.796,PASS,WARNING,WARNING,PASS,WARNING,PASS,PASS,PASS,3191.318,3158.9991,-32.3189,0.0333,,,6422b813-8b3c-4bfb-8d7e-fa998ef16ddb,,,,,,,
83149e00-326a-47f0-9797-2f76bfbdf6c4,CQ017,training,0.796,PASS,WARNING,WARNING,PASS,WARNING,PASS,PASS,PASS,2811.964,2736.138306,-75.82569394,0.0101,,,83149e00-326a-47f0-9797-2f76bfbdf6c4,,,,,,,
99693269-129a-40b1-a6a5-4594a6daa3d6,CQ017,training,0.796,PASS,WARNING,WARNING,PASS,WARNING,PASS,PASS,PASS,1856.376,1763.744406,-92.63159394,0.0101,,,99693269-129a-40b1-a6a5-4594a6daa3d6,,,,,,,
5a55d7a6-f99c-4bf9-a11d-a438766c91b5,CQ017,training,0.796,PASS,WARNING,WARNING,PASS,WARNING,PASS,PASS,PASS,2796.247,2771.0521,-25.1949,0.0333,,,5a55d7a6-f99c-4bf9-a11d-a438766c91b5,,,,,,,
e47a9a53-dbf5-466c-8c5b-5a0f7c95e7e5,ZFM-08776,training,0.796,PASS,WARNING,WARNING,PASS,WARNING,PASS,PASS,PASS,3588.880463,3554.917832,-33.96263067,0.0333,,,e47a9a53-dbf5-466c-8c5b-5a0f7c95e7e5,,,,,,,
073222de-564c-41b4-8b6a-f9aa76a8f47f,ZFM-08776,training,0.796,PASS,WARNING,WARNING,PASS,WARNING,PASS,PASS,PASS,3583.314603,3546.956299,-36.358304,0.0333,,,073222de-564c-41b4-8b6a-f9aa76a8f47f,,,,,,,
17eebfcd-05d6-4efa-b1e4-088a6b62ff34,ZFM-09044,biased,0.75,PASS,PASS,FAIL,PASS,NOT_SET,PASS,PASS,PASS,3541.901253,3491.358767,-50.54248633,0.0333,,,17eebfcd-05d6-4efa-b1e4-088a6b62ff34,,,,,,,
d0d076f8-7ed3-4e14-bddc-6e3bc170c161,ZFM-09044,biased,0.75,PASS,PASS,FAIL,PASS,NOT_SET,PASS,PASS,PASS,4347.231024,4317.774366,-29.45665833,0.0333,,,d0d076f8-7ed3-4e14-bddc-6e3bc170c161,,,,,,,
02227595-5146-4767-ace6-45881612214f,ZFM-09044,biased,0.75,PASS,PASS,FAIL,PASS,NOT_SET,PASS,PASS,PASS,3050.232902,3015.993332,-34.23956967,0.0333,,,02227595-5146-4767-ace6-45881612214f,,,,,,,
a60a8044-c470-42d6-bc8f-a8db6816b7f6,ZFM-08757,training,0.75,PASS,PASS,FAIL,PASS,NOT_SET,PASS,PASS,PASS,3618,3588.643499,-29.356501,0.0333,,,a60a8044-c470-42d6-bc8f-a8db6816b7f6,,,,,,,
b2a869f7-7068-4a27-b97d-45fe45768c23,ZFM-08757,training,0.75,PASS,PASS,FAIL,PASS,NOT_SET,PASS,PASS,PASS,3715.491652,3688.477766,-27.01388633,0.0333,,,b2a869f7-7068-4a27-b97d-45fe45768c23,,,,,,,
9fc30bd2-d24a-4dfd-bd2e-d84c6c0cc013,ZFM-08813,training,0.75,PASS,PASS,FAIL,PASS,NOT_SET,PASS,PASS,PASS,3476.132786,3436.424566,-39.70822033,0.0333,,,9fc30bd2-d24a-4dfd-bd2e-d84c6c0cc013,,,,,,,
e63e809b-9cdf-44d9-b7dc-eddf72e48b8e,ZFM-08827,training,0.75,PASS,PASS,FAIL,PASS,NOT_SET,PASS,PASS,PASS,3617.257555,3425.040132,-192.2174227,0.0333,,,e63e809b-9cdf-44d9-b7dc-eddf72e48b8e,,,,,,,
6e87d9f8-a93a-4410-87fd-4bff74565681,ZFM-09410,training,0.75,PASS,PASS,FAIL,PASS,NOT_SET,PASS,PASS,PASS,5449.981053,5407.119832,-42.86122067,0.0333,,,6e87d9f8-a93a-4410-87fd-4bff74565681,,,,,,,
8c76b099-3c67-4bf9-9688-7f7f2960e8f9,ZFM-09410,training,0.75,PASS,PASS,FAIL,PASS,NOT_SET,PASS,PASS,PASS,3688.826767,3647.552232,-41.27453467,0.0333,,,8c76b099-3c67-4bf9-9688-7f7f2960e8f9,,,,,,,
d8b48595-6aa5-4e4b-b457-13b1b936248c,ZFM-08652,ephys,0.732,PASS,PASS,FAIL,PASS,WARNING,PASS,PASS,PASS,4292.510308,4250.228899,-42.281409,0.0333,Complete,PASS,d8b48595-6aa5-4e4b-b457-13b1b936248c,,,,,,,spout very close
8f922015-08f7-4ebe-aeaa-6ddb9ad9201e,ZFM-09343,ephys,0.732,FAIL,PASS,WARNING,PASS,PASS,PASS,PASS,PASS,5500.376208,5458.094732,-42.28147567,0.0333,,,8f922015-08f7-4ebe-aeaa-6ddb9ad9201e,,,,,,,
07e2ed48-5530-41e0-84a3-86fcd876143e,ZFM-09343,ephys,0.732,FAIL,PASS,WARNING,PASS,PASS,PASS,PASS,PASS,3862.009146,3819.048466,-42.96068033,0.0333,,,07e2ed48-5530-41e0-84a3-86fcd876143e,,,,,,,
67f9e5e8-ce14-4aae-80c3-186d97c4f07e,ZFM-08652,biased,0.732,PASS,PASS,FAIL,PASS,WARNING,PASS,PASS,PASS,5071.445721,5042.897632,-28.54808867,0.0333,,,67f9e5e8-ce14-4aae-80c3-186d97c4f07e,,,,,,,
db0202d3-11b4-4a07-974e-ecc9546060f9,ZFM-08652,biased,0.732,PASS,PASS,FAIL,PASS,WARNING,PASS,PASS,PASS,3275.639326,3250.446799,-25.192527,0.0333,,,db0202d3-11b4-4a07-974e-ecc9546060f9,,,,,,,
1c4c4137-5601-4f8b-b0aa-d6fc6e412114,ZFM-08652,biased,0.732,PASS,PASS,FAIL,PASS,WARNING,PASS,PASS,PASS,3688.3603,3662.853599,-25.506701,0.0333,,,1c4c4137-5601-4f8b-b0aa-d6fc6e412114,,,,,,,
855880cc-b8d0-4fb3-8f27-50d7192281f6,ZFM-08652,biased,0.732,PASS,WARNING,FAIL,PASS,PASS,PASS,PASS,PASS,2920.094295,2889.949032,-30.14526267,0.0333,,,855880cc-b8d0-4fb3-8f27-50d7192281f6,,,,,,,
f5369fa4-4bc2-4c65-9217-bea27df0f9ca,ZFM-08828,biased,0.732,FAIL,PASS,WARNING,PASS,PASS,PASS,PASS,PASS,3689.132977,3657.519099,-31.613878,0.0333,Complete,PASS,f5369fa4-4bc2-4c65-9217-bea27df0f9ca,,,,,,,
7623aca5-0ea7-47a3-b83e-bc8d9712b5c9,ZFM-08828,biased,0.732,FAIL,PASS,WARNING,PASS,PASS,PASS,PASS,PASS,5468.15643,5419.472799,-48.683631,0.0333,,,7623aca5-0ea7-47a3-b83e-bc8d9712b5c9,,,,,,,
a78c7998-ff29-49cb-91e0-fa43a5e0c7b5,ZFM-08828,biased,0.732,FAIL,PASS,WARNING,PASS,PASS,PASS,PASS,PASS,2886.370058,2833.04,-53.330058,0.0333,,,a78c7998-ff29-49cb-91e0-fa43a5e0c7b5,,,,,,,
e44e32ac-d28f-429e-80f8-c6162d505c34,ZFM-08828,biased,0.732,FAIL,PASS,WARNING,PASS,PASS,PASS,PASS,PASS,3226.961789,3157.210166,-69.75162333,0.0333,,,e44e32ac-d28f-429e-80f8-c6162d505c34,,,,,,,
5ac8d81f-587e-4094-8eb6-87bc083884e0,ZFM-08828,biased,0.732,FAIL,PASS,WARNING,PASS,PASS,PASS,PASS,PASS,3399.530053,3349.067867,-50.46218633,0.0333,,,5ac8d81f-587e-4094-8eb6-87bc083884e0,,,,,,,
33f7a3f7-6c01-42cd-b37a-c68748505821,ZFM-08828,biased,0.732,FAIL,PASS,WARNING,PASS,PASS,PASS,PASS,PASS,3064.307909,3016.573801,-47.734108,0.0333,,,33f7a3f7-6c01-42cd-b37a-c68748505821,,,,,,,
1b44b746-c781-467e-b9fe-1ea40e81a9f8,ZFM-08828,biased,0.732,FAIL,PASS,WARNING,PASS,PASS,PASS,PASS,PASS,3023.420807,2989.6984,-33.722407,0.0333,,,1b44b746-c781-467e-b9fe-1ea40e81a9f8,,,,,,,
cfb431b8-7819-45b6-804d-69296338ad4d,ZFM-08828,biased,0.732,FAIL,PASS,WARNING,PASS,PASS,PASS,PASS,PASS,4905.148413,4873.341832,-31.80658067,0.0333,,,cfb431b8-7819-45b6-804d-69296338ad4d,,,,,,,
4fef4e0a-bd50-4392-b2af-b2716bcafdaa,ZFM-08828,biased,0.732,FAIL,PASS,WARNING,PASS,PASS,PASS,PASS,PASS,3288.033475,3249.394299,-38.639176,0.0333,,,4fef4e0a-bd50-4392-b2af-b2716bcafdaa,,,,,,,
9e6da1ef-f146-49ae-98c5-650dfe97b51f,ZFM-08828,biased,0.732,FAIL,PASS,WARNING,PASS,PASS,PASS,PASS,PASS,3830.802956,3730.387966,-100.4149903,0.0333,,,9e6da1ef-f146-49ae-98c5-650dfe97b51f,,,,,,,
9f604dc4-60d3-4126-8401-5cc600e59dfd,ZFM-08828,biased,0.732,FAIL,PASS,WARNING,PASS,PASS,PASS,PASS,PASS,3494.215698,3464.364599,-29.851099,0.0333,,,9f604dc4-60d3-4126-8401-5cc600e59dfd,,,,,,,
2b813a38-55ee-4e56-820b-7b7dea55ee9a,ZFM-08828,biased,0.732,FAIL,PASS,WARNING,PASS,PASS,PASS,PASS,PASS,3915.41286,3881.350198,-34.062662,0.0333,,,2b813a38-55ee-4e56-820b-7b7dea55ee9a,,,,,,,
4e0426bf-e758-4f66-a1f9-b5ed9999450b,ZFM-08828,biased,0.732,FAIL,PASS,WARNING,PASS,PASS,PASS,PASS,PASS,3661.855448,3626.782099,-35.073349,0.0333,,,4e0426bf-e758-4f66-a1f9-b5ed9999450b,,,,,,,
d12698c7-15e4-4cd6-8791-6468f25c3fbd,ZFM-08828,biased,0.732,FAIL,PASS,WARNING,PASS,PASS,PASS,PASS,PASS,3724.065053,3673.673266,-50.39178733,0.0333,,,d12698c7-15e4-4cd6-8791-6468f25c3fbd,,,,,,,
caa1c999-b6aa-4cbd-a5a9-e7131728e729,ZFM-08828,biased,0.732,FAIL,PASS,WARNING,PASS,PASS,PASS,PASS,PASS,3755.600699,3704.8445,-50.756199,0.0333,,,caa1c999-b6aa-4cbd-a5a9-e7131728e729,,,,,,,
a1fc02ca-ce87-4583-acad-7fa2260787ad,ZFM-08828,biased,0.732,FAIL,PASS,WARNING,PASS,PASS,PASS,PASS,PASS,3796.903233,3757.929465,-38.97376833,0.0333,,,a1fc02ca-ce87-4583-acad-7fa2260787ad,,,,,,,
9d48f85c-0dab-4334-b332-a2150594541e,ZFM-08828,biased,0.732,FAIL,PASS,WARNING,PASS,PASS,PASS,PASS,PASS,3455.433968,3420.038232,-35.39573567,0.0333,,,9d48f85c-0dab-4334-b332-a2150594541e,,,,,,,
3c4b89f9-3d78-4e67-a665-003cd065f3fc,ZFM-08828,biased,0.732,FAIL,PASS,WARNING,PASS,PASS,PASS,PASS,PASS,3499.622147,3427.298366,-72.32378133,0.0333,,,3c4b89f9-3d78-4e67-a665-003cd065f3fc,,,,,,,
b1a87878-6e3c-444f-b322-1251db4ecae9,ZFM-08871,biased,0.732,PASS,PASS,FAIL,PASS,WARNING,PASS,PASS,PASS,2827.138783,2775.3001,-51.838683,0.0333,,,b1a87878-6e3c-444f-b322-1251db4ecae9,,,,,,,
3709a486-965c-44e1-868d-e2ee268dd22e,ZFM-08871,biased,0.732,PASS,WARNING,FAIL,PASS,PASS,PASS,PASS,PASS,3759.575708,3716.583166,-42.99254233,0.0333,,,3709a486-965c-44e1-868d-e2ee268dd22e,,,,,,,
35487491-596e-4a82-9a80-d0921573ffdd,ZFM-08871,biased,0.732,PASS,PASS,FAIL,PASS,WARNING,PASS,PASS,PASS,3604.084495,3544.772466,-59.31202933,0.0333,,,35487491-596e-4a82-9a80-d0921573ffdd,,,,,,,
a492db47-afa8-4bf9-940d-c53ca1b4c13d,ZFM-08871,biased,0.732,PASS,PASS,FAIL,PASS,WARNING,PASS,PASS,PASS,3526.509018,3470.530666,-55.97835233,0.0333,,,a492db47-afa8-4bf9-940d-c53ca1b4c13d,,,,,,,
fa2a43e1-769f-4d24-aede-e491d2036833,ZFM-08871,biased,0.732,PASS,PASS,FAIL,PASS,WARNING,PASS,PASS,PASS,3663.931689,3622.442266,-41.48942333,0.0333,,,fa2a43e1-769f-4d24-aede-e491d2036833,,,,,,,
e5d08cc1-4d40-4090-8c38-45149ee43520,ZFM-09044,biased,0.732,PASS,PASS,FAIL,PASS,WARNING,PASS,PASS,PASS,2879.47572,2849.246833,-30.22888667,0.0333,,,e5d08cc1-4d40-4090-8c38-45149ee43520,,,,,,,
51facefc-c38a-4dc6-bbfe-266d29629ac7,ZFM-09044,biased,0.732,PASS,PASS,FAIL,PASS,WARNING,PASS,PASS,PASS,4142.957671,4096.575966,-46.38170533,0.0333,,,51facefc-c38a-4dc6-bbfe-266d29629ac7,,,,,,,
786ae861-5add-4353-8e60-ad4981387e8f,ZFM-09044,biased,0.732,PASS,PASS,FAIL,PASS,WARNING,PASS,PASS,PASS,3595.298026,3559.265231,-36.03279467,0.0333,,,786ae861-5add-4353-8e60-ad4981387e8f,,,,,,,
6bc3d2d1-d1c2-49ae-a574-b1498e9850bb,ZFM-09044,biased,0.732,PASS,PASS,FAIL,PASS,WARNING,PASS,PASS,PASS,4163.27729,4078.193432,-85.08385767,0.0333,,,6bc3d2d1-d1c2-49ae-a574-b1498e9850bb,,,,,,,
6dc4aeea-1c87-4418-a413-c05ba9283530,ZFM-09139,biased,0.732,PASS,PASS,FAIL,PASS,WARNING,PASS,PASS,PASS,3062.189675,3023.482466,-38.70720933,0.0333,,,6dc4aeea-1c87-4418-a413-c05ba9283530,,,,,,,
28fb543c-2a49-4988-97b2-01d0fc69fdaa,ZFM-09365,biased,0.732,PASS,PASS,FAIL,PASS,WARNING,PASS,PASS,PASS,3016.110813,2985.154999,-30.955814,0.0333,,,28fb543c-2a49-4988-97b2-01d0fc69fdaa,,,,,,,
a4b88529-85bf-4790-ba0f-2f56310eb9c2,ZFM-09394,biased,0.732,FAIL,PASS,WARNING,PASS,PASS,PASS,PASS,PASS,3408.353439,3377.214367,-31.13907233,0.0333,,,a4b88529-85bf-4790-ba0f-2f56310eb9c2,,,,,,,
6078074d-186c-4260-ae59-96c55491231d,ZFM-09394,biased,0.732,PASS,PASS,FAIL,PASS,WARNING,PASS,PASS,PASS,4601.522028,4559.957666,-41.56436233,0.0333,,,6078074d-186c-4260-ae59-96c55491231d,,,,,,,
bfd60763-3554-487b-ac23-193e19e108cc,ZFM-09394,biased,0.732,FAIL,PASS,WARNING,PASS,PASS,PASS,PASS,PASS,3660.446476,3621.593666,-38.85281033,0.0333,,,bfd60763-3554-487b-ac23-193e19e108cc,,,,,,,
59f41294-1c85-4ee6-aa30-1c5f42bae0ef,ZFM-09394,biased,0.732,PASS,PASS,FAIL,PASS,WARNING,PASS,PASS,PASS,3601.665692,3561.379232,-40.28645967,0.0333,,,59f41294-1c85-4ee6-aa30-1c5f42bae0ef,,,,,,,
7fafa5b3-68b5-4e1f-9ea7-750ede18d8c5,ZFM-09394,biased,0.732,PASS,PASS,FAIL,PASS,WARNING,PASS,PASS,PASS,4304.485002,4256.518067,-47.96693533,0.0333,,,7fafa5b3-68b5-4e1f-9ea7-750ede18d8c5,,,,,,,
396ae309-491f-4721-9124-86cabe9749a5,ZFM-09394,biased,0.732,PASS,PASS,FAIL,PASS,WARNING,PASS,PASS,PASS,5471.531281,5435.651832,-35.87944867,0.0333,,,396ae309-491f-4721-9124-86cabe9749a5,,,,,,,
6d547207-8a24-4f33-8351-8f2f056424dd,ZFM-09394,biased,0.732,PASS,PASS,FAIL,PASS,WARNING,PASS,PASS,PASS,3264.755942,3233.110466,-31.64547633,0.0333,,,6d547207-8a24-4f33-8351-8f2f056424dd,,,,,,,
d383e4a8-0a8f-4a44-b3bb-e44215a0d0a9,ZFM-09394,biased,0.732,PASS,PASS,FAIL,PASS,WARNING,PASS,PASS,PASS,4041.494308,3997.486299,-44.008009,0.0333,,,d383e4a8-0a8f-4a44-b3bb-e44215a0d0a9,,,,,,,
9f8079d0-6b5f-47bd-98b3-294f47aa9fe3,ZFM-09439,biased,0.732,PASS,PASS,FAIL,PASS,WARNING,PASS,PASS,PASS,5466.323057,5426.677766,-39.64529133,0.0333,,,9f8079d0-6b5f-47bd-98b3-294f47aa9fe3,,,,,,,
cce557a7-9eaf-4ef0-b626-f3711e1aafd6,ZFM-09439,biased,0.732,PASS,PASS,FAIL,PASS,WARNING,PASS,PASS,PASS,4130.29109,4096.214532,-34.07655767,0.0333,,,cce557a7-9eaf-4ef0-b626-f3711e1aafd6,,,,,,,
04c15224-05c1-4a94-a15d-c41ed4681588,ZFM-09439,biased,0.732,PASS,PASS,FAIL,PASS,WARNING,PASS,PASS,PASS,3715.377146,3679.448432,-35.92871367,0.0333,,,04c15224-05c1-4a94-a15d-c41ed4681588,,,,,,,
e57ba4b9-6b23-4ce5-a7e5-8f04647887cc,CQ009,training,0.732,PASS,WARNING,FAIL,PASS,PASS,PASS,PASS,PASS,2763.317,2716.4385,-46.8785,0.0333,,,e57ba4b9-6b23-4ce5-a7e5-8f04647887cc,,,,,,,
df0a25ec-1520-49a6-8b84-0b1faad46fb4,CQ011,training,0.732,PASS,PASS,FAIL,PASS,WARNING,PASS,PASS,PASS,2739.77,2641.010666,-98.75933433,0.0333,,,df0a25ec-1520-49a6-8b84-0b1faad46fb4,,,,,,,
92f8ddda-4218-421b-a14b-030cd9158509,CQ011,training,0.732,PASS,WARNING,FAIL,PASS,PASS,PASS,PASS,PASS,2728.036,2454.047866,-273.9881343,0.0333,,,92f8ddda-4218-421b-a14b-030cd9158509,,,,,,,
2d87b9df-e4e0-4fdf-b550-214b4533158f,CQ013,training,0.732,FAIL,PASS,WARNING,PASS,PASS,PASS,PASS,PASS,3066.647,2944.078928,-122.5680717,0.0101,,,2d87b9df-e4e0-4fdf-b550-214b4533158f,,,,,,,
e4322d4e-e60a-4979-997d-09d2707b1710,CQ017,training,0.732,PASS,WARNING,FAIL,PASS,PASS,PASS,PASS,PASS,3604.035,3580.2178,-23.8172,0.0333,,,e4322d4e-e60a-4979-997d-09d2707b1710,,,,,,,
2b38a07a-5768-4005-8b29-5a66460e582a,ZFM-08652,training,0.732,PASS,PASS,FAIL,PASS,WARNING,PASS,PASS,PASS,3637.623306,3603.150566,-34.47274033,0.0333,,,2b38a07a-5768-4005-8b29-5a66460e582a,,,,,,,
1871d43c-10f7-4ffc-909f-6cec31daac6f,ZFM-08652,training,0.732,PASS,PASS,FAIL,PASS,WARNING,PASS,PASS,PASS,2885.318604,2856.940766,-28.37783833,0.0333,,,1871d43c-10f7-4ffc-909f-6cec31daac6f,,,,,,,
fd688232-0dd8-400b-aa66-dc23460d9f98,ZFM-08652,training,0.732,PASS,PASS,FAIL,PASS,WARNING,PASS,PASS,PASS,5435.368288,5400.427898,-34.94039,0.0333,,,fd688232-0dd8-400b-aa66-dc23460d9f98,,,,,,,
397f8ebd-884d-49c0-8aa8-444d5fd7f85a,ZFM-08652,training,0.732,PASS,WARNING,FAIL,PASS,PASS,PASS,PASS,PASS,3061.727786,3022.995099,-38.732687,0.0333,,,397f8ebd-884d-49c0-8aa8-444d5fd7f85a,,,,,,,
42541358-e676-432e-97be-f469048e76d1,ZFM-08652,training,0.732,PASS,PASS,FAIL,PASS,WARNING,PASS,PASS,PASS,3580.980483,3545.117699,-35.862784,0.0333,,,42541358-e676-432e-97be-f469048e76d1,,,,,,,
7691cdfc-6cea-4976-9a1f-943a7649cd3e,ZFM-08689,training,0.732,PASS,PASS,FAIL,PASS,WARNING,PASS,PASS,PASS,3635.226859,3593.583632,-41.64322667,0.0333,,,7691cdfc-6cea-4976-9a1f-943a7649cd3e,,,,,,,
e2a7a5b7-9ee2-42c0-81f0-959b9ec8cc7d,ZFM-08751,training,0.732,PASS,WARNING,FAIL,PASS,PASS,PASS,PASS,PASS,3638.95582,3598.414666,-40.54115433,0.0333,,,e2a7a5b7-9ee2-42c0-81f0-959b9ec8cc7d,,,,,,,
4e46433d-8390-401f-ac10-a5bb44eca327,ZFM-08757,training,0.732,PASS,PASS,FAIL,PASS,WARNING,PASS,PASS,PASS,3649.775202,3617.862499,-31.912703,0.0333,,,4e46433d-8390-401f-ac10-a5bb44eca327,,,,,,,
d1a27fd2-eabb-475f-8418-34fc62e39914,ZFM-08757,training,0.732,PASS,PASS,FAIL,PASS,WARNING,PASS,PASS,PASS,3666.218987,3633.432367,-32.78662033,0.0333,,,d1a27fd2-eabb-475f-8418-34fc62e39914,,,,,,,
b160484c-d289-4569-8a4a-dc714242e4dc,ZFM-08757,training,0.732,PASS,PASS,FAIL,PASS,WARNING,PASS,PASS,PASS,3652.839342,3621.086766,-31.75257633,0.0333,,,b160484c-d289-4569-8a4a-dc714242e4dc,,,,,,,
5215317b-9b7e-4e67-a55e-1c1ce6607e6e,ZFM-08757,training,0.732,PASS,PASS,FAIL,PASS,WARNING,PASS,PASS,PASS,3640.171157,3610.639166,-29.53199133,0.0333,,,5215317b-9b7e-4e67-a55e-1c1ce6607e6e,,,,,,,
4f03ccb8-64e4-4fb8-bd9e-a0717e1b365c,ZFM-08757,training,0.732,PASS,PASS,FAIL,PASS,WARNING,PASS,PASS,PASS,3721.141685,3686.510532,-34.63115267,0.0333,,,4f03ccb8-64e4-4fb8-bd9e-a0717e1b365c,,,,,,,
7ee4cbbc-44a0-4001-a9d4-b1549e89a0f7,ZFM-08757,training,0.732,PASS,PASS,FAIL,PASS,WARNING,PASS,PASS,PASS,3070.65547,3042.691932,-27.96353767,0.0333,,,7ee4cbbc-44a0-4001-a9d4-b1549e89a0f7,,,,,,,
b2fdb743-6720-4848-94cb-6313445bc13c,ZFM-08757,training,0.732,PASS,PASS,FAIL,PASS,WARNING,PASS,PASS,PASS,4465,4429.661332,-35.33866767,0.0333,,,b2fdb743-6720-4848-94cb-6313445bc13c,,,,,,,
d55567f8-2b4f-4ed7-9ebc-67b64c5e3a10,ZFM-08757,training,0.732,PASS,PASS,FAIL,PASS,WARNING,PASS,PASS,PASS,3284.539608,3241.493932,-43.04567567,0.0333,,,d55567f8-2b4f-4ed7-9ebc-67b64c5e3a10,,,,,,,
7adf6c29-d4f2-49d6-8c84-96b877d64b03,ZFM-08776,training,0.732,PASS,PASS,FAIL,PASS,WARNING,PASS,PASS,PASS,3433.745489,3390.708466,-43.03702333,0.0333,,,7adf6c29-d4f2-49d6-8c84-96b877d64b03,,,,,,,
86ad0e38-7b08-43e0-9f65-5c3525da4b9d,ZFM-08776,training,0.732,PASS,PASS,FAIL,PASS,WARNING,PASS,PASS,PASS,5412.477191,5341.826598,-70.650593,0.0333,,,86ad0e38-7b08-43e0-9f65-5c3525da4b9d,,,,,,,
230a1358-3961-4085-bfc5-c9871679659b,ZFM-08776,training,0.732,PASS,PASS,FAIL,PASS,WARNING,PASS,PASS,PASS,2217.382684,2178.944867,-38.43781733,0.0333,,,230a1358-3961-4085-bfc5-c9871679659b,,,,,,,
35d51970-026f-44cf-a0eb-bd873bcdc790,ZFM-08776,training,0.732,PASS,PASS,FAIL,PASS,WARNING,PASS,PASS,PASS,3989.687805,3947.603899,-42.083906,0.0333,,,35d51970-026f-44cf-a0eb-bd873bcdc790,,,,,,,
81ca2464-39bc-41a2-85f7-12b105ed4a9e,ZFM-08813,training,0.732,PASS,PASS,FAIL,PASS,WARNING,PASS,PASS,PASS,5455.023531,5427.423899,-27.599632,0.0333,,,81ca2464-39bc-41a2-85f7-12b105ed4a9e,,,,,,,
17d2226d-9d44-41c4-9806-0b6425cff99d,ZFM-08813,training,0.732,PASS,PASS,FAIL,PASS,WARNING,PASS,PASS,PASS,4802.486543,4758.101399,-44.385144,0.0333,,,17d2226d-9d44-41c4-9806-0b6425cff99d,,,,,,,
c4d24bf0-54e9-4e47-a559-f00c06a3c7d6,ZFM-08814,training,0.732,PASS,PASS,FAIL,PASS,WARNING,PASS,PASS,PASS,3670.191192,3641.785699,-28.405493,0.0333,,,c4d24bf0-54e9-4e47-a559-f00c06a3c7d6,,,,,,,
8c029d9c-945e-4f30-804d-f84c6a0ed332,ZFM-08814,training,0.732,PASS,PASS,FAIL,PASS,WARNING,PASS,PASS,PASS,3627.872524,3593.398599,-34.473925,0.0333,,,8c029d9c-945e-4f30-804d-f84c6a0ed332,,,,,,,
750ff749-9058-4b64-9404-e7d9ba571cc8,ZFM-08814,training,0.732,PASS,PASS,FAIL,PASS,WARNING,PASS,PASS,PASS,2787.150398,2752.149667,-35.00073133,0.0333,,,750ff749-9058-4b64-9404-e7d9ba571cc8,,,,,,,
a97d6d87-529d-42f4-acf2-c0adcff95277,ZFM-08814,training,0.732,PASS,PASS,FAIL,PASS,WARNING,PASS,PASS,PASS,2978.215694,2942.095167,-36.12052733,0.0333,,,a97d6d87-529d-42f4-acf2-c0adcff95277,,,,,,,
f9466427-2791-40ac-8f5a-da87dac0950c,ZFM-08814,training,0.732,PASS,PASS,FAIL,PASS,WARNING,PASS,PASS,PASS,3036.700019,3001.029832,-35.67018667,0.0333,,,f9466427-2791-40ac-8f5a-da87dac0950c,,,,,,,
0057aab3-2f6c-4998-9e43-97a3820af65e,ZFM-08814,training,0.732,PASS,PASS,FAIL,PASS,WARNING,PASS,PASS,PASS,2908.965029,2863.925932,-45.03909667,0.0333,,,0057aab3-2f6c-4998-9e43-97a3820af65e,,,,,,,
52f7328f-f980-44a7-8dc6-287558c055a3,ZFM-08827,training,0.732,PASS,PASS,FAIL,PASS,WARNING,PASS,PASS,PASS,3383.238779,3325.941266,-57.29751333,0.0333,,,52f7328f-f980-44a7-8dc6-287558c055a3,,,,,,,
d76d41ac-cf75-415a-ac11-008ca3be6efa,ZFM-08827,training,0.732,PASS,PASS,FAIL,PASS,WARNING,PASS,PASS,PASS,3015.843722,2974.132633,-41.71108867,0.0333,,,d76d41ac-cf75-415a-ac11-008ca3be6efa,,,,,,,
92a5edd7-2468-44aa-8bf3-5b4f43424d60,ZFM-08828,training,0.732,PASS,PASS,FAIL,PASS,WARNING,PASS,PASS,PASS,3680.442806,3641.519199,-38.923607,0.0333,,,92a5edd7-2468-44aa-8bf3-5b4f43424d60,,,,,,,
3ebb02ef-9be1-4d44-81fe-9403173b7b48,ZFM-08828,training,0.732,PASS,PASS,FAIL,PASS,WARNING,PASS,PASS,PASS,2990.652503,2904.290932,-86.36157067,0.0333,,,3ebb02ef-9be1-4d44-81fe-9403173b7b48,,,,,,,
6e6d57f5-fc8e-426c-a8f6-66fdbf1caeca,ZFM-08828,training,0.732,PASS,PASS,FAIL,PASS,WARNING,PASS,PASS,PASS,3049.078918,3013.773533,-35.30538467,0.0333,,,6e6d57f5-fc8e-426c-a8f6-66fdbf1caeca,,,,,,,
37831e5c-a6e2-4b3a-8548-20a22d4a1506,ZFM-08828,training,0.732,PASS,PASS,FAIL,PASS,WARNING,PASS,PASS,PASS,5463,5432.074731,-30.92526867,0.0333,,,37831e5c-a6e2-4b3a-8548-20a22d4a1506,,,,,,,
96468d01-dea5-4f44-bc2c-9db1e223d545,ZFM-08828,training,0.732,PASS,PASS,FAIL,PASS,WARNING,PASS,PASS,PASS,2819.740194,2767.201432,-52.53876167,0.0333,,,96468d01-dea5-4f44-bc2c-9db1e223d545,,,,,,,
8fa75dc1-6cc9-4754-9203-5106ffc8b447,ZFM-08828,training,0.732,PASS,PASS,FAIL,PASS,WARNING,PASS,PASS,PASS,5445.556338,5402.986066,-42.57027233,0.0333,,,8fa75dc1-6cc9-4754-9203-5106ffc8b447,,,,,,,
2e2ef33a-06c8-46bb-8b1c-859810aba3c1,ZFM-08828,training,0.732,FAIL,PASS,WARNING,PASS,PASS,PASS,PASS,PASS,3193.948789,3146.423732,-47.52505667,0.0333,,,2e2ef33a-06c8-46bb-8b1c-859810aba3c1,,,,,,,
f8c73aff-9893-420b-8782-e9e6eed9ae86,ZFM-08828,training,0.732,FAIL,PASS,WARNING,PASS,PASS,PASS,PASS,PASS,3138.75004,3034.786299,-103.963741,0.0333,,,f8c73aff-9893-420b-8782-e9e6eed9ae86,,,,,,,
cbb12385-40a5-4b94-848e-e781fab3f5cb,ZFM-08828,training,0.732,FAIL,PASS,WARNING,PASS,PASS,PASS,PASS,PASS,3443.652157,3379.439767,-64.21239033,0.0333,,,cbb12385-40a5-4b94-848e-e781fab3f5cb,,,,,,,
c2072f14-b020-4df1-b164-dd65bffa65af,ZFM-08828,training,0.732,FAIL,PASS,WARNING,PASS,PASS,PASS,PASS,PASS,3560.259633,3490.937866,-69.32176733,0.0333,,,c2072f14-b020-4df1-b164-dd65bffa65af,,,,,,,
a996de21-4468-439a-919a-f7ef53dfe17d,ZFM-08828,training,0.732,FAIL,PASS,WARNING,PASS,PASS,PASS,PASS,PASS,3152.583402,3066.726266,-85.85713633,0.0333,,,a996de21-4468-439a-919a-f7ef53dfe17d,,,,,,,
163f93f2-fa1a-4117-b06f-1bb7df269a8b,ZFM-08863,training,0.732,PASS,PASS,FAIL,PASS,WARNING,PASS,PASS,PASS,3081.830399,3034.830532,-46.99986667,0.0333,,,163f93f2-fa1a-4117-b06f-1bb7df269a8b,,,,,,,
45f3f4e6-49ae-411c-8bb2-a6355db7915a,ZFM-08863,training,0.732,FAIL,PASS,WARNING,PASS,PASS,PASS,PASS,PASS,3640.18632,3599.928366,-40.25795433,0.0333,,,45f3f4e6-49ae-411c-8bb2-a6355db7915a,,,,,,,
0e1f7ecb-8966-4be1-ab5b-dc5c7f0f3e1d,ZFM-08863,training,0.732,PASS,PASS,FAIL,PASS,WARNING,PASS,PASS,PASS,3712,3669.1021,-42.8979,0.0333,,,0e1f7ecb-8966-4be1-ab5b-dc5c7f0f3e1d,,,,,,,
00d6d94e-97e2-4410-8183-956dcf183ce8,ZFM-08863,training,0.732,PASS,PASS,FAIL,PASS,WARNING,PASS,PASS,PASS,3421.273642,3384.424832,-36.84880967,0.0333,,,00d6d94e-97e2-4410-8183-956dcf183ce8,,,,,,,
01b20068-e3fb-494b-b0bc-790de63f97e0,ZFM-08871,training,0.732,PASS,PASS,FAIL,PASS,WARNING,PASS,PASS,PASS,3018.000485,2973.433932,-44.56655267,0.0333,,,01b20068-e3fb-494b-b0bc-790de63f97e0,,,,,,,
47b34b3d-c650-4a72-a402-f64c2d3f579e,ZFM-08871,training,0.732,PASS,PASS,FAIL,PASS,WARNING,PASS,PASS,PASS,5484.575022,5448.172698,-36.402324,0.0333,,,47b34b3d-c650-4a72-a402-f64c2d3f579e,,,,,,,
a3548f96-74b7-496e-9cb7-bfd8e161ad18,ZFM-08871,training,0.732,PASS,PASS,FAIL,PASS,WARNING,PASS,PASS,PASS,5078.27837,5038.261966,-40.01640433,0.0333,,,a3548f96-74b7-496e-9cb7-bfd8e161ad18,,,,,,,
e6584331-3b59-4744-bbac-c170b75310e3,ZFM-08871,training,0.732,PASS,PASS,FAIL,PASS,WARNING,PASS,PASS,PASS,4219.143053,4181.003532,-38.13952067,0.0333,,,e6584331-3b59-4744-bbac-c170b75310e3,,,,,,,
c4025167-ead4-44fb-b637-d887d715c440,ZFM-08871,training,0.732,PASS,PASS,FAIL,PASS,WARNING,PASS,PASS,PASS,3147.707121,3111.535066,-36.17205533,0.0333,,,c4025167-ead4-44fb-b637-d887d715c440,,,,,,,
05d6d258-1768-4e89-9de1-51b6acf6f997,ZFM-08871,training,0.732,PASS,PASS,FAIL,PASS,WARNING,PASS,PASS,PASS,2966.732735,2898.959032,-67.77370267,0.0333,,,05d6d258-1768-4e89-9de1-51b6acf6f997,,,,,,,
c676b906-2d23-4f15-bd6b-9e47a2992c57,ZFM-08871,training,0.732,PASS,PASS,FAIL,PASS,WARNING,PASS,PASS,PASS,2837.902327,2800.058633,-37.84369367,0.0333,,,c676b906-2d23-4f15-bd6b-9e47a2992c57,,,,,,,
dcc3ebe0-d9af-456b-b51e-de77a713b6dc,ZFM-08871,training,0.732,PASS,PASS,FAIL,PASS,WARNING,PASS,PASS,PASS,2993.332013,2950.605199,-42.726814,0.0333,,,dcc3ebe0-d9af-456b-b51e-de77a713b6dc,,,,,,,
12616b86-ebe2-4a9f-8e7e-1bcfafe74b52,ZFM-08871,training,0.732,PASS,PASS,FAIL,PASS,WARNING,PASS,PASS,PASS,3480.36414,3434.765366,-45.59877433,0.0333,,,12616b86-ebe2-4a9f-8e7e-1bcfafe74b52,,,,,,,
d59c4558-3885-4e3f-b424-b9790d09b11d,ZFM-08871,training,0.732,PASS,PASS,FAIL,PASS,WARNING,PASS,PASS,PASS,2867.583001,2834.073932,-33.50906867,0.0333,,,d59c4558-3885-4e3f-b424-b9790d09b11d,,,,,,,
a4fbdb07-02b4-49fd-9ddc-87271a11f4d3,ZFM-09044,training,0.732,PASS,PASS,FAIL,PASS,WARNING,PASS,PASS,PASS,3026.466841,2997.109932,-29.35690867,0.0333,,,a4fbdb07-02b4-49fd-9ddc-87271a11f4d3,,,,,,,
7a7e6659-2683-49ca-90cd-1f3d14834f78,ZFM-09044,training,0.732,PASS,WARNING,FAIL,PASS,PASS,PASS,PASS,PASS,2883.336635,2843.846632,-39.49000267,0.0333,,,7a7e6659-2683-49ca-90cd-1f3d14834f78,,,,,,,
177557ae-199a-4177-9995-2adee1276bc9,ZFM-09044,training,0.732,PASS,PASS,FAIL,PASS,WARNING,PASS,PASS,PASS,2992.885805,2889.609566,-103.2762393,0.0333,,,177557ae-199a-4177-9995-2adee1276bc9,,,,,,,
4689096f-9153-4574-a558-366b5130cf73,ZFM-09044,training,0.732,PASS,PASS,FAIL,PASS,WARNING,PASS,PASS,PASS,2818.972888,2758.830033,-60.14285467,0.0333,,,4689096f-9153-4574-a558-366b5130cf73,,,,,,,
bd1d1cc2-5363-4557-b67d-90a24616220e,ZFM-09139,training,0.732,PASS,PASS,FAIL,PASS,WARNING,PASS,PASS,PASS,3736.183602,3657.184166,-78.99943633,0.0333,,,bd1d1cc2-5363-4557-b67d-90a24616220e,,,,,,,
da728f9d-a116-4746-bd5a-c25006d78fca,ZFM-09139,training,0.732,PASS,PASS,FAIL,PASS,WARNING,PASS,PASS,PASS,3705.559861,3652.790832,-52.76902867,0.0333,,,da728f9d-a116-4746-bd5a-c25006d78fca,,,,,,,
3bd8857c-8562-4bd6-982b-4a98814fab4d,ZFM-09139,training,0.732,PASS,PASS,FAIL,PASS,WARNING,PASS,PASS,PASS,3657.754437,3617.850099,-39.904338,0.0333,,,3bd8857c-8562-4bd6-982b-4a98814fab4d,,,,,,,
753ceca6-80c6-4e0e-98b1-9924d85cfc06,ZFM-09139,training,0.732,PASS,PASS,FAIL,PASS,WARNING,PASS,PASS,PASS,2956.701904,2920.688666,-36.01323833,0.0333,,,753ceca6-80c6-4e0e-98b1-9924d85cfc06,,,,,,,
331d27d6-9c16-4870-bb88-1d695412ec8b,ZFM-09139,training,0.732,PASS,PASS,FAIL,PASS,WARNING,PASS,PASS,PASS,3887.561166,3855.184767,-32.37639933,0.0333,,,331d27d6-9c16-4870-bb88-1d695412ec8b,,,,,,,
3735928b-3f52-49be-9fba-15ea36d3da59,ZFM-09139,training,0.732,PASS,WARNING,FAIL,PASS,PASS,PASS,PASS,PASS,3289.019106,3256.657299,-32.361807,0.0333,,,3735928b-3f52-49be-9fba-15ea36d3da59,,,,,,,
105fe1f3-f3bf-4c98-89d3-78b6e08ad747,ZFM-09139,training,0.732,PASS,PASS,FAIL,PASS,WARNING,PASS,PASS,PASS,2817.945026,2782.321232,-35.62379367,0.0333,,,105fe1f3-f3bf-4c98-89d3-78b6e08ad747,,,,,,,
ffe36ded-90f7-48d7-85de-a9858566bed5,ZFM-09139,training,0.732,PASS,PASS,FAIL,PASS,WARNING,PASS,PASS,PASS,2878.552322,2807.1796,-71.372722,0.0333,,,ffe36ded-90f7-48d7-85de-a9858566bed5,,,,,,,
ded2d47b-5977-45a6-9168-211401d5afff,ZFM-09140,training,0.732,PASS,PASS,FAIL,PASS,WARNING,PASS,PASS,PASS,5505.858693,5473.058432,-32.80026067,0.0333,,,ded2d47b-5977-45a6-9168-211401d5afff,,,,,,,
919f2201-0533-451a-92d4-685ab8d9baf9,ZFM-09140,training,0.732,PASS,PASS,FAIL,PASS,WARNING,PASS,PASS,PASS,5543.659384,5493.108165,-50.55121933,0.0333,,,919f2201-0533-451a-92d4-685ab8d9baf9,,,,,,,
3f98f442-1ecd-4778-a25f-608b92c89c7a,ZFM-09341,training,0.732,FAIL,PASS,WARNING,PASS,PASS,PASS,PASS,PASS,3672.492555,3611.612799,-60.879756,0.0333,,,3f98f442-1ecd-4778-a25f-608b92c89c7a,,,,,,,
44e296ad-f239-48ff-9a9c-fbd0ff00dfc3,ZFM-09341,training,0.732,FAIL,PASS,WARNING,PASS,PASS,PASS,PASS,PASS,3685.427078,3650.857966,-34.56911233,0.0333,,,44e296ad-f239-48ff-9a9c-fbd0ff00dfc3,,,,,,,
8e9b908c-4081-4392-93c7-20759b2f3f9d,ZFM-09341,training,0.732,FAIL,PASS,WARNING,PASS,PASS,PASS,PASS,PASS,3667.834989,3618.287699,-49.54729,0.0333,,,8e9b908c-4081-4392-93c7-20759b2f3f9d,,,,,,,
7989849d-16e0-4402-b9df-f6790fa8b909,ZFM-09341,training,0.732,FAIL,PASS,WARNING,PASS,PASS,PASS,PASS,PASS,3520.966163,3483.877433,-37.08872967,0.0333,,,7989849d-16e0-4402-b9df-f6790fa8b909,,,,,,,
5cbcb2ed-2e6c-43a6-a437-b6e0b69a9949,ZFM-09346,training,0.732,FAIL,PASS,WARNING,PASS,PASS,PASS,PASS,PASS,3763.424208,3720.899332,-42.52487567,0.0333,,,5cbcb2ed-2e6c-43a6-a437-b6e0b69a9949,,,,,,,
bd8c024e-bd55-4cbb-8402-05c03fd261d6,ZFM-09346,training,0.732,FAIL,PASS,WARNING,PASS,PASS,PASS,PASS,PASS,3763.80819,3612.530566,-151.2776243,0.0333,,,bd8c024e-bd55-4cbb-8402-05c03fd261d6,,,,,,,
5ee6c35d-3638-49b5-9b42-fef49f04b31d,ZFM-09346,training,0.732,PASS,PASS,FAIL,PASS,WARNING,PASS,PASS,PASS,3220.324743,3119.110432,-101.2143107,0.0333,,,5ee6c35d-3638-49b5-9b42-fef49f04b31d,,,,,,,
0ae9f4cb-303a-4ad1-af98-e850d9ac304f,ZFM-09346,training,0.732,FAIL,PASS,WARNING,PASS,PASS,PASS,PASS,PASS,3011.247809,2984.866567,-26.38124233,0.0333,,,0ae9f4cb-303a-4ad1-af98-e850d9ac304f,,,,,,,
643def60-1478-4e5d-b2a0-952b2c7b2732,ZFM-09346,training,0.732,FAIL,PASS,WARNING,PASS,PASS,PASS,PASS,PASS,3473.114101,3337.411666,-135.7024353,0.0333,,,643def60-1478-4e5d-b2a0-952b2c7b2732,,,,,,,
5c3e934a-5917-428a-955c-9e62712f0b4e,ZFM-09346,training,0.732,FAIL,PASS,WARNING,PASS,PASS,PASS,PASS,PASS,3643.357514,3602.469065,-40.88844933,0.0333,,,5c3e934a-5917-428a-955c-9e62712f0b4e,,,,,,,
d2943c89-7847-4ae8-9a75-1094ba2bf5fe,ZFM-09346,training,0.732,FAIL,PASS,WARNING,PASS,PASS,PASS,PASS,PASS,5478.054085,5426.332999,-51.721086,0.0333,,,d2943c89-7847-4ae8-9a75-1094ba2bf5fe,,,,,,,
6fb09c61-d9d8-44e5-9def-6a9c53f1b1d9,ZFM-09346,training,0.732,FAIL,PASS,WARNING,PASS,PASS,PASS,PASS,PASS,4887.792483,4825.685433,-62.10704967,0.0333,,,6fb09c61-d9d8-44e5-9def-6a9c53f1b1d9,,,,,,,
aa2fa3ee-566e-4fc2-b841-e417d57ae07e,ZFM-09346,training,0.732,FAIL,PASS,WARNING,PASS,PASS,PASS,PASS,PASS,3865.598088,3822.736667,-42.86142133,0.0333,,,aa2fa3ee-566e-4fc2-b841-e417d57ae07e,,,,,,,
249979a4-899c-4f68-ada8-55ef52fff1ea,ZFM-09350,training,0.732,FAIL,PASS,WARNING,PASS,PASS,PASS,PASS,PASS,3726.018481,3682.653066,-43.36541533,0.0333,,,249979a4-899c-4f68-ada8-55ef52fff1ea,,,,,,,
ff2dd422-62ce-4d4d-a398-14c4a9a0a8d5,ZFM-09350,training,0.732,FAIL,PASS,WARNING,PASS,PASS,PASS,PASS,PASS,3654.816457,3605.319966,-49.49649133,0.0333,,,ff2dd422-62ce-4d4d-a398-14c4a9a0a8d5,,,,,,,
f026b339-08e6-4bed-8d9e-6fe19ae7bc38,ZFM-09350,training,0.732,FAIL,PASS,WARNING,PASS,PASS,PASS,PASS,PASS,3662.477623,3604.854832,-57.62279067,0.0333,,,f026b339-08e6-4bed-8d9e-6fe19ae7bc38,,,,,,,
ab5601c8-69d2-421c-a5e5-4820c5748b49,ZFM-09350,training,0.732,PASS,PASS,FAIL,PASS,WARNING,PASS,PASS,PASS,3042.893551,3004.242932,-38.65061867,0.0333,,,ab5601c8-69d2-421c-a5e5-4820c5748b49,,,,,,,
1bfb6499-0b47-4d27-a574-98f7d7d9c9a0,ZFM-09350,training,0.732,PASS,PASS,FAIL,PASS,WARNING,PASS,PASS,PASS,3343.040237,3286.609233,-56.43100367,0.0333,,,1bfb6499-0b47-4d27-a574-98f7d7d9c9a0,,,,,,,
efa6fdda-8387-40ce-bfb8-a31bd7cf0bf2,ZFM-09350,training,0.732,PASS,PASS,FAIL,PASS,WARNING,PASS,PASS,PASS,4843.874127,4800.032032,-43.84209467,0.0333,,,efa6fdda-8387-40ce-bfb8-a31bd7cf0bf2,,,,,,,
38abb389-584e-497a-ac4d-301d77b47f69,ZFM-09365,training,0.732,FAIL,PASS,WARNING,PASS,PASS,PASS,PASS,PASS,3680.095405,3638.102966,-41.99243933,0.0333,,,38abb389-584e-497a-ac4d-301d77b47f69,,,,,,,
c7a0c8c6-7526-4149-b524-20ad93cf3db8,ZFM-09365,training,0.732,FAIL,PASS,WARNING,PASS,PASS,PASS,PASS,PASS,3645.6097,3588.717767,-56.89193333,0.0333,,,c7a0c8c6-7526-4149-b524-20ad93cf3db8,,,,,,,
70b7d3bc-2c0a-4e43-9093-7b90aae76d99,ZFM-09365,training,0.732,FAIL,PASS,WARNING,PASS,PASS,PASS,PASS,PASS,3597.817748,3557.845899,-39.971849,0.0333,,,70b7d3bc-2c0a-4e43-9093-7b90aae76d99,,,,,,,
09e122cc-3a96-4587-af5b-8a750c43e5a1,ZFM-09365,training,0.732,FAIL,PASS,WARNING,PASS,PASS,PASS,PASS,PASS,5222.961101,5177.797499,-45.163602,0.0333,,,09e122cc-3a96-4587-af5b-8a750c43e5a1,,,,,,,
57861131-4168-4560-9e81-0b90bb633137,ZFM-09365,training,0.732,FAIL,PASS,WARNING,PASS,PASS,PASS,PASS,PASS,3133.176792,3094.369766,-38.80702633,0.0333,,,57861131-4168-4560-9e81-0b90bb633137,,,,,,,
3e37c71f-243c-46d5-a3d8-943f816b9e81,ZFM-09365,training,0.732,FAIL,PASS,WARNING,PASS,PASS,PASS,PASS,PASS,2814.669657,2776.060832,-38.60882467,0.0333,,,3e37c71f-243c-46d5-a3d8-943f816b9e81,,,,,,,
968118bf-4e6d-4164-bd5b-cecf3792609b,ZFM-09365,training,0.732,FAIL,PASS,WARNING,PASS,PASS,PASS,PASS,PASS,3320.412641,3283.730032,-36.68260867,0.0333,,,968118bf-4e6d-4164-bd5b-cecf3792609b,,,,,,,
1f88ff74-7166-4db4-a4e7-f72f554ae4f4,ZFM-09365,training,0.732,FAIL,PASS,WARNING,PASS,PASS,PASS,PASS,PASS,2899.610002,2835.872899,-63.737103,0.0333,,,1f88ff74-7166-4db4-a4e7-f72f554ae4f4,,,,,,,
53490805-c85b-4713-b1aa-b83f98a75142,ZFM-09365,training,0.732,FAIL,PASS,WARNING,PASS,PASS,PASS,PASS,PASS,2811.683064,2763.439199,-48.243865,0.0333,,,53490805-c85b-4713-b1aa-b83f98a75142,,,,,,,
08c9709f-dd85-4594-a401-c0db8cfeb0fa,ZFM-09365,training,0.732,FAIL,PASS,WARNING,PASS,PASS,PASS,PASS,PASS,3173.492156,3132.867833,-40.62432267,0.0333,,,08c9709f-dd85-4594-a401-c0db8cfeb0fa,,,,,,,
ea67d72d-0b2b-4fed-824d-18f37846fd53,ZFM-09365,training,0.732,FAIL,PASS,WARNING,PASS,PASS,PASS,PASS,PASS,3133.116208,3080.082232,-53.03397567,0.0333,,,ea67d72d-0b2b-4fed-824d-18f37846fd53,,,,,,,
5dda0a42-af33-4cd7-ae08-d9ff8f3b1920,ZFM-09365,training,0.732,FAIL,PASS,WARNING,PASS,PASS,PASS,PASS,PASS,2932.667765,2868.709066,-63.95869933,0.0333,,,5dda0a42-af33-4cd7-ae08-d9ff8f3b1920,,,,,,,
53d7f001-c9e7-4161-a7ea-804aeae186ca,ZFM-09365,training,0.732,FAIL,PASS,WARNING,PASS,PASS,PASS,PASS,PASS,3105.610429,3065.462099,-40.14833,0.0333,,,53d7f001-c9e7-4161-a7ea-804aeae186ca,,,,,,,
d5d34cf3-3780-450d-86cd-f39a603677ec,ZFM-09377,training,0.732,FAIL,PASS,WARNING,PASS,PASS,PASS,PASS,PASS,3651.762161,3593.477266,-58.28489533,0.0333,,,d5d34cf3-3780-450d-86cd-f39a603677ec,,,,,,,
db75de71-4e63-4e05-be49-50f89fc4dcf5,ZFM-09377,training,0.732,FAIL,PASS,WARNING,PASS,PASS,PASS,PASS,PASS,3823.102974,3796.291566,-26.81140833,0.0333,,,db75de71-4e63-4e05-be49-50f89fc4dcf5,,,,,,,
bc74ee4e-b58c-469d-b3a3-da5df2e4f5ec,ZFM-09394,training,0.732,FAIL,PASS,WARNING,PASS,PASS,PASS,PASS,PASS,5467.441234,5418.103798,-49.337436,0.0333,,,bc74ee4e-b58c-469d-b3a3-da5df2e4f5ec,,,,,,,
0fe8d828-30f5-4a37-815c-830dc7f20c15,ZFM-09394,training,0.732,PASS,PASS,FAIL,PASS,WARNING,PASS,PASS,PASS,3510.290255,3466.133132,-44.15712267,0.0333,,,0fe8d828-30f5-4a37-815c-830dc7f20c15,,,,,,,
8e29d604-3088-4ce3-8f1a-f42cdba12c72,ZFM-09402,training,0.732,FAIL,PASS,WARNING,PASS,PASS,PASS,PASS,PASS,3772.672544,3732.186032,-40.48651167,0.0333,,,8e29d604-3088-4ce3-8f1a-f42cdba12c72,,,,,,,
7e9564ff-f998-491a-b142-e69015e5db8b,ZFM-09402,training,0.732,FAIL,PASS,WARNING,PASS,PASS,PASS,PASS,PASS,4229.417156,4198.758966,-30.65819033,0.0333,,,7e9564ff-f998-491a-b142-e69015e5db8b,,,,,,,
d7beecc3-43d4-45ad-9ad1-201022ac542c,ZFM-09402,training,0.732,FAIL,PASS,WARNING,PASS,PASS,PASS,PASS,PASS,5118.696824,5078.221766,-40.47505833,0.0333,,,d7beecc3-43d4-45ad-9ad1-201022ac542c,,,,,,,
14f3b83d-9ab5-4a2e-bb34-5b95defc0766,ZFM-09402,training,0.732,FAIL,PASS,WARNING,PASS,PASS,PASS,PASS,PASS,5547.269313,5489.045898,-58.223415,0.0333,,,14f3b83d-9ab5-4a2e-bb34-5b95defc0766,,,,,,,
4d009938-2b2c-4813-8aed-a4667d6cdfa8,ZFM-09402,training,0.732,PASS,PASS,FAIL,PASS,WARNING,PASS,PASS,PASS,3829.446603,3791.427532,-38.01907067,0.0333,,,4d009938-2b2c-4813-8aed-a4667d6cdfa8,,,,,,,
3a2a0c6c-96f0-4f37-b374-e25c1613ca4c,ZFM-09402,training,0.732,PASS,PASS,FAIL,PASS,WARNING,PASS,PASS,PASS,3860.007137,3818.148566,-41.85857133,0.0333,,,3a2a0c6c-96f0-4f37-b374-e25c1613ca4c,,,,,,,
b2223a45-aa40-4a4c-ba24-d7e0d1d3a997,ZFM-09402,training,0.732,PASS,PASS,FAIL,PASS,WARNING,PASS,PASS,PASS,4201.229499,4156.813232,-44.41626667,0.0333,,,b2223a45-aa40-4a4c-ba24-d7e0d1d3a997,,,,,,,
689c3ee6-efae-4513-abac-2bbb6a676f01,ZFM-09410,training,0.732,PASS,WARNING,FAIL,PASS,PASS,PASS,PASS,PASS,3734.859541,3688.581432,-46.27810867,0.0333,,,689c3ee6-efae-4513-abac-2bbb6a676f01,,,,,,,
6ac262e9-63d8-44f5-9ee3-88745b2283aa,ZFM-09410,training,0.732,PASS,PASS,FAIL,PASS,WARNING,PASS,PASS,PASS,3699.37957,3648.950632,-50.42893767,0.0333,,,6ac262e9-63d8-44f5-9ee3-88745b2283aa,,,,,,,
59502bca-70a8-4470-abee-d2a07d9f765b,ZFM-09410,training,0.732,PASS,PASS,FAIL,PASS,WARNING,PASS,PASS,PASS,4135.010948,4040.029232,-94.98171567,0.0333,,,59502bca-70a8-4470-abee-d2a07d9f765b,,,,,,,
8e1e8abd-1163-460c-bea5-0e5dc8c2a7df,ZFM-09439,training,0.732,FAIL,PASS,WARNING,PASS,PASS,PASS,PASS,PASS,3212.226015,3159.210532,-53.01548267,0.0333,,,8e1e8abd-1163-460c-bea5-0e5dc8c2a7df,,,,,,,
f1fde284-f124-431b-9fb4-f119d11bfc13,ZFM-09439,training,0.732,FAIL,PASS,WARNING,PASS,PASS,PASS,PASS,PASS,4197.270465,4150.570099,-46.700366,0.0333,,,f1fde284-f124-431b-9fb4-f119d11bfc13,,,,,,,
63932ce0-898b-4f58-a913-28ca8a7a1c8f,ZFM-09439,training,0.732,FAIL,PASS,WARNING,PASS,PASS,PASS,PASS,PASS,3502.627884,3466.762698,-35.865186,0.0333,,,63932ce0-898b-4f58-a913-28ca8a7a1c8f,,,,,,,
cf6ebe4b-bc62-4df0-ae80-2ef2f346f8e2,ZFM-09439,training,0.732,FAIL,PASS,WARNING,PASS,PASS,PASS,PASS,PASS,4996.032929,4950.372166,-45.66076333,0.0333,,,cf6ebe4b-bc62-4df0-ae80-2ef2f346f8e2,,,,,,,
38313dff-bc10-4e6d-8bd2-63a41480f82f,ZFM-09439,training,0.732,FAIL,PASS,WARNING,PASS,PASS,PASS,PASS,PASS,4364.959458,4324.677498,-40.28196,0.0333,,,38313dff-bc10-4e6d-8bd2-63a41480f82f,,,,,,,
7e39baf0-e8d9-4de7-ac0a-4be3e572dc51,ZFM-09439,training,0.732,FAIL,PASS,WARNING,PASS,PASS,PASS,PASS,PASS,3107.667377,3056.604299,-51.063078,0.0333,,,7e39baf0-e8d9-4de7-ac0a-4be3e572dc51,,,,,,,
e600b421-76ba-4eec-9213-680ee84e69e9,ZFM-08828,biased,0.665,FAIL,PASS,WARNING,PASS,NOT_SET,PASS,PASS,PASS,3322.112999,3282.996566,-39.11643333,0.0333,,,e600b421-76ba-4eec-9213-680ee84e69e9,,,,,,,
b0e87072-abd7-4171-a5d7-e2d5fd313572,ZFM-08828,biased,0.665,FAIL,PASS,WARNING,PASS,NOT_SET,PASS,PASS,PASS,4656.473454,4595.330166,-61.14328833,0.0333,,,b0e87072-abd7-4171-a5d7-e2d5fd313572,,,,,,,
2476b64b-c896-458e-a03f-eb66cbeb4ea5,ZFM-09346,training,0.665,FAIL,PASS,WARNING,PASS,NOT_SET,PASS,PASS,PASS,4089.919678,4048.630032,-41.28964567,0.0333,,,2476b64b-c896-458e-a03f-eb66cbeb4ea5,,,,,,,
cc8a4a4c-13df-480f-a7cd-c240f2f239ab,ZFM-09346,training,0.665,FAIL,PASS,WARNING,PASS,NOT_SET,PASS,PASS,PASS,4850.265849,4751.653599,-98.61225,0.0333,,,cc8a4a4c-13df-480f-a7cd-c240f2f239ab,,,,,,,
270a1e9c-8756-4f5d-b4fc-fc3c1a0db237,ZFM-09365,training,0.665,FAIL,PASS,WARNING,PASS,NOT_SET,PASS,PASS,PASS,3271.649176,3210.696667,-60.95250933,0.0333,,,270a1e9c-8756-4f5d-b4fc-fc3c1a0db237,,,,,,,
e8133528-3733-4aa5-9ccd-0201f79ae964,ZFM-09402,training,0.665,FAIL,PASS,WARNING,PASS,NOT_SET,PASS,PASS,PASS,3655.254184,3609.198766,-46.05541833,0.0333,,,e8133528-3733-4aa5-9ccd-0201f79ae964,,,,,,,
762b976a-b4f2-4517-bcf3-79dde59f2d92,ZFM-09402,training,0.665,FAIL,PASS,WARNING,PASS,NOT_SET,PASS,PASS,PASS,3708.132324,3667.245667,-40.88665733,0.0333,,,762b976a-b4f2-4517-bcf3-79dde59f2d92,,,,,,,
086e6def-43f0-4d05-9095-a29898d7ddc7,ZFM-09439,training,0.665,FAIL,PASS,WARNING,PASS,NOT_SET,PASS,PASS,PASS,3697.631154,3650.760832,-46.87032167,0.0333,,,086e6def-43f0-4d05-9095-a29898d7ddc7,,,,,,,
94ec6bfc-0bce-4bb1-9e9e-c2778df2a7db,ZFM-08652,biased,0.664,PASS,WARNING,FAIL,PASS,WARNING,PASS,PASS,PASS,3530.057034,3501.986632,-28.07040167,0.0333,,,94ec6bfc-0bce-4bb1-9e9e-c2778df2a7db,,,,,,,
f09e7323-0739-4b4c-b929-0e36c4769c00,ZFM-08776,biased,0.664,FAIL,PASS,WARNING,PASS,WARNING,PASS,PASS,PASS,3416.083537,3363.489299,-52.594238,0.0333,,,f09e7323-0739-4b4c-b929-0e36c4769c00,,,,,,,
792a7296-1468-450d-9feb-09807850d8db,ZFM-08828,biased,0.664,FAIL,PASS,WARNING,PASS,WARNING,PASS,PASS,PASS,3388.826947,3312.667767,-76.15918033,0.0333,,,792a7296-1468-450d-9feb-09807850d8db,,,,,,,
06b4e970-b8df-43e7-ad6b-2130ad95a385,ZFM-08828,biased,0.664,FAIL,PASS,WARNING,PASS,WARNING,PASS,PASS,PASS,4064.827786,4031.013198,-33.814588,0.0333,,,06b4e970-b8df-43e7-ad6b-2130ad95a385,,,,,,,
45f3a8b1-7f34-4fc7-947a-2ab75eaac2ce,CQ009,training,0.664,PASS,WARNING,FAIL,PASS,WARNING,PASS,PASS,PASS,2920.087,2752.310765,-167.7762353,0.0333,,,45f3a8b1-7f34-4fc7-947a-2ab75eaac2ce,,,,,,,
ebd1dd0d-2a1e-42fb-a763-71b3b811b976,CQ011,training,0.664,PASS,WARNING,FAIL,PASS,WARNING,PASS,PASS,PASS,2750.356,2624.892832,-125.4631677,0.0333,,,ebd1dd0d-2a1e-42fb-a763-71b3b811b976,,,,,,,
748292b4-ff07-465d-885e-9b36f939cde0,CQ011,training,0.664,PASS,WARNING,FAIL,PASS,WARNING,PASS,PASS,PASS,2795.644,2681.6744,-113.9696,0.0333,,,748292b4-ff07-465d-885e-9b36f939cde0,,,,,,,
f4125366-2de2-42de-a90e-9126e331407e,CQ011,training,0.664,PASS,WARNING,FAIL,PASS,WARNING,PASS,PASS,PASS,2778.052,2645.740299,-132.311701,0.0333,,,f4125366-2de2-42de-a90e-9126e331407e,,,,,,,
c84485f9-e383-4dc9-83e6-773ad1e68ff9,CQ014,training,0.664,PASS,WARNING,FAIL,PASS,WARNING,PASS,PASS,PASS,3608.113,3584.6778,-23.4352,0.0333,,,c84485f9-e383-4dc9-83e6-773ad1e68ff9,,,,,,,
203ba371-cba9-4c9c-a61f-17c375172e2e,CQ014,training,0.664,PASS,WARNING,FAIL,PASS,WARNING,PASS,PASS,PASS,3653.248,3521.569966,-131.6780343,0.0333,,,203ba371-cba9-4c9c-a61f-17c375172e2e,,,,,,,
ad411541-3e52-47ec-818c-1e3400acf0a9,CQ014,training,0.664,PASS,WARNING,FAIL,PASS,WARNING,PASS,PASS,PASS,3043,2897.141219,-145.8587808,0.0101,,,ad411541-3e52-47ec-818c-1e3400acf0a9,,,,,,,
c91554ae-60ad-41ac-acb3-f468ec08255e,CQ014,training,0.664,PASS,WARNING,FAIL,PASS,WARNING,PASS,PASS,PASS,3582.437,3534.424433,-48.01256667,0.0333,,,c91554ae-60ad-41ac-acb3-f468ec08255e,,,,,,,
12572b42-c2c2-4be9-976f-89db1904e9b4,CQ014,training,0.664,PASS,WARNING,FAIL,PASS,WARNING,PASS,PASS,PASS,3553,3505.157009,-47.84299091,0.0101,,,12572b42-c2c2-4be9-976f-89db1904e9b4,,,,,,,
8fbe6ac5-eaa0-4473-8261-67e53366235c,CQ014,training,0.664,PASS,WARNING,FAIL,PASS,WARNING,PASS,PASS,PASS,4103,4000.988318,-102.0116818,0.0101,,,8fbe6ac5-eaa0-4473-8261-67e53366235c,,,,,,,
f43a0d98-9c33-48a1-b113-df1b808fdea8,CQ017,training,0.664,PASS,WARNING,FAIL,PASS,WARNING,PASS,PASS,PASS,4329.494,4295.466799,-34.027201,0.0333,,,f43a0d98-9c33-48a1-b113-df1b808fdea8,,,,,,,
6ab1f427-cd38-4178-8bee-19be85a5c889,ZFM-08689,training,0.664,PASS,WARNING,FAIL,PASS,WARNING,PASS,PASS,PASS,3650.861142,3624.254132,-26.60700967,0.0333,,,6ab1f427-cd38-4178-8bee-19be85a5c889,,,,,,,
fce9fdbf-d8fe-4a63-bcb8-78638b6f953d,ZFM-08751,training,0.664,FAIL,WARNING,WARNING,PASS,PASS,PASS,PASS,PASS,3867.662285,3830.765332,-36.89695267,0.0333,,,fce9fdbf-d8fe-4a63-bcb8-78638b6f953d,,,,,,,
ea08c98b-865a-48e2-ad6f-35adcf51651b,ZFM-08813,training,0.664,PASS,WARNING,FAIL,PASS,WARNING,PASS,PASS,PASS,3613.54099,3583.157565,-30.38342533,0.0333,,,ea08c98b-865a-48e2-ad6f-35adcf51651b,,,,,,,
cc70027f-574d-47ff-8a34-85b15e73e134,ZFM-08818,training,0.664,FAIL,PASS,WARNING,PASS,WARNING,PASS,PASS,PASS,3690,3655.481666,-34.51833433,0.0333,,,cc70027f-574d-47ff-8a34-85b15e73e134,,,,,,,
b2ccc9b4-649a-469c-ab6d-77c72db035ba,ZFM-08818,training,0.664,FAIL,WARNING,WARNING,PASS,PASS,PASS,PASS,PASS,5415.992188,5373.390131,-42.60205667,0.0333,,,b2ccc9b4-649a-469c-ab6d-77c72db035ba,,,,,,,
7186443a-0552-47c8-abe3-4c31dce75a03,ZFM-08827,training,0.664,FAIL,PASS,WARNING,PASS,WARNING,PASS,PASS,PASS,3670.696332,3634.284632,-36.41169967,0.0333,,,7186443a-0552-47c8-abe3-4c31dce75a03,,,,,,,
c5077e79-c2e8-4144-bf15-f94c24e4c149,ZFM-08828,training,0.664,FAIL,PASS,WARNING,PASS,WARNING,PASS,PASS,PASS,3924.584058,3885.219032,-39.36502567,0.0333,,,c5077e79-c2e8-4144-bf15-f94c24e4c149,,,,,,,
6d09ed6b-3f0b-4d05-94b2-0af6314b6fdd,ZFM-08828,training,0.664,PASS,WARNING,FAIL,PASS,WARNING,PASS,PASS,PASS,3180.238557,3078.580967,-101.6575903,0.0333,,,6d09ed6b-3f0b-4d05-94b2-0af6314b6fdd,,,,,,,
7f4baa47-0cf5-4d65-9ebe-fd8ecbacbdde,ZFM-08828,training,0.664,FAIL,PASS,WARNING,PASS,WARNING,PASS,PASS,PASS,4409.897585,4383.853566,-26.04401933,0.0333,,,7f4baa47-0cf5-4d65-9ebe-fd8ecbacbdde,,,,,,,
1d4454a3-6207-4dc7-833b-db3b4300dcde,ZFM-09044,training,0.664,FAIL,PASS,WARNING,PASS,WARNING,PASS,PASS,PASS,2859.865879,2823.734366,-36.13151333,0.0333,,,1d4454a3-6207-4dc7-833b-db3b4300dcde,,,,,,,
1e7d60be-aafd-4c39-b4cc-94585f6bc0bc,ZFM-09044,training,0.664,FAIL,PASS,WARNING,PASS,WARNING,PASS,PASS,PASS,3445.255618,3298.801832,-146.4537857,0.0333,,,1e7d60be-aafd-4c39-b4cc-94585f6bc0bc,,,,,,,
37215b1d-8baa-48ca-a629-bb38b6c404bc,ZFM-09139,training,0.664,PASS,WARNING,FAIL,PASS,WARNING,PASS,PASS,PASS,3750.862317,3714.553932,-36.30838467,0.0333,,,37215b1d-8baa-48ca-a629-bb38b6c404bc,,,,,,,
3df35a5d-0010-4b76-925b-3d08725a691e,ZFM-09341,training,0.664,FAIL,PASS,WARNING,PASS,WARNING,PASS,PASS,PASS,3728.455792,3684.860066,-43.59572633,0.0333,,,3df35a5d-0010-4b76-925b-3d08725a691e,,,,,,,
b214e1c9-7187-460b-9b2f-be87aa984a45,ZFM-09346,training,0.664,FAIL,PASS,WARNING,PASS,WARNING,PASS,PASS,PASS,3922.833333,3879.522432,-43.31090067,0.0333,,,b214e1c9-7187-460b-9b2f-be87aa984a45,,,,,,,
f1820dc6-3727-47bb-b7d5-90254420137b,ZFM-09346,training,0.664,FAIL,PASS,WARNING,PASS,WARNING,PASS,PASS,PASS,3641.432241,3599.671365,-41.76087633,0.0333,,,f1820dc6-3727-47bb-b7d5-90254420137b,,,,,,,
2886dab0-8fdb-4799-88de-8520aa730968,ZFM-09346,training,0.664,FAIL,PASS,WARNING,PASS,WARNING,PASS,PASS,PASS,3651.668129,3600.704066,-50.96406333,0.0333,,,2886dab0-8fdb-4799-88de-8520aa730968,,,,,,,
2ebb8c2e-af10-472d-a5b0-e7a79a073be4,ZFM-09346,training,0.664,FAIL,PASS,WARNING,PASS,WARNING,PASS,PASS,PASS,5529.823084,5464.767399,-65.055685,0.0333,,,2ebb8c2e-af10-472d-a5b0-e7a79a073be4,,,,,,,
b726f233-58a6-43bf-b225-e80e681c281b,ZFM-09346,training,0.664,FAIL,PASS,WARNING,PASS,WARNING,PASS,PASS,PASS,4493.918666,4445.633266,-48.28540033,0.0333,,,b726f233-58a6-43bf-b225-e80e681c281b,,,,,,,
e3f1f54b-52cf-45b6-9e89-332d5a5e1772,ZFM-09350,training,0.664,FAIL,PASS,WARNING,PASS,WARNING,PASS,PASS,PASS,3761.940371,3712.626732,-49.31363867,0.0333,,,e3f1f54b-52cf-45b6-9e89-332d5a5e1772,,,,,,,
b2ce1487-e6aa-4e40-ae8f-c3bd85fa1566,ZFM-09350,training,0.664,FAIL,PASS,WARNING,PASS,WARNING,PASS,PASS,PASS,3674.329525,3628.266232,-46.06329267,0.0333,,,b2ce1487-e6aa-4e40-ae8f-c3bd85fa1566,,,,,,,
aa031500-fc75-42e5-a281-09e2cc93b549,ZFM-09365,training,0.664,FAIL,PASS,WARNING,PASS,WARNING,PASS,PASS,PASS,3650.690115,3611.993499,-38.696616,0.0333,,,aa031500-fc75-42e5-a281-09e2cc93b549,,,,,,,
3c4115c7-2538-4374-850a-4670227955bd,ZFM-09365,training,0.664,FAIL,PASS,WARNING,PASS,WARNING,PASS,PASS,PASS,3679.571674,3645.063199,-34.508475,0.0333,,,3c4115c7-2538-4374-850a-4670227955bd,,,,,,,
3a5896c5-f646-4e50-966b-17ccee4bf9ef,ZFM-09402,training,0.664,FAIL,PASS,WARNING,PASS,WARNING,PASS,PASS,PASS,3637.543012,3587.385366,-50.15764633,0.0333,,,3a5896c5-f646-4e50-966b-17ccee4bf9ef,,,,,,,
59ddf90f-4541-4e50-ad64-e300cce8447b,ZFM-09439,training,0.664,FAIL,PASS,WARNING,PASS,WARNING,PASS,PASS,PASS,3495.623477,3435.656899,-59.966578,0.0333,,,59ddf90f-4541-4e50-ad64-e300cce8447b,,,,,,,
5c5a5525-cde9-41bc-95b9-90a3a0c7bce3,ZFM-03059,biased,0.6,FAIL,PASS,FAIL,PASS,PASS,PASS,PASS,PASS,4264.723802,4276.616167,11.89236467,0.0333,,,5c5a5525-cde9-41bc-95b9-90a3a0c7bce3,,,,,,,
5ca239fe-e7aa-4a90-920c-bb54e6612ba4,ZFM-03061,biased,0.6,FAIL,PASS,FAIL,PASS,PASS,PASS,PASS,PASS,3912.396902,3907.0823,-5.314602,0.0333,,,5ca239fe-e7aa-4a90-920c-bb54e6612ba4,,,,,,,
db67e1db-7f5d-4095-b25c-f19a844f8b14,ZFM-03061,biased,0.6,FAIL,PASS,FAIL,PASS,PASS,PASS,PASS,PASS,3092.110401,3092.341831,0.2314303333,0.0333,,,db67e1db-7f5d-4095-b25c-f19a844f8b14,,,,,,,
ec99a9cb-0920-482f-92dd-2d508e3db62b,ZFM-03061,biased,0.6,FAIL,PASS,FAIL,PASS,PASS,PASS,PASS,PASS,3784.920601,3797.285565,12.36496367,0.0333,,,ec99a9cb-0920-482f-92dd-2d508e3db62b,,,,,,,
50134500-002d-4d1c-84a1-4b12e522627b,CQ014,training,0.6,PASS,FAIL,FAIL,PASS,PASS,PASS,PASS,PASS,3820.302,3669.368266,-150.9337343,0.0333,,,50134500-002d-4d1c-84a1-4b12e522627b,,,,,,,
dacb4251-6035-49da-9dae-22868c8fa334,CQ014,training,0.6,PASS,FAIL,FAIL,PASS,PASS,PASS,PASS,PASS,3361.948,3263.56561,-98.38238989,0.0101,,,dacb4251-6035-49da-9dae-22868c8fa334,,,,,,,
c3d7c3bb-31be-47b3-a5e2-ad8d1f0e8c99,ZFM-03065,training,0.6,FAIL,PASS,FAIL,PASS,PASS,PASS,PASS,PASS,3709.476801,3717.044231,7.567430333,0.0333,,,c3d7c3bb-31be-47b3-a5e2-ad8d1f0e8c99,,,,,,,
804df770-60c0-451a-8ba6-097c4eaf6b5e,ZFM-04534,training,0.6,FAIL,PASS,FAIL,PASS,PASS,PASS,PASS,PASS,5150.783601,5157.305132,6.521531333,0.0333,,,804df770-60c0-451a-8ba6-097c4eaf6b5e,,,,,,,
c9159555-2652-4107-b408-69ca894c6dff,ZFM-08814,training,0.6,FAIL,PASS,FAIL,PASS,PASS,PASS,PASS,PASS,4070.230915,4034.603732,-35.62718267,0.0333,,,c9159555-2652-4107-b408-69ca894c6dff,,,,,,,
22a0dea6-4565-442d-a403-4cb9c8b53bd9,ZFM-08871,training,0.6,FAIL,PASS,FAIL,PASS,PASS,PASS,PASS,PASS,3024.579341,2983.682867,-40.89647433,0.0333,,,22a0dea6-4565-442d-a403-4cb9c8b53bd9,,,,,,,
0546e892-03d3-41e8-9d50-d613717bf6b3,CQ014,training,0.532,PASS,FAIL,FAIL,PASS,WARNING,PASS,PASS,PASS,3510.809,3303.083815,-207.7251848,0.0101,,,0546e892-03d3-41e8-9d50-d613717bf6b3,,,,,,,
a6863c3f-2ac1-429e-a18a-a42c249f291c,CQ014,training,0.532,PASS,FAIL,FAIL,PASS,WARNING,PASS,PASS,PASS,4390.208,4254.656421,-135.5515788,0.0101,,,a6863c3f-2ac1-429e-a18a-a42c249f291c,,,,,,,
7c7131f5-7a95-489d-af53-dd4aefca7c47,CQ014,training,0.532,FAIL,WARNING,FAIL,PASS,PASS,PASS,PASS,PASS,3777.39,3743.7,-33.69,0.0333,,,7c7131f5-7a95-489d-af53-dd4aefca7c47,,,,,,,
0d256d84-1b4d-4ead-ad3b-a746603dcf9b,ZFM-08813,training,0.532,FAIL,WARNING,FAIL,PASS,PASS,PASS,PASS,PASS,2798.340941,2755.865532,-42.47540867,0.0333,,,0d256d84-1b4d-4ead-ad3b-a746603dcf9b,,,,,,,
fe7a0d59-ffd6-4d5e-b523-ccd0a812e894,ZFM-08818,training,0.532,FAIL,WARNING,FAIL,PASS,PASS,PASS,PASS,PASS,3597.011147,3549.578332,-47.43281467,0.0333,,,fe7a0d59-ffd6-4d5e-b523-ccd0a812e894,,,,,,,
d560a81d-40be-4e6e-9ea3-857db13eba67,ZFM-08863,training,0.532,FAIL,WARNING,FAIL,PASS,PASS,PASS,PASS,PASS,3344.608328,3307.193133,-37.41519467,0.0333,,,d560a81d-40be-4e6e-9ea3-857db13eba67,,,,,,,
4e588ea8-9452-4e76-9ea7-c23f87365c19,ZFM-09140,training,0.532,FAIL,WARNING,FAIL,PASS,PASS,PASS,PASS,PASS,4107.5013,4057.136732,-50.36456767,0.0333,,,4e588ea8-9452-4e76-9ea7-c23f87365c19,,,,,,,
032ae926-3544-49e6-92f3-b5324e415ffa,ZFM-09346,training,0.532,FAIL,PASS,FAIL,PASS,WARNING,PASS,PASS,PASS,3641.572992,3603.738466,-37.83452633,0.0333,,,032ae926-3544-49e6-92f3-b5324e415ffa,,,,,,,
e94e052a-5d68-45f2-8cff-af1c6789903d,ZFM-09346,training,0.532,FAIL,PASS,FAIL,PASS,WARNING,PASS,PASS,PASS,3686.750184,3647.028131,-39.72205267,0.0333,,,e94e052a-5d68-45f2-8cff-af1c6789903d,,,,,,,
9f6eb186-d22e-4fdd-b674-786bcae56ce1,ZFM-08652,ephys,0.464,FAIL,WARNING,FAIL,PASS,WARNING,PASS,PASS,PASS,5453.91101,5411.367966,-42.54304433,0.0333,,,9f6eb186-d22e-4fdd-b674-786bcae56ce1,,,,,,,
33648bf1-b68b-4d16-9754-e6bb20100004,ZFM-08652,ephys,0.464,FAIL,WARNING,FAIL,PASS,WARNING,PASS,PASS,PASS,3292.537064,3184.212167,-108.3248973,0.0333,,,33648bf1-b68b-4d16-9754-e6bb20100004,,,,,,,
55f5ac8c-377c-4dcb-8f0d-b74721a64f78,ZFM-08652,ephys,0.464,FAIL,WARNING,FAIL,PASS,WARNING,PASS,PASS,PASS,3246.079523,3202.814066,-43.26545733,0.0333,,,55f5ac8c-377c-4dcb-8f0d-b74721a64f78,,,,,,,
84728f20-cfb8-4109-83c9-e813cc50b2b6,ZFM-08751,training,0.415,FAIL,WARNING,FAIL,PASS,NOT_SET,PASS,PASS,PASS,3656.770783,3628.054566,-28.71621733,0.0333,,,84728f20-cfb8-4109-83c9-e813cc50b2b6,,,,,,,
7b7d5bd4-463c-4d07-8809-2eacba937c4f,ZFM-08751,training,0.415,FAIL,WARNING,FAIL,PASS,NOT_SET,PASS,PASS,PASS,3634.395455,3587.121231,-47.27422367,0.0333,,,7b7d5bd4-463c-4d07-8809-2eacba937c4f,,,,,,,
b387dd2b-61c4-4e2f-9572-389d40f93fc3,ZFM-03059,biased,0.4,FAIL,FAIL,FAIL,PASS,PASS,PASS,PASS,PASS,5388.588901,5405.602765,17.01386367,0.0333,Complete,FAIL,b387dd2b-61c4-4e2f-9572-389d40f93fc3,,,,,,,"""no trial data cannot compute trial avgs"""
b2f1186e-8c04-46c9-b4a7-e5e9785ff0ca,ZFM-03059,biased,0.4,FAIL,FAIL,FAIL,PASS,PASS,PASS,PASS,PASS,4381.299401,4381.132266,-0.1671353333,0.0333,Complete,PASS,b2f1186e-8c04-46c9-b4a7-e5e9785ff0ca,,probably timestamps,,,,,timestamps? overall not ok (old session)
075a551f-ae82-4b9a-b659-fe94b638b7aa,ZFM-03059,biased,0.4,FAIL,FAIL,FAIL,PASS,PASS,PASS,PASS,PASS,3443.169001,3450.389099,7.220098,0.0333,,,075a551f-ae82-4b9a-b659-fe94b638b7aa,,,,,,,
d7962d31-9e15-453c-8459-56926781234c,ZFM-03061,biased,0.4,FAIL,FAIL,FAIL,PASS,PASS,PASS,PASS,PASS,3129.606902,2402.634621,-726.9722815,0.0333,,,d7962d31-9e15-453c-8459-56926781234c,,,,,,,
2dffbfb5-3002-4539-b13a-dd4cd50149a0,ZFM-03062,biased,0.4,FAIL,FAIL,FAIL,PASS,PASS,PASS,PASS,PASS,3012.034802,3012.277532,0.2427303333,0.0333,,,2dffbfb5-3002-4539-b13a-dd4cd50149a0,,,,,,,
6714d921-e53c-42c9-8950-3a36a5cca2fd,ZFM-03062,biased,0.4,FAIL,FAIL,FAIL,PASS,PASS,PASS,PASS,PASS,5379.214001,5380.559099,1.345098,0.0333,,,6714d921-e53c-42c9-8950-3a36a5cca2fd,,,,,,,
e3d2b346-ebf3-492c-a0fa-997f464e47f8,ZFM-03059,training,0.4,FAIL,FAIL,FAIL,PASS,PASS,PASS,PASS,PASS,3143.680702,3145.0928,1.412098,0.0333,,,e3d2b346-ebf3-492c-a0fa-997f464e47f8,,,,,,,
00dd4f06-6365-4f28-a961-b4085d7bbebc,ZFM-03059,training,0.4,FAIL,FAIL,FAIL,PASS,PASS,PASS,PASS,PASS,2500.357903,2519.247867,18.88996367,0.0333,,,00dd4f06-6365-4f28-a961-b4085d7bbebc,,,,,,,
53cf11cf-030b-4f3d-b8cc-27c506c61e04,ZFM-03059,training,0.4,FAIL,FAIL,FAIL,PASS,PASS,PASS,PASS,PASS,2831.014203,2831.0565,0.042297,0.0333,,,53cf11cf-030b-4f3d-b8cc-27c506c61e04,,,,,,,
a8108cf7-35c1-4a3a-b712-7b1cf4a8f75b,ZFM-03059,training,0.4,FAIL,FAIL,FAIL,PASS,PASS,PASS,PASS,PASS,3373.960401,3386.814699,12.854298,0.0333,,,a8108cf7-35c1-4a3a-b712-7b1cf4a8f75b,,,,,,,
3213b233-37c7-4208-b411-0147fd8e3935,ZFM-03062,training,0.4,FAIL,FAIL,FAIL,PASS,PASS,PASS,PASS,PASS,1600.101902,1588.461632,-11.64026967,0.0333,Complete,PASS,3213b233-37c7-4208-b411-0147fd8e3935,,probably timestamps,,,,,"noisy, timestamps?"
89cc1df7-b043-4f94-804d-35b5d004fce0,ZFM-03062,training,0.4,FAIL,FAIL,FAIL,PASS,PASS,PASS,PASS,PASS,2875.390702,2875.505633,0.1149313333,0.0333,,,89cc1df7-b043-4f94-804d-35b5d004fce0,,,,,,,
9bb84712-7236-413d-8899-1a1cba80ff73,ZFM-03062,training,0.4,FAIL,FAIL,FAIL,PASS,PASS,PASS,PASS,PASS,2749.196401,2756.1796,6.983199,0.0333,,,9bb84712-7236-413d-8899-1a1cba80ff73,,,,,,,
a61e44a9-c38a-487a-b0e6-fc3905597356,ZFM-03062,training,0.4,FAIL,FAIL,FAIL,PASS,PASS,PASS,PASS,PASS,3663.871401,3669.226966,5.355564667,0.0333,,,a61e44a9-c38a-487a-b0e6-fc3905597356,,,,,,,
c6aeee86-4995-4342-840d-2c27260bb2bf,CQ014,training,0.332,FAIL,FAIL,FAIL,PASS,WARNING,PASS,PASS,PASS,2883.28,2847.927413,-35.35258686,0.0101,,,c6aeee86-4995-4342-840d-2c27260bb2bf,,,,,,,
ac23ee95-5ef9-4bea-b0f4-9cead533b186,CQ014,training,0.332,FAIL,FAIL,FAIL,PASS,WARNING,PASS,PASS,PASS,4656.174,4530.253518,-125.9204818,0.0101,,,ac23ee95-5ef9-4bea-b0f4-9cead533b186,,,,,,,
f3da93ab-d90b-45b2-b818-2cea6df53983,ZFM-03059,ephys,-1,,,,,,,,,2969.069101,,,,,,,,,,,,,
086d3b97-a2b9-4df9-a29f-9eee1ea4fb51,ZFM-03059,ephys,-1,,,,,,,,,2943.873402,,,,,,,,,,,,,
d97aa626-72aa-4bb6-8a83-af8e2ce5fa8f,ZFM-03061,ephys,-1,,,,,,,,,2293.380903,,,,,,,,,,,,,
9bd4a155-c529-4ad9-b719-36b866b30ee4,ZFM-03061,ephys,-1,,,,,,,,,2428.305902,,,,,,,,,,,,,
e91d4b08-b8f3-4756-8734-7f45045754d1,ZFM-05235,ephys,-1,PASS,PASS,PASS,PASS,PASS,PASS,PASS,WARNING,3901.417022,3860.771443,-40.64557941,0.0256,,,,,,,,,,
1ec13c29-0904-4262-8c5d-49b09ace73ab,ZFM-05235,ephys,-1,PASS,PASS,PASS,PASS,PASS,PASS,PASS,WARNING,4230.708383,4198.990031,-31.71835223,0.0256,,,,,,,,,,
e0ff7612-cadd-4696-a80a-4b7280a1b301,ZFM-08652,ephys,-1,PASS,PASS,FAIL,PASS,WARNING,PASS,PASS,WARNING,3964.594633,3929.169832,-35.42480067,0.0333,,,,,,,,,,
ba1b1837-ca46-4129-b90d-74386196424b,ZFM-08652,ephys,-1,PASS,PASS,FAIL,PASS,WARNING,PASS,PASS,WARNING,2790.95252,2751.615732,-39.33678767,0.0333,,,,,,,,,,
7f2e5a17-b587-4d39-9d38-b0bd49809cf2,ZFM-08652,ephys,-1,FAIL,FAIL,FAIL,PASS,WARNING,PASS,PASS,WARNING,3717.850037,3639.706266,-78.14377133,0.0333,,,,,,,,,,
243f964b-f041-4467-a0fe-bbf8f871db52,ZFM-08652,ephys,-1,PASS,PASS,FAIL,PASS,PASS,PASS,PASS,WARNING,4622.576047,4536.141299,-86.434748,0.0333,,,,,,,,,,
f0cfd8b5-4568-4944-96c9-23d75aed659c,ZFM-08652,ephys,-1,PASS,PASS,FAIL,PASS,PASS,PASS,PASS,WARNING,4245.076522,4211.751566,-33.32495633,0.0333,,,,,,,,,,
a679264c-dedb-44f1-b819-48cda541c18c,ZFM-08751,ephys,-1,PASS,PASS,WARNING,PASS,PASS,PASS,PASS,WARNING,3162.021302,3123.080167,-38.94113533,0.0333,,,,,,,,,,
89a9b132-7cda-4d97-8d28-448119c0910e,ZFM-08751,ephys,-1,PASS,PASS,WARNING,PASS,WARNING,PASS,PASS,WARNING,2895.077708,2868.8476,-26.230108,0.0333,,,,,,,,,,
c0f76826-a249-4166-872a-2da785984113,ZFM-08751,ephys,-1,PASS,PASS,WARNING,PASS,PASS,PASS,PASS,WARNING,3323.417793,3286.399266,-37.01852733,0.0333,,,,,,,,,,
283fa84a-4952-42b8-8eda-60ff88537407,ZFM-08751,ephys,-1,PASS,PASS,WARNING,PASS,PASS,PASS,PASS,WARNING,3141.946513,3428.220433,286.2739203,0.0333,,,,,,,,,,
b7bbbd54-7695-4282-941d-0fba5db792cc,ZFM-08751,ephys,-1,PASS,PASS,WARNING,PASS,PASS,PASS,PASS,WARNING,4287.073771,4232.605299,-54.468472,0.0333,,,,,,,,,,
134f05a9-9ad3-4d8e-9730-37eabe750732,ZFM-08751,ephys,-1,PASS,PASS,FAIL,PASS,PASS,PASS,WARNING,WARNING,4962.563309,4929.707532,-32.85577667,0.0333,,,,,,,,,,
2cae665d-b2f1-4757-9d76-9c978172482d,ZFM-08751,ephys,-1,PASS,PASS,FAIL,PASS,PASS,PASS,PASS,WARNING,5446.594276,5407.309766,-39.28451033,0.0333,,,,,,,,,,
364d72f6-483c-4146-88df-e77e86f22a60,ZFM-08751,ephys,-1,PASS,PASS,FAIL,PASS,PASS,PASS,PASS,WARNING,4383.960948,4351.996866,-31.96408233,0.0333,,,,,,,,,,
e505245e-585c-451e-b590-60f3ef714a89,ZFM-08751,ephys,-1,PASS,PASS,FAIL,PASS,PASS,PASS,PASS,WARNING,4935.098417,4899.768532,-35.32988467,0.0333,,,,,,,,,,
1e4d8265-6bab-411c-950d-97d8f4cb11e5,ZFM-08751,ephys,-1,PASS,PASS,WARNING,PASS,PASS,PASS,PASS,WARNING,4709.51826,4664.415332,-45.10292767,0.0333,,,,,,,,,,
b27c0221-781d-4519-bd14-9a03938edc12,ZFM-08751,ephys,-1,PASS,PASS,WARNING,PASS,PASS,PASS,PASS,WARNING,4713.924829,4680.468299,-33.45653,0.0333,,,,,,,,,,
50e549ec-f4c9-43d5-b0fe-6d1424b8f475,ZFM-08751,ephys,-1,PASS,PASS,WARNING,PASS,PASS,PASS,PASS,WARNING,3300.310052,3238.338932,-61.97111967,0.0333,,,,,,,,,,
acdb349a-0181-4455-82c1-2cbdc24ca362,ZFM-08751,ephys,-1,PASS,PASS,WARNING,PASS,PASS,PASS,PASS,WARNING,3178.667139,3123.080332,-55.58680667,0.0333,,,,,,,,,,
7d7c3682-f052-4f77-9e1b-bb02e2a40260,ZFM-08751,ephys,-1,PASS,PASS,WARNING,PASS,PASS,PASS,PASS,WARNING,4401.61009,4369.650066,-31.96002433,0.0333,,,,,,,,,,
3e3a9141-86ee-49d8-9858-5d88cf75ea47,ZFM-08813,ephys,-1,PASS,PASS,WARNING,PASS,WARNING,PASS,WARNING,WARNING,2888.217126,2854.537733,-33.67939267,0.0333,,,,,,,,,,
df8165ea-da5d-4e34-809e-44aa700ed7d2,ZFM-08813,ephys,-1,PASS,PASS,WARNING,PASS,WARNING,PASS,WARNING,WARNING,2861.796989,2830.559699,-31.23729,0.0333,,,,,,,,,,
8c2639e9-ad67-4c07-bdc0-4a5ba994375c,ZFM-08871,ephys,-1,PASS,PASS,WARNING,PASS,PASS,PASS,PASS,WARNING,3444.218423,3387.402832,-56.81559067,0.0333,,,,,,,,,,
7c89fe5a-2655-41f8-b462-aaa27b230c78,ZFM-08871,ephys,-1,PASS,PASS,WARNING,PASS,PASS,PASS,PASS,WARNING,3804.217707,3775.417166,-28.80054133,0.0333,,,,,,,,,,
7fdf64f6-4f46-464f-aa97-bcb8b189f5a1,ZFM-08871,ephys,-1,PASS,PASS,WARNING,PASS,PASS,PASS,PASS,WARNING,3772.680453,3719.843766,-52.83668733,0.0333,,,,,,,,,,
37945c02-c7ab-4d71-a3be-1c445667c024,ZFM-08871,ephys,-1,PASS,PASS,WARNING,PASS,WARNING,PASS,PASS,WARNING,3642.487667,3602.674066,-39.81360133,0.0333,,,,,,,,,,
95107487-a776-45ce-9c1b-9ae829b4452f,ZFM-09139,ephys,-1,PASS,PASS,WARNING,PASS,WARNING,PASS,WARNING,WARNING,2857.335267,2786.380767,-70.95450033,0.0333,,,,,,,,,,
1b6186f2-c345-4a7a-bf43-487a5f6d290a,ZFM-09139,ephys,-1,PASS,PASS,WARNING,PASS,WARNING,PASS,FAIL,FAIL,2840.025632,60120.01086,57279.98522,0.0333,,,,,,,,,,
96626f9b-2641-434c-b866-e17ab923ba51,ZFM-09139,ephys,-1,PASS,PASS,WARNING,PASS,PASS,PASS,PASS,WARNING,2854.140419,2815.864167,-38.27625233,0.0333,,,,,,,,,,
3387a755-b001-489e-abe5-2101350dbcd4,ZFM-09343,ephys,-1,PASS,PASS,WARNING,PASS,PASS,PASS,PASS,WARNING,3539.575468,3480.716799,-58.858669,0.0333,,,,,,,,,,
5c2deb37-5a0c-4a86-9a96-7b37abfb8c90,ZFM-09343,ephys,-1,PASS,PASS,WARNING,PASS,PASS,PASS,WARNING,WARNING,2850.642106,2778.589133,-72.05297267,0.0333,,,,,,,,,,
de9501bd-543f-44d6-910d-7c91581dca97,ZFM-09343,ephys,-1,FAIL,PASS,WARNING,PASS,NOT_SET,PASS,WARNING,WARNING,3641.18113,3609.502799,-31.678331,0.0333,,,,,,,,,,
a7230293-f792-4459-a3f8-348e7ffd3423,CQ016,biased,-1,PASS,PASS,PASS,PASS,WARNING,PASS,WARNING,WARNING,3794,7415.312498,3621.312498,0.02,,,,,,,,,,
0f7368fc-7de6-4883-b084-e63de004db47,CQ016,biased,-1,PASS,PASS,PASS,PASS,WARNING,PASS,PASS,PASS,3028,5992.144,2964.144,0.02,,,,,,,,,,
b1b550f6-9e38-457d-8099-1cca19a409e8,CQ016,biased,-1,PASS,PASS,PASS,PASS,WARNING,PASS,PASS,PASS,3991,7684.748199,3693.748199,0.02,,,,,,,,,,
f5390775-1cd1-45fd-a775-5ccaac447178,CQ016,biased,-1,PASS,PASS,PASS,PASS,WARNING,PASS,PASS,PASS,4347,8623.723999,4276.723999,0.02,,,,,,,,,,
6d3da334-1181-42a8-b0fb-61cf4d7c7d33,CQ016,biased,-1,PASS,PASS,PASS,PASS,WARNING,PASS,WARNING,WARNING,2992,5837.5303,2845.5303,0.02,,,,,,,,,,
da3a9809-d4e3-4052-8247-4be0743da8cf,CQ016,biased,-1,PASS,PASS,PASS,PASS,WARNING,PASS,WARNING,WARNING,2858,5502.7607,2644.7607,0.02,,,,,,,,,,
e75c8bcb-6376-4583-af60-d6fffba65c81,CQ016,biased,-1,PASS,PASS,PASS,PASS,WARNING,PASS,PASS,PASS,2884,5677.2298,2793.2298,0.02,,,,,,,,,,
eb9eaffc-be72-4a06-b744-3c9ed24e7f74,CQ016,biased,-1,,,,,,,,,3004.967,,,,,,,,,,,,,
45ca0be1-16d4-48e5-a239-078d315ee357,CQ016,biased,-1,PASS,PASS,PASS,PASS,WARNING,PASS,PASS,PASS,2864.231,5553.986999,2689.755999,0.02,,,,,,,,,,
aaa8985d-05ac-4191-b28b-a2941e3aeea7,CQ016,biased,-1,PASS,PASS,FAIL,PASS,WARNING,PASS,WARNING,WARNING,3371.713,6542.251199,3170.538199,0.02,,,,,,,,,,
a4df6acb-bf2c-4362-80c1-a1a207aaf86e,ZFM-03059,biased,-1,PASS,PASS,PASS,PASS,PASS,FAIL,PASS,PASS,4474.802401,4480.533132,5.730731333,0.01664087097,,,,,,,,,,
a2e65766-0f40-46dd-91cf-b56540cb033b,ZFM-03059,biased,-1,PASS,PASS,PASS,PASS,PASS,FAIL,PASS,PASS,4222.960001,23440062.34,23435839.38,60.09238082,,,,,,,,,,
f36ae1d4-20e0-47ee-b4bd-9649810d87e0,ZFM-03059,biased,-1,PASS,PASS,PASS,PASS,,FAIL,FAIL,FAIL,3818.822301,1368.0909,-2450.731401,0.0166,,,,,,,,,,
8cfa1e92-3e7f-409f-8347-01a36e98b27f,ZFM-03059,biased,-1,PASS,PASS,PASS,PASS,PASS,FAIL,PASS,PASS,2723.354202,15485785.62,15483062.27,60.24096385,,,,,,,,,,
66d51ecb-b6a0-4293-84be-d4ccfb84ada8,ZFM-03059,biased,-1,PASS,PASS,PASS,PASS,PASS,FAIL,PASS,PASS,5383.766301,29365022.77,29359639.01,60.09190527,,,,,,,,,,
160cff05-de6b-4070-9eaa-0bbbcb0a71d5,ZFM-03059,biased,-1,PASS,PASS,PASS,PASS,PASS,FAIL,PASS,PASS,2500.189802,13547668.84,13545168.65,60.24096385,,,,,,,,,,
5a1bc69f-4f66-4772-a2a4-285490915f42,ZFM-03061,biased,-1,FAIL,PASS,FAIL,PASS,PASS,PASS,PASS,PASS,3732.844401,,,,,,,,,,,,,
ebb0a831-5c1d-453b-8d0b-923c0eae9929,ZFM-04019,biased,-1,PASS,WARNING,WARNING,PASS,PASS,PASS,PASS,WARNING,5279.785501,5329.469565,49.68406367,0.0333,,,,,,,,,,
69544b1b-7788-4b41-8cad-2d56d5958526,ZFM-04019,biased,-1,PASS,WARNING,WARNING,PASS,PASS,PASS,PASS,WARNING,5070.868801,5099.495331,28.62653033,0.0333,,,,,,,,,,
163fa79b-9b33-43ee-8d58-335f4c12d370,ZFM-04019,biased,-1,PASS,WARNING,WARNING,PASS,PASS,PASS,PASS,WARNING,3785.932401,,,,,,,,,,,,,
cc8bc8b7-4790-48dd-9684-5cb3c35ecffd,ZFM-04019,biased,-1,PASS,PASS,PASS,PASS,PASS,PASS,FAIL,FAIL,4677.411,3994.524732,-682.8862677,0.0333,,,,,,,,,,
9e8c2697-f5f7-42f6-b483-5b9af9c1652e,ZFM-04019,biased,-1,PASS,PASS,WARNING,PASS,WARNING,PASS,PASS,WARNING,3985.255901,4044.120899,58.864998,0.0333,,,,,,,,,,
76f443fb-a06d-4ffd-9725-23d5c0d40386,ZFM-04019,biased,-1,PASS,PASS,WARNING,PASS,PASS,PASS,PASS,WARNING,4826.7875,4836.218465,9.430964667,0.0333,,,,,,,,,,
e316594f-bcdb-42ba-b8e8-68d80a456a34,ZFM-04019,biased,-1,PASS,PASS,WARNING,PASS,WARNING,PASS,PASS,WARNING,3819.835402,3837.772066,17.93666367,0.0333,,,,,,,,,,
382c9380-a2f7-411f-949d-a6df6c00747f,ZFM-04019,biased,-1,PASS,PASS,WARNING,PASS,PASS,PASS,PASS,WARNING,4971.843901,5024.784599,52.940698,0.0333,,,,,,,,,,
4057c8a6-8fdd-44ed-8fed-7b01be2931fc,ZFM-04019,biased,-1,FAIL,PASS,WARNING,PASS,PASS,PASS,PASS,WARNING,3530.348101,3553.171099,22.822998,0.0333,,,,,,,,,,
fed28193-502f-4da7-980f-acb8f641b9f5,ZFM-04019,biased,-1,FAIL,PASS,WARNING,PASS,PASS,PASS,PASS,WARNING,6349.138401,6380.492699,31.354298,0.0333,,,,,,,,,,
0e951224-308e-4f91-96c7-58414d335f10,ZFM-04019,biased,-1,FAIL,PASS,WARNING,PASS,PASS,PASS,PASS,WARNING,5208.191001,5219.268698,11.077697,0.0333,,,,,,,,,,
628d24c4-6305-4125-b5bd-4723a03a5be8,ZFM-04019,biased,-1,FAIL,PASS,WARNING,PASS,WARNING,PASS,PASS,WARNING,4560.387001,4570.361731,9.974730333,0.0333,,,,,,,,,,
89b8ef70-e620-49c2-a0f7-09890ba9fc0e,ZFM-04019,biased,-1,PASS,PASS,WARNING,PASS,PASS,PASS,PASS,WARNING,4740.4304,4745.964765,5.534364667,0.0333,,,,,,,,,,
46fe69ff-d001-4608-a15e-d5e029c14fc3,ZFM-04019,biased,-1,FAIL,PASS,WARNING,PASS,WARNING,PASS,PASS,WARNING,5368.328801,5375.922166,7.593364667,0.0333,,,,,,,,,,
b5e94727-4842-4e81-830a-2b48b60ecf0b,ZFM-04019,biased,-1,FAIL,PASS,WARNING,PASS,WARNING,PASS,PASS,WARNING,3064.498701,3084.063832,19.56513133,0.0333,,,,,,,,,,
87809791-48fe-47fd-9973-03ddb860f8cd,ZFM-04019,biased,-1,FAIL,PASS,WARNING,PASS,PASS,PASS,WARNING,WARNING,5973.393001,5989.968066,16.57506467,0.0333,,,,,,,,,,
82114940-6291-4e2c-8d3e-4f3b73c081de,ZFM-04019,biased,-1,FAIL,PASS,WARNING,PASS,PASS,PASS,PASS,WARNING,5185.6569,5244.988632,59.33173233,0.0333,,,,,,,,,,
4f99c144-76e2-4f60-90a2-289f952c8eb6,ZFM-04019,biased,-1,FAIL,PASS,WARNING,PASS,PASS,PASS,PASS,WARNING,2930.997801,2977.520099,46.522298,0.0333,,,,,,,,,,
b0d53975-2e58-480f-8703-3a2a05a2bd24,ZFM-04019,biased,-1,FAIL,PASS,WARNING,PASS,PASS,PASS,PASS,WARNING,4125.202401,4144.726432,19.52403133,0.0333,,,,,,,,,,
242d4c9d-e45d-4d62-b065-a9a6d14b51c5,ZFM-04019,biased,-1,FAIL,PASS,WARNING,PASS,PASS,PASS,PASS,WARNING,4367.505202,4393.871999,26.366797,0.0333,,,,,,,,,,
61e2e055-e7ba-4e10-85ac-50f2ce4e82c5,ZFM-04019,biased,-1,PASS,PASS,PASS,PASS,PASS,PASS,PASS,WARNING,4043.863701,4045.884499,2.020798,0.0333,,,,,,,,,,
ff2fc1a9-45e0-4abf-9db8-323549bebe37,ZFM-04019,biased,-1,PASS,PASS,PASS,PASS,WARNING,PASS,PASS,WARNING,5354.447601,5371.567666,17.12006467,0.0333,,,,,,,,,,
b8ce4c29-0405-46e7-ba81-9595bb98695d,ZFM-04022,biased,-1,PASS,PASS,WARNING,PASS,WARNING,PASS,PASS,WARNING,3707.072801,3725.909832,18.83703133,0.0333,,,,,,,,,,
6158dd7a-d805-4a7d-9ce6-e92c4e1dfd7d,ZFM-04022,biased,-1,PASS,WARNING,WARNING,PASS,WARNING,PASS,PASS,WARNING,3897.996301,3923.053399,25.057098,0.0333,,,,,,,,,,
537a8269-3cdb-4738-9b0f-1134cd4e3d0d,ZFM-04022,biased,-1,PASS,PASS,PASS,PASS,PASS,PASS,PASS,WARNING,3704.0806,3731.325932,27.24533233,0.0333,,,,,,,,,,
ecbff390-fe10-4e4d-986c-5a44e497224b,ZFM-04022,biased,-1,PASS,PASS,PASS,PASS,PASS,PASS,PASS,WARNING,6775.922601,6790.068899,14.146298,0.0333,,,,,,,,,,
60246d4e-2386-443a-a5d6-94ac015aaf06,ZFM-04022,biased,-1,PASS,PASS,PASS,PASS,WARNING,PASS,PASS,WARNING,4059.4266,4076.430766,17.00416567,0.0333,,,,,,,,,,
2b051f03-6723-476f-b8e6-f309a119dde7,ZFM-04022,biased,-1,FAIL,PASS,WARNING,PASS,WARNING,PASS,PASS,WARNING,3620.6889,3631.188932,10.50003233,0.0333,,,,,,,,,,
afef8af4-2812-49a9-be2a-85ef210a28e3,ZFM-04022,biased,-1,FAIL,PASS,PASS,PASS,PASS,PASS,PASS,WARNING,2688.592001,2689.578532,0.9865313333,0.0333,,,,,,,,,,
1222465e-796f-4dd9-bc80-4c2db028568c,ZFM-04392,biased,-1,PASS,PASS,PASS,PASS,WARNING,PASS,PASS,WARNING,,3179.378887,,0.0256,,,,,,,,,,
75cf3bf9-4217-46ce-8887-b6a2ec372d58,ZFM-04392,biased,-1,PASS,PASS,WARNING,PASS,WARNING,PASS,PASS,WARNING,,4086.242613,,0.0256,,,,,,,,,,
4240a193-39b6-4d1a-8adf-2ddb43a966f3,ZFM-04392,biased,-1,PASS,PASS,WARNING,PASS,WARNING,PASS,PASS,WARNING,,4892.164442,,0.0256,,,,,,,,,,
0dc40f70-791a-45e8-9e83-b692b776ebcf,ZFM-04392,biased,-1,PASS,PASS,PASS,PASS,PASS,PASS,PASS,WARNING,6558.4948,6597.618498,39.123698,0.0333,,,,,,,,,,
13db60fb-0fb9-47d2-9b39-b26530120e3f,ZFM-04392,biased,-1,PASS,PASS,PASS,PASS,WARNING,PASS,PASS,WARNING,2973.827302,2994.7077,20.880398,0.0333,,,,,,,,,,
87f301e0-3776-4094-9399-c98cc053f501,ZFM-04392,biased,-1,PASS,PASS,PASS,PASS,WARNING,PASS,PASS,WARNING,3975.548901,4009.873399,34.324498,0.0333,,,,,,,,,,
dd521bae-7ba0-43aa-a3cb-c1e2924ae18b,ZFM-04392,biased,-1,PASS,PASS,PASS,PASS,PASS,PASS,PASS,WARNING,5203.709401,5209.478132,5.768731333,0.0333,,,,,,,,,,
e637617d-4ef5-403e-9f3d-14cac9599e02,ZFM-04392,biased,-1,PASS,PASS,PASS,PASS,NOT_SET,PASS,FAIL,FAIL,5169.3718,2060.656799,-3108.715001,0.0333,,,,,,,,,,
b8eac593-7661-4b9d-945f-6bf19e5197ba,ZFM-04392,biased,-1,PASS,PASS,PASS,PASS,WARNING,PASS,PASS,WARNING,6228.0565,6230.414865,2.358364667,0.0333,,,,,,,,,,
03d9e3ca-5472-4f31-8137-d153a4af5524,ZFM-04392,biased,-1,PASS,PASS,PASS,PASS,WARNING,PASS,PASS,WARNING,4007.361001,4020.836399,13.475398,0.0333,,,,,,,,,,
f96226d3-926c-434f-89f8-8571154534b5,ZFM-04392,biased,-1,PASS,PASS,PASS,PASS,WARNING,PASS,PASS,WARNING,3727.792001,3737.161466,9.369464667,0.0333,,,,,,,,,,
272cfbd8-d1b7-4a3b-aa13-dfc514667b46,ZFM-04392,biased,-1,PASS,PASS,PASS,PASS,PASS,PASS,PASS,WARNING,5583.893401,5597.450999,13.557598,0.0333,,,,,,,,,,
09d25ccb-b0b5-4e89-81ff-974128934390,ZFM-04392,biased,-1,PASS,PASS,PASS,PASS,WARNING,PASS,PASS,WARNING,4877.6103,4892.534766,14.92446567,0.0333,,,,,,,,,,
f03138a7-81c1-4ca2-847f-470984477542,ZFM-04392,biased,-1,PASS,PASS,PASS,PASS,WARNING,PASS,WARNING,WARNING,4799.851901,4807.517399,7.665498,0.0333,,,,,,,,,,
c9961dce-e106-49b7-8892-9d7dc22675be,ZFM-04392,biased,-1,PASS,PASS,PASS,PASS,WARNING,PASS,PASS,WARNING,3017.211701,3027.684366,10.47266467,0.0333,,,,,,,,,,
9fac6cf0-8dc6-456d-9dd5-48be737df408,ZFM-04392,biased,-1,PASS,PASS,PASS,PASS,WARNING,PASS,PASS,WARNING,4288.694101,4322.633166,33.93906467,0.0333,,,,,,,,,,
11205f01-b903-4455-9b36-1f3109e7eec6,ZFM-04392,biased,-1,PASS,PASS,PASS,PASS,WARNING,PASS,PASS,WARNING,3965.870801,3983.252732,17.38193133,0.0333,,,,,,,,,,
7c7e3075-b052-47eb-9f04-4884ba17048f,ZFM-04533,biased,-1,PASS,PASS,WARNING,PASS,WARNING,PASS,PASS,WARNING,4371.239101,4370.768399,-0.470702,0.0333,,,,,,,,,,
71dd1936-ea31-4aa4-9708-d510a8705aac,ZFM-04533,biased,-1,FAIL,PASS,WARNING,PASS,PASS,PASS,PASS,WARNING,3386.0729,3389.037199,2.964299,0.0333,,,,,,,,,,
eab7b265-7f0b-4436-86f7-e3dc1ef72294,ZFM-04533,biased,-1,PASS,PASS,WARNING,PASS,WARNING,PASS,PASS,WARNING,5976.9739,5982.207497,5.233597,0.0333,,,,,,,,,,
3b638d72-3d2a-4f06-aeb9-0c7cb36adaa5,ZFM-04533,biased,-1,PASS,PASS,WARNING,PASS,WARNING,PASS,PASS,WARNING,4446.833201,4450.866166,4.032964667,0.0333,,,,,,,,,,
ec61ebd3-b37f-4e8b-a386-c2f5a15706b8,ZFM-04533,biased,-1,FAIL,PASS,WARNING,PASS,WARNING,PASS,PASS,WARNING,3419.7336,4268.629032,848.8954323,0.0333,,,,,,,,,,
759012f4-b280-49c4-b79d-f5419534ec16,ZFM-04534,biased,-1,PASS,PASS,WARNING,PASS,WARNING,PASS,PASS,WARNING,4108.817402,4142.611244,33.79384159,0.0256,,,,,,,,,,
ee28a83f-5a2b-47e3-acbe-f6a70b53d6a7,ZFM-04534,biased,-1,FAIL,PASS,WARNING,PASS,WARNING,PASS,PASS,WARNING,3081.061201,3085.428904,4.367703128,0.0256,,,,,,,,,,
5425e864-71d4-46a6-89f8-25387e82e27b,ZFM-04534,biased,-1,FAIL,PASS,WARNING,PASS,WARNING,PASS,PASS,WARNING,1538.207301,1539.883613,1.676312385,0.0256,,,,,,,,,,
2e7a8008-c655-47c0-aaae-31c8a9f473e5,ZFM-04534,biased,-1,FAIL,PASS,WARNING,PASS,WARNING,PASS,PASS,WARNING,4003.746201,4008.298366,4.552164667,0.0256,,,,,,,,,,
66d7a5cf-28f3-4360-9009-4680edb00cbb,ZFM-05235,biased,-1,FAIL,PASS,WARNING,PASS,PASS,PASS,PASS,WARNING,3427.2487,3432.590781,5.342081051,0.0256,,,,,,,,,,
6b9f04a1-d699-44b6-9b95-5bfc340fa52b,ZFM-05235,biased,-1,FAIL,PASS,WARNING,PASS,PASS,PASS,PASS,WARNING,3356.678001,3360.662248,3.984246718,0.0256,,,,,,,,,,
ec6db5c7-23e9-4e0d-9feb-b8774e30a388,ZFM-05235,biased,-1,PASS,PASS,WARNING,PASS,PASS,PASS,PASS,WARNING,3226.169903,3229.669028,3.499125205,0.0256,,,,,,,,,,
770c1a1f-3b7b-43e1-934e-102a3b22faf9,ZFM-05235,biased,-1,PASS,PASS,WARNING,PASS,PASS,PASS,PASS,WARNING,2652.613602,2659.730416,7.116813949,0.0256,,,,,,,,,,
ff0ca404-8f5c-4a6c-9535-d8e62270112f,ZFM-05235,biased,-1,FAIL,PASS,WARNING,PASS,WARNING,PASS,PASS,WARNING,4330.867202,4387.753666,56.88646367,0.0256,,,,,,,,,,
c6206a6a-82d7-4b00-a22f-284e142afb05,ZFM-05235,biased,-1,FAIL,PASS,WARNING,PASS,WARNING,PASS,WARNING,WARNING,1943.354402,1943.060094,-0.2943076996,0.0256,,,,,,,,,,
5fb4cceb-744f-4505-8892-054ae3581c55,ZFM-05235,biased,-1,,,,,,,,,4288.065485,,,,,,,,,,,,,
3fbea691-8a43-4ae5-b2ff-d22ed34070d4,ZFM-05235,biased,-1,,,,,,,,,4865.207909,,,,,,,,,,,,,
846e7135-06cb-4f56-8482-93ee82030fb8,ZFM-05235,biased,-1,,,,,,,,,2573.834791,,,,,,,,,,,,,
9e8c9727-01de-4384-a274-5f0881d806f0,ZFM-05235,biased,-1,,,,,,,,,5610.442315,,,,,,,,,,,,,
601228ff-a945-46c0-989f-0544d527ecc1,ZFM-05235,biased,-1,,,,,,,,,5900.025491,,,,,,,,,,,,,
c36f9eb1-7512-4271-aa24-f57ed2c2641d,ZFM-05235,biased,-1,,,,,,,,,6402.87061,,,,,,,,,,,,,
7c961885-9c46-4fc3-b76e-f3c0b24b5aa9,ZFM-05235,biased,-1,,,,,,,,,5875.686193,,,,,,,,,,,,,
16f482a8-457e-467c-8528-18b7d2da62c1,ZFM-05235,biased,-1,,,,,,,,,4700.94802,,,,,,,,,,,,,
a196fce9-7eae-4c11-ae01-25a9aa59b593,ZFM-05235,biased,-1,PASS,PASS,WARNING,PASS,PASS,PASS,PASS,WARNING,5095.613401,5095.040899,-0.572502,0.0333,,,,,,,,,,
933765b5-1f4e-4877-b889-7cc87f6ddb64,ZFM-05235,biased,-1,FAIL,PASS,WARNING,PASS,WARNING,PASS,PASS,WARNING,3588.090103,3590.550368,2.460264667,0.0333,,,,,,,,,,
e6fc6ca9-6e57-4c0b-b436-5c63faae843d,ZFM-05235,biased,-1,PASS,PASS,WARNING,PASS,WARNING,PASS,FAIL,FAIL,4566.284413,4491.852199,-74.432214,0.0256,,,,,,,,,,
9d9c2211-3a55-4556-8bf8-b36d2f2deaf1,ZFM-05235,biased,-1,PASS,PASS,WARNING,PASS,WARNING,PASS,FAIL,FAIL,3970.865406,3908.458598,-62.406808,0.0256,,,,,,,,,,
695b9cf6-b8d7-44fa-8f9a-95b0be206419,ZFM-05235,biased,-1,FAIL,WARNING,WARNING,PASS,PASS,PASS,PASS,WARNING,4674.531502,119042.3287,114367.7972,0.0256,,,,,,,,,,
0c345c56-bc8d-46ac-b778-6d03589d814b,ZFM-05235,biased,-1,PASS,WARNING,WARNING,PASS,PASS,PASS,PASS,WARNING,5633.522583,5679.653753,46.13116985,0.0256,,,,,,,,,,
a8b6486f-844b-44d0-bd9b-38904fb15707,ZFM-05235,biased,-1,FAIL,PASS,WARNING,PASS,WARNING,PASS,PASS,WARNING,4205.617672,4838.72554,633.107868,0.0256,,,,,,,,,,
20fb5a24-a1b0-4538-803c-cf13eaff2af6,ZFM-05235,biased,-1,PASS,PASS,WARNING,PASS,PASS,PASS,PASS,WARNING,5570.442646,5536.69381,-33.74883574,0.0256,,,,,,,,,,
96e8c6c1-5a60-4f62-aa8d-cf655cd2f4fa,ZFM-05235,biased,-1,PASS,PASS,PASS,PASS,WARNING,PASS,PASS,WARNING,5473.93931,5444.521561,-29.41774946,0.0256,,,,,,,,,,
a2b0d87d-04e6-40d1-820f-8689d2273d90,ZFM-05235,biased,-1,PASS,PASS,PASS,PASS,WARNING,PASS,PASS,WARNING,4092.324221,4062.436009,-29.88821174,0.0256,,,,,,,,,,
8fdff393-f14f-4b70-a168-8851a1158e69,ZFM-05235,biased,-1,PASS,PASS,PASS,PASS,WARNING,PASS,PASS,PASS,2302.571917,4533.692019,2231.120102,0.01960784314,,,,,,,,,,
dcbd69d4-af03-49ce-a528-045e5ced7289,ZFM-05236,biased,-1,FAIL,PASS,WARNING,PASS,WARNING,PASS,PASS,WARNING,4452.095702,4477.906444,25.81074159,0.0256,,,,,,,,,,
1f585edf-0e43-46f4-9069-b4ed61c32c0f,ZFM-05236,biased,-1,FAIL,PASS,WARNING,PASS,WARNING,PASS,PASS,WARNING,4005.169601,4028.803532,23.63393133,0.0333,,,,,,,,,,
72a5e765-efaf-49a5-831b-3cc35ec76517,ZFM-05236,biased,-1,FAIL,PASS,WARNING,PASS,WARNING,PASS,PASS,WARNING,4055.548302,4065.340943,9.79264059,0.0256,,,,,,,,,,
674d4571-fdcd-4371-8a96-a7b70903b501,ZFM-05236,biased,-1,FAIL,PASS,WARNING,PASS,PASS,PASS,PASS,WARNING,5421.297101,5432.513103,11.21600213,0.0256,,,,,,,,,,
96799584-c84c-4a7c-9bf9-9419f99ec896,ZFM-05236,biased,-1,PASS,PASS,WARNING,PASS,WARNING,PASS,PASS,WARNING,4881.8763,4886.732247,4.855946718,0.0256,,,,,,,,,,
fdae1a4d-639e-4d22-b065-777cebd3742f,ZFM-05236,biased,-1,FAIL,PASS,WARNING,PASS,WARNING,PASS,PASS,WARNING,6327.590701,6371.442701,43.85199956,0.0256,,,,,,,,,,
d7bf2611-00bc-42d3-95c6-ac120753cd94,ZFM-05236,biased,-1,FAIL,PASS,WARNING,PASS,PASS,PASS,PASS,WARNING,5122.140801,5131.781409,9.640608256,0.0256,,,,,,,,,,
0cfad1ba-d410-4e78-be5e-2a817bc9ca48,ZFM-05236,biased,-1,FAIL,PASS,WARNING,PASS,PASS,PASS,PASS,WARNING,3852.747101,3857.239327,4.492226205,0.0256,,,,,,,,,,
30848d1f-944c-47c7-949c-e61fd93d2eda,ZFM-05236,biased,-1,PASS,PASS,WARNING,PASS,WARNING,PASS,PASS,WARNING,4349.123402,4353.049805,3.926403128,0.0256,,,,,,,,,,
8481a1f4-464a-4ae4-bdd0-f9ac13afa053,ZFM-05236,biased,-1,PASS,PASS,PASS,PASS,PASS,PASS,PASS,WARNING,8346.225701,8381.576721,35.35102008,0.0256,,,,,,,,,,
336ea054-9380-41dd-a897-64cfcfebde65,ZFM-05236,biased,-1,FAIL,PASS,WARNING,PASS,WARNING,PASS,PASS,WARNING,3216.845702,3252.264704,35.41900213,0.0256,,,,,,,,,,
7a3fa5ee-b1af-4670-8af1-15504aaba538,ZFM-05236,biased,-1,FAIL,PASS,WARNING,PASS,PASS,PASS,PASS,WARNING,5194.271001,5198.454539,4.183538026,0.0256,,,,,,,,,,
337aeb44-4687-4077-b0b8-93daa9ddf010,ZFM-05236,biased,-1,PASS,PASS,WARNING,PASS,PASS,PASS,PASS,WARNING,4853.718901,4869.877953,16.15905185,0.0256,,,,,,,,,,
1abdd971-e182-44af-a053-257c373dd556,ZFM-05236,biased,-1,FAIL,PASS,WARNING,PASS,WARNING,PASS,PASS,WARNING,5128.091701,5156.906336,28.81463546,0.0256,,,,,,,,,,
738bf463-d046-4567-892a-0efbd21fb01d,ZFM-05236,biased,-1,FAIL,PASS,WARNING,PASS,WARNING,PASS,PASS,WARNING,6149.438201,6201.582091,52.14389031,0.0256,,,,,,,,,,
4590ea45-e39a-45cd-925c-542d4a5eb97b,ZFM-05236,biased,-1,FAIL,PASS,WARNING,PASS,WARNING,PASS,PASS,WARNING,4501.097901,4507.644091,6.546190308,0.0256,,,,,,,,,,
85764273-c611-491f-b4f5-de127dde1cf1,ZFM-05236,biased,-1,FAIL,PASS,WARNING,PASS,PASS,PASS,PASS,WARNING,4698.535399,4698.952161,0.4167621026,0.0256,,,,,,,,,,
5e847644-4e5b-4074-bb48-8218c0fa76fd,ZFM-05236,biased,-1,FAIL,PASS,WARNING,PASS,WARNING,PASS,PASS,WARNING,5640.3969,5669.064431,28.66753133,0.0256,,,,,,,,,,
86e88a0d-a637-4bf4-a215-ef6013277234,ZFM-05236,biased,-1,FAIL,PASS,WARNING,PASS,PASS,PASS,PASS,WARNING,6137.7753,6170.693065,32.91776467,0.0256,,,,,,,,,,
8bfac9d7-fbfe-4175-b5df-58ff91b5acdd,ZFM-05236,biased,-1,FAIL,PASS,WARNING,PASS,PASS,PASS,PASS,WARNING,2892.446101,2914.319784,21.87368262,0.0256,,,,,,,,,,
ba98d015-7c70-4d15-bde3-658d667e72ff,ZFM-05236,biased,-1,PASS,PASS,WARNING,PASS,WARNING,PASS,PASS,WARNING,4518.270601,4520.120543,1.84994159,0.0256,,,,,,,,,,
7498c624-f308-47f1-b44b-9354026816b9,ZFM-05236,biased,-1,FAIL,PASS,WARNING,PASS,PASS,PASS,PASS,WARNING,4896.468902,4900.004868,3.535966231,0.0256,,,,,,,,,,
57c0be0d-5010-4257-bab5-dbf7eca081f3,ZFM-05236,biased,-1,PASS,PASS,WARNING,PASS,PASS,PASS,PASS,WARNING,5579.653503,5598.591444,18.93794059,0.0256,,,,,,,,,,
e69221c7-b533-42dc-8631-000279a45a70,ZFM-05236,biased,-1,FAIL,PASS,WARNING,PASS,PASS,PASS,PASS,WARNING,3006.397901,3024.835545,18.43764415,0.0256,,,,,,,,,,
cb7994bf-f063-46ea-bd05-aa6e9a2fc7ef,ZFM-05236,biased,-1,FAIL,PASS,WARNING,PASS,WARNING,PASS,PASS,WARNING,4035.010102,4042.480133,7.470031333,0.0256,,,,,,,,,,
5b7c1f53-0c33-4ac3-8838-2926f46abf13,ZFM-05236,biased,-1,FAIL,PASS,WARNING,PASS,PASS,PASS,PASS,WARNING,3695.621702,3742.95674,47.33503803,0.0256,,,,,,,,,,
0e94299d-0964-4c4b-be26-8100bc7e3d68,ZFM-05245,biased,-1,FAIL,PASS,WARNING,PASS,WARNING,PASS,PASS,WARNING,6550.3105,6576.573698,26.263198,0.0333,,,,,,,,,,
512c88d3-1efa-4dfe-a73b-fa9117db5454,ZFM-05245,biased,-1,FAIL,PASS,WARNING,PASS,PASS,PASS,PASS,WARNING,5178.9352,5182.195232,3.260032333,0.0333,,,,,,,,,,
5743661d-a36d-4c4f-a2ef-51fbeee79b7c,ZFM-05245,biased,-1,FAIL,PASS,WARNING,PASS,PASS,PASS,PASS,WARNING,4469.455301,4476.146632,6.691331333,0.0333,,,,,,,,,,
40da378d-f08f-4c15-9e3e-8a04a0bf4e23,ZFM-05245,biased,-1,FAIL,PASS,WARNING,PASS,WARNING,PASS,PASS,WARNING,4649.645401,4653.583399,3.937998,0.0333,,,,,,,,,,
26b1e8e2-47c8-4925-9ae5-43929635294d,ZFM-05245,biased,-1,FAIL,WARNING,WARNING,PASS,WARNING,PASS,PASS,WARNING,8540.4483,8547.018531,6.570231333,0.0333,,,,,,,,,,
16aa7570-578f-4daa-8244-844716fb1320,ZFM-05245,biased,-1,FAIL,PASS,WARNING,PASS,WARNING,PASS,PASS,WARNING,3669.207501,3654.316265,-14.89123633,0.0333,,,,,,,,,,
b52fcc2d-2079-4690-ba28-46761d098bf4,ZFM-05245,biased,-1,FAIL,PASS,WARNING,PASS,PASS,PASS,PASS,WARNING,5428.163801,5434.969532,6.805731333,0.0333,,,,,,,,,,
d226644e-d10b-4142-9e5e-17aa91f378d6,ZFM-05245,biased,-1,FAIL,PASS,WARNING,PASS,WARNING,PASS,PASS,WARNING,5255.663901,5267.557899,11.893998,0.0333,,,,,,,,,,
e7c37ff1-e3ee-4e82-813f-f408af91730c,ZFM-05245,biased,-1,FAIL,PASS,WARNING,PASS,WARNING,PASS,PASS,WARNING,5297.324101,5297.920099,0.595998,0.0333,,,,,,,,,,
a54d305f-2089-47ac-8e75-134db4fd3ed9,ZFM-05245,biased,-1,FAIL,PASS,WARNING,PASS,WARNING,PASS,PASS,WARNING,6281.3591,6283.919165,2.560064667,0.0333,,,,,,,,,,
5ca99111-68bd-40cf-a582-7956a9057b0d,ZFM-05245,biased,-1,FAIL,PASS,WARNING,PASS,WARNING,PASS,PASS,WARNING,5085.476401,5095.215899,9.739498,0.0333,,,,,,,,,,
3df9f2f6-708a-48aa-b033-050750e62102,ZFM-05245,biased,-1,FAIL,PASS,WARNING,PASS,WARNING,PASS,PASS,WARNING,5136.975002,5142.500132,5.525130333,0.0333,,,,,,,,,,
cc0b6954-3030-488e-8d10-a1ba421d655a,ZFM-05245,biased,-1,FAIL,PASS,WARNING,PASS,WARNING,PASS,PASS,WARNING,5835.673802,5838.627766,2.953963667,0.0333,,,,,,,,,,
cb21401e-dfe6-4e81-b6d6-df14107a45c3,ZFM-05245,biased,-1,FAIL,PASS,WARNING,PASS,PASS,PASS,PASS,WARNING,6118.146401,6152.542732,34.39633133,0.0333,,,,,,,,,,
4933ead1-b5fc-4ea6-b8c7-deb5be276c22,ZFM-05245,biased,-1,FAIL,PASS,WARNING,PASS,PASS,PASS,PASS,WARNING,4160.905201,4165.197566,4.292364667,0.0333,,,,,,,,,,
6c20cc91-292d-44a9-ad69-2f4586e474a5,ZFM-05245,biased,-1,FAIL,PASS,WARNING,PASS,PASS,PASS,PASS,WARNING,3489.732201,3487.811598,-1.920603,0.0333,,,,,,,,,,
8431da6c-ab6c-4c6d-b166-574fe66064e5,ZFM-05245,biased,-1,FAIL,WARNING,WARNING,PASS,PASS,PASS,PASS,WARNING,5296.635901,5313.887432,17.25153133,0.0333,,,,,,,,,,
4b42f52f-3e60-41f6-869a-465ee241d0e8,ZFM-05245,biased,-1,FAIL,WARNING,WARNING,PASS,PASS,PASS,PASS,WARNING,5652.986101,5665.561566,12.57546467,0.0333,,,,,,,,,,
55d7f234-cc47-44a6-bb36-086c854eff00,ZFM-05245,biased,-1,FAIL,PASS,WARNING,PASS,WARNING,PASS,PASS,WARNING,3227.207101,3227.915233,0.7081323333,0.0333,,,,,,,,,,
274c4683-ef2a-471a-841f-af634446ec8d,ZFM-05245,biased,-1,FAIL,PASS,WARNING,PASS,WARNING,PASS,PASS,WARNING,2912.541001,2920.703432,8.162431333,0.0333,,,,,,,,,,
490f4be9-de15-4251-aae4-2e059bbc03c9,ZFM-05245,biased,-1,FAIL,PASS,WARNING,PASS,PASS,PASS,PASS,WARNING,4196.889001,4204.827199,7.938198,0.0333,,,,,,,,,,
be3208c9-43de-44dc-bdc6-ff8963464f98,ZFM-05245,biased,-1,FAIL,PASS,WARNING,PASS,WARNING,PASS,PASS,WARNING,4936.878901,4931.608899,-5.270002,0.0333,,,,,,,,,,
8996a0d0-3b23-4d7e-92a4-8272b4bb5a9f,ZFM-05245,biased,-1,FAIL,WARNING,WARNING,PASS,WARNING,PASS,PASS,WARNING,4897.658901,4898.661032,1.002131333,0.0333,,,,,,,,,,
40a2c7c5-bdce-4aae-ab2f-e088d82e58d3,ZFM-05245,biased,-1,FAIL,PASS,WARNING,PASS,WARNING,PASS,PASS,WARNING,5388.143201,5388.837132,0.6939313333,0.0333,,,,,,,,,,
4f9da1a0-5465-410b-83f4-e852cfe61107,ZFM-05245,biased,-1,FAIL,PASS,WARNING,PASS,PASS,PASS,PASS,WARNING,5678.667201,5679.304399,0.637198,0.0333,,,,,,,,,,
5104ba1a-9c35-470a-8f6d-69a07349e19b,ZFM-05245,biased,-1,FAIL,PASS,WARNING,PASS,PASS,PASS,PASS,WARNING,6151.048801,6152.103099,1.054298,0.0333,,,,,,,,,,
f1e2413c-46d8-487b-b352-a3602678af09,ZFM-05245,biased,-1,PASS,PASS,WARNING,PASS,PASS,PASS,PASS,WARNING,4885.212845,4976.139389,90.92654374,0.0256,,,,,,,,,,
1c09046e-48d8-47f3-9d07-2241e3f3a136,ZFM-05248,biased,-1,FAIL,PASS,WARNING,PASS,WARNING,PASS,PASS,WARNING,5557.064801,5562.585932,5.521131333,0.0333,,,,,,,,,,
a7366bb4-8e5d-44fc-97f8-af129659b9c6,ZFM-05248,biased,-1,FAIL,PASS,WARNING,PASS,WARNING,PASS,PASS,WARNING,3082.191003,3081.596153,-0.5948498261,0.0333,,,,,,,,,,
9f6567f4-ae65-4df6-8844-d7ee913354a0,ZFM-05248,biased,-1,FAIL,PASS,WARNING,PASS,WARNING,PASS,PASS,WARNING,1897.590202,1900.795033,3.204831333,0.0333,,,,,,,,,,
87aa70c9-02d8-4f22-8e8a-bafff6597c9b,ZFM-05248,biased,-1,FAIL,PASS,WARNING,PASS,PASS,PASS,PASS,WARNING,4774.235101,4776.532965,2.297863667,0.0333,,,,,,,,,,
5a86f96b-5a14-4735-ad4a-936efaa85dc4,ZFM-05248,biased,-1,FAIL,PASS,WARNING,PASS,WARNING,PASS,PASS,WARNING,5739.300502,5741.9159,2.615398,0.0333,,,,,,,,,,
d1f7fa83-21a1-4f31-90db-b519f7cffa0e,ZFM-05248,biased,-1,FAIL,PASS,WARNING,PASS,WARNING,PASS,PASS,WARNING,5652.325301,5654.995632,2.670331333,0.0333,,,,,,,,,,
6ec2482d-7928-4f76-b11a-056f5409bf8a,ZFM-05248,biased,-1,FAIL,PASS,WARNING,PASS,WARNING,PASS,PASS,WARNING,3792.013201,3791.168266,-0.8449353333,0.0333,,,,,,,,,,
f3e67065-7cef-46a1-b6e2-bcedccdfcee1,ZFM-05248,biased,-1,FAIL,PASS,WARNING,PASS,WARNING,PASS,PASS,WARNING,5026.276401,5030.371999,4.095598,0.0333,,,,,,,,,,
dc80e090-11c7-4660-bac4-809fd0642234,ZFM-05248,biased,-1,FAIL,PASS,WARNING,PASS,PASS,PASS,PASS,WARNING,5357.962701,5369.8649,11.902199,0.0333,,,,,,,,,,
fe81ae58-44cb-4623-82d4-15a177b771cc,ZFM-05248,biased,-1,FAIL,PASS,WARNING,PASS,WARNING,PASS,PASS,WARNING,3177.748102,3182.570433,4.822331333,0.0333,,,,,,,,,,
d9e81a3a-920f-48bc-a7c0-19fe2345c30e,ZFM-05248,biased,-1,FAIL,PASS,WARNING,PASS,WARNING,PASS,PASS,WARNING,6398.465501,6400.189998,1.724497,0.0333,,,,,,,,,,
3cb024c2-b9da-4538-9b6a-0cfbaab3d118,ZFM-05248,biased,-1,FAIL,PASS,WARNING,PASS,WARNING,PASS,PASS,WARNING,3615.7802,3615.495566,-0.2846343333,0.0333,,,,,,,,,,
10f2979e-6468-4f48-af70-5b4e35cb9340,ZFM-05248,biased,-1,FAIL,PASS,WARNING,PASS,WARNING,PASS,PASS,WARNING,3878.165103,17808.62013,13930.45503,0.0333,,,,,,,,,,
df1d5d83-ad49-4779-9817-9099801cbaa4,ZFM-05248,biased,-1,FAIL,WARNING,WARNING,PASS,WARNING,PASS,PASS,WARNING,5196.890702,5209.947933,13.05723133,0.0333,,,,,,,,,,
3f4b9711-7cea-41f2-9fc5-ee095fcad5c0,ZFM-05248,biased,-1,FAIL,WARNING,WARNING,PASS,WARNING,PASS,PASS,WARNING,3453.782901,3454.220299,0.437398,0.0333,,,,,,,,,,
b0c91134-9ee0-48c9-ab86-bef2f77bcf99,ZFM-05248,biased,-1,FAIL,PASS,WARNING,PASS,PASS,PASS,PASS,WARNING,4603.1841,4608.559465,5.375364667,0.0333,,,,,,,,,,
bca1e711-bd2a-411e-afe2-8da1308994c3,ZFM-05248,biased,-1,FAIL,PASS,WARNING,PASS,PASS,PASS,PASS,WARNING,3852.130602,3849.680167,-2.450435333,0.0333,,,,,,,,,,
b59d74aa-334b-4e01-a1c9-3cac0ee46cae,ZFM-05248,biased,-1,FAIL,PASS,WARNING,PASS,WARNING,PASS,PASS,WARNING,5102.966401,5101.433066,-1.533335333,0.0333,,,,,,,,,,
4e8dbc88-f96c-4de9-91f1-2e5c3b3c3a71,ZFM-05248,biased,-1,FAIL,PASS,WARNING,PASS,PASS,PASS,PASS,WARNING,5655.2,5655.524431,0.3244313333,0.0333,,,,,,,,,,
cd9d071e-c798-4900-891f-b65640ec22b1,ZFM-05248,biased,-1,FAIL,PASS,WARNING,PASS,PASS,PASS,PASS,WARNING,6479.7702,6492.435098,12.664898,0.0333,,,,,,,,,,
65b43acb-afa5-4590-a400-f7f4c79788ab,ZFM-05248,biased,-1,FAIL,PASS,WARNING,PASS,WARNING,PASS,PASS,WARNING,5940.683501,5955.457099,14.773598,0.0333,,,,,,,,,,
56044f43-8550-4b36-ae5d-0a32e627c0fd,ZFM-05248,biased,-1,FAIL,PASS,WARNING,PASS,PASS,PASS,PASS,WARNING,4746.1204,4754.757531,8.637131333,0.0333,,,,,,,,,,
b46d38e4-cba5-4d2f-b975-93542a452317,ZFM-05248,biased,-1,FAIL,PASS,WARNING,PASS,WARNING,PASS,PASS,WARNING,2740.937701,2755.426099,14.488398,0.0333,,,,,,,,,,
f416af34-121d-419c-8d27-4e95f8648012,ZFM-05248,biased,-1,FAIL,PASS,WARNING,PASS,WARNING,PASS,PASS,WARNING,4419.165601,4418.949466,-0.2161353333,0.0333,,,,,,,,,,
24415d91-8a3a-440b-beee-2d4388a4b908,ZFM-05248,biased,-1,FAIL,PASS,WARNING,PASS,WARNING,PASS,PASS,WARNING,4075.427001,4042.822099,-32.604902,0.0333,,,,,,,,,,
61073b6e-842e-440e-bf59-b3197065bfa1,ZFM-05248,biased,-1,FAIL,PASS,WARNING,PASS,WARNING,PASS,PASS,WARNING,4487.999401,4493.394599,5.395198,0.0333,,,,,,,,,,
5a15eda6-8c64-47cd-9454-510f21682181,ZFM-06171,biased,-1,PASS,PASS,PASS,PASS,PASS,PASS,PASS,WARNING,4121.321804,4072.647199,-48.674605,0.0333,,,,,,,,,,
80957a16-aaeb-4a50-abf3-132c526d7580,ZFM-06171,biased,-1,PASS,PASS,PASS,PASS,WARNING,PASS,PASS,WARNING,5525.904619,10033.4541,4507.54948,0.02,,,,,,,,,,
f4d84520-e8a6-45b6-bc48-b0664c1105cf,ZFM-06171,biased,-1,PASS,PASS,PASS,PASS,WARNING,PASS,PASS,WARNING,3511.762643,6325.882599,2814.119956,0.02,,,,,,,,,,
dfed550a-c9b0-4c2f-8a41-a8037dc6b387,ZFM-06171,biased,-1,PASS,PASS,PASS,PASS,WARNING,PASS,PASS,WARNING,3378.113616,6114.285899,2736.172283,0.02,,,,,,,,,,
27433103-0677-494e-a59c-e509c5a62329,ZFM-06171,biased,-1,PASS,PASS,PASS,PASS,WARNING,PASS,WARNING,WARNING,5901.292562,10698.2605,4796.967937,0.02,,,,,,,,,,
10fe4774-c653-4768-808b-0030075dbc5d,ZFM-06171,biased,-1,PASS,PASS,PASS,PASS,WARNING,PASS,PASS,WARNING,2960.684613,5307.172299,2346.487686,0.02,,,,,,,,,,
2f7818cc-c4b9-40d9-b220-36ca78e9a2de,ZFM-06171,biased,-1,PASS,PASS,WARNING,PASS,NOT_SET,PASS,PASS,WARNING,4194.223391,1188.0177,-3006.205691,0.0201,,,,,,,,,,
ce2cbe62-5439-490b-a53f-fe5dcbbb7b95,ZFM-06268,biased,-1,FAIL,PASS,PASS,PASS,WARNING,PASS,PASS,PASS,4218.483196,8286.612655,4068.129459,0.01960784314,,,,,,,,,,
2024559c-7b77-48e2-b5ff-ff2ba8d33696,ZFM-06268,biased,-1,PASS,PASS,PASS,PASS,WARNING,PASS,PASS,PASS,4256.786279,8344.144475,4087.358196,0.01960784314,,,,,,,,,,
ed76c5c4-b278-4dc7-b5c0-0b14708f1d86,ZFM-06268,biased,-1,PASS,PASS,PASS,PASS,WARNING,PASS,WARNING,WARNING,4322.548332,8426.980816,4104.432484,0.01960784314,,,,,,,,,,
f3110994-6cdb-460c-96c4-24846b90d50c,ZFM-06268,biased,-1,PASS,PASS,PASS,PASS,WARNING,PASS,PASS,PASS,4708.500314,9294.908858,4586.408544,0.01960784314,,,,,,,,,,
43b9ac0d-999a-43b4-b3d1-827543b8cce6,ZFM-06268,biased,-1,PASS,PASS,PASS,PASS,WARNING,PASS,PASS,PASS,4112.357761,8096.129238,3983.771477,0.01960784314,,,,,,,,,,
55515199-3e80-496d-a338-0c06b2abc780,ZFM-06268,biased,-1,PASS,PASS,PASS,PASS,WARNING,PASS,PASS,PASS,4547.712479,8997.256017,4449.543538,0.01960784314,,,,,,,,,,
2b1ecaa7-68b0-4973-8bb9-e973dd087a6b,ZFM-06268,biased,-1,PASS,PASS,PASS,PASS,WARNING,PASS,PASS,PASS,4100.199581,8121.04925,4020.849669,0.01960784314,,,,,,,,,,
6a82a270-fca6-4d48-8a06-445137e62fe2,ZFM-06268,biased,-1,PASS,PASS,PASS,PASS,WARNING,PASS,PASS,WARNING,4645.734204,8397.586599,3751.852395,0.02,,,,,,,,,,
ab61f66b-cb4c-4fdc-b57c-bf4c6fc32deb,ZFM-06268,biased,-1,FAIL,PASS,WARNING,PASS,PASS,PASS,PASS,WARNING,4510.04189,4481.836235,-28.2056551,0.0256,,,,,,,,,,
3bc3b415-cd39-4d4b-8344-f9e938bf51d3,ZFM-06268,biased,-1,FAIL,PASS,WARNING,PASS,PASS,PASS,PASS,WARNING,3482.914589,8798.0628,5315.148211,0.0256,,,,,,,,,,
91fe7b53-5172-4df3-9985-3d002c5a23a4,ZFM-06268,biased,-1,FAIL,PASS,WARNING,PASS,WARNING,PASS,PASS,WARNING,4756.498639,4710.637578,-45.86106051,0.0256,,,,,,,,,,
5405b85f-5e4f-4ca9-a771-990c5e9baf43,ZFM-06268,biased,-1,FAIL,PASS,WARNING,PASS,WARNING,PASS,PASS,WARNING,2552.58728,2515.17877,-37.40851021,0.0256,,,,,,,,,,
2fb7bff6-3e76-4b78-bc5c-a3dc697d419e,ZFM-06268,biased,-1,FAIL,PASS,WARNING,PASS,PASS,PASS,PASS,WARNING,3570.127795,3531.163917,-38.96387805,0.0256,,,,,,,,,,
663a76e5-4a30-45d5-a4dc-bf17394ec2b2,ZFM-06271,biased,-1,PASS,PASS,WARNING,PASS,PASS,PASS,WARNING,WARNING,5191.955007,10274.55199,5082.596978,0.01960784314,,,,,,,,,,
c9df7e11-22b5-4db2-9986-3af3f6af9165,ZFM-06271,biased,-1,PASS,PASS,PASS,PASS,WARNING,PASS,PASS,PASS,4160.275998,8228.39212,4068.116122,0.01960784314,,,,,,,,,,
0fd1e093-a9eb-404a-a592-de4c5cb18b64,ZFM-06271,biased,-1,PASS,PASS,PASS,PASS,WARNING,PASS,PASS,PASS,3641.02394,7187.047025,3546.023085,0.01960784314,,,,,,,,,,
8e1f265b-f4bc-4b84-b1f7-0b36d2e9cd90,ZFM-06271,biased,-1,PASS,PASS,PASS,PASS,WARNING,PASS,FAIL,FAIL,,1108.397671,,0.01960784314,,,,,,,,,,
7eac0097-d4e1-47d2-a975-202f36bd5ae6,ZFM-06271,biased,-1,PASS,PASS,PASS,PASS,WARNING,PASS,WARNING,WARNING,5995.241121,11887.47391,5892.232786,0.01960784314,,,,,,,,,,
e864d7f1-a0ba-4463-bfed-20f95e9c8526,ZFM-06271,biased,-1,PASS,PASS,PASS,PASS,WARNING,PASS,WARNING,WARNING,1990.244389,3891.563583,1901.319194,0.01960784314,,,,,,,,,,
b6bb7a40-d838-47e8-986d-2e5a9a2fa77a,ZFM-06271,biased,-1,FAIL,PASS,WARNING,PASS,PASS,PASS,PASS,WARNING,4568.557071,4538.439917,-30.11715405,0.0256,,,,,,,,,,
1b0755dc-d8ec-4ac4-ac65-77e8089aefc8,ZFM-06271,biased,-1,FAIL,PASS,WARNING,PASS,PASS,PASS,PASS,WARNING,4815.894575,4779.952891,-35.94168369,0.0256,,,,,,,,,,
b29d7f8b-bdbb-4624-bdf4-f64d3b97bd96,ZFM-06271,biased,-1,,,,,,,,,4052.811606,,,,,,,,,,,,,
2509a9ff-c76b-4c49-80e5-bc18bd7ae16a,ZFM-06271,biased,-1,FAIL,PASS,WARNING,PASS,WARNING,PASS,PASS,WARNING,3497.274915,3453.170858,-44.10405703,0.0256,,,,,,,,,,
15091f40-b0f5-4864-9d75-53de5c8d9e68,ZFM-06275,biased,-1,PASS,PASS,WARNING,PASS,WARNING,PASS,PASS,WARNING,2943.53287,5276.967899,2333.435029,0.02,,,,,,,,,,
5b429284-391c-4c39-8306-45860cbfe64f,ZFM-06275,biased,-1,FAIL,PASS,WARNING,PASS,WARNING,PASS,WARNING,WARNING,4772.649761,8600.125999,3827.476238,0.02,,,,,,,,,,
5cf6833b-604f-45e0-a752-47c65e7e0200,ZFM-06275,biased,-1,PASS,PASS,WARNING,PASS,WARNING,PASS,PASS,WARNING,4958.319289,8819.671499,3861.35221,0.02,,,,,,,,,,
3bbadaff-290e-4cd2-bc7a-0e1a07388136,ZFM-06275,biased,-1,PASS,PASS,PASS,PASS,WARNING,PASS,PASS,PASS,5273,10442.17173,5169.171726,0.01960784314,,,,,,,,,,
46dfe777-b0af-4aa6-b84e-cc030bb61e9f,ZFM-06275,biased,-1,PASS,PASS,PASS,PASS,WARNING,PASS,PASS,WARNING,,12920.15683,,0.01960784314,,,,,,,,,,
8eac586e-7e81-4430-b3a4-7a1412adf39d,ZFM-06275,biased,-1,PASS,PASS,WARNING,PASS,WARNING,PASS,PASS,PASS,5741.497449,11349.95472,5608.45727,0.01960784314,,,,,,,,,,
8743fc31-2886-4505-89c4-873338f09143,ZFM-06275,biased,-1,PASS,PASS,PASS,PASS,WARNING,PASS,PASS,PASS,6210.041383,12287.60059,6077.559204,0.01960784314,,,,,,,,,,
e8b7d6e0-8a6b-4f17-a2f2-ffbb886bc06a,ZFM-06275,biased,-1,PASS,PASS,PASS,PASS,WARNING,PASS,PASS,PASS,5712.865958,11318.83067,5605.964715,0.01960784314,,,,,,,,,,
0a64126d-a149-4d28-80d8-00a5ca60c681,ZFM-06275,biased,-1,PASS,PASS,WARNING,PASS,WARNING,PASS,PASS,PASS,4542.261431,8992.114646,4449.853215,0.01960784314,,,,,,,,,,
eb104880-b863-4452-8c1f-44fa372fbe62,ZFM-06275,biased,-1,,,,,,,,,4857.002734,,,,,,,,,,,,,
bcc2419f-f50e-4a2a-9c67-fef434a7be0b,ZFM-06275,biased,-1,PASS,PASS,PASS,PASS,WARNING,PASS,PASS,PASS,5101.491355,10065.28661,4963.795254,0.01960784314,,,,,,,,,,
974a8a32-2156-4250-b9db-4298fc8daa65,ZFM-06275,biased,-1,PASS,PASS,PASS,PASS,WARNING,PASS,PASS,PASS,5203.810344,10275.2335,5071.423161,0.01960784314,,,,,,,,,,
0f4f1c75-5163-479a-b20d-5b77d5dbf9bc,ZFM-06275,biased,-1,PASS,PASS,PASS,PASS,WARNING,PASS,PASS,PASS,5528.309168,10950.7021,5422.392937,0.01960784314,,,,,,,,,,
580d1208-d910-4fc9-8c28-8364c92dbd46,ZFM-06948,biased,-1,PASS,PASS,FAIL,PASS,WARNING,PASS,PASS,WARNING,6097.507208,6062.841099,-34.666109,0.0256,,,,,,,,,,
f931c7de-cd9a-42e6-a83f-368f77ac334c,ZFM-06948,biased,-1,PASS,PASS,WARNING,PASS,PASS,PASS,PASS,WARNING,5878.169968,5848.260545,-29.90942285,0.0256,,,,,,,,,,
4a2a79b3-3ff1-476c-a438-6690167eda3e,ZFM-06948,biased,-1,FAIL,PASS,WARNING,PASS,PASS,PASS,PASS,WARNING,4384.840129,7828.377199,3443.53707,0.0256,,,,,,,,,,
49a8a108-34b9-4611-b887-4465f0260df5,ZFM-06948,biased,-1,PASS,PASS,WARNING,PASS,WARNING,PASS,PASS,WARNING,4733.970799,4673.174717,-60.79608205,0.0256,,,,,,,,,,
c1b69b7c-4ef8-4ad4-871f-b6b30c7e8f63,ZFM-06948,biased,-1,PASS,PASS,WARNING,PASS,PASS,PASS,PASS,WARNING,4857.370459,4824.458137,-32.91232154,0.0256,,,,,,,,,,
2d6526a6-a19d-487c-a061-f6e2457abc8b,ZFM-06948,biased,-1,FAIL,PASS,FAIL,PASS,PASS,PASS,PASS,WARNING,5855.219131,5816.974213,-38.24491818,0.0256,,,,,,,,,,
1e849ab7-b86f-4533-bb10-5ea736c6c8ec,ZFM-08751,biased,-1,PASS,PASS,WARNING,PASS,WARNING,PASS,PASS,WARNING,3990.712378,3963.253666,-27.45871233,0.0333,,,,,,,,,,
a2e95e09-530d-46b0-aee8-295b6486a166,ZFM-08751,biased,-1,PASS,PASS,WARNING,PASS,PASS,PASS,PASS,WARNING,3699.040756,3660.992566,-38.04819033,0.0333,,,,,,,,,,
73636c9d-1bf6-40db-a661-4a648e3b100b,ZFM-08751,biased,-1,PASS,PASS,WARNING,PASS,PASS,PASS,PASS,WARNING,4562.200013,4538.836366,-23.36364733,0.0333,,,,,,,,,,
bbe34339-86d1-4548-be99-d17117b6e1a4,ZFM-08751,biased,-1,PASS,PASS,WARNING,PASS,WARNING,PASS,PASS,WARNING,2810.947357,2779.790566,-31.15679133,0.0333,,,,,,,,,,
f9b1dafa-1ec0-46e2-a72c-987535b72bb6,ZFM-08751,biased,-1,PASS,PASS,WARNING,PASS,WARNING,PASS,PASS,WARNING,4161.526664,4132.934266,-28.59239833,0.0333,,,,,,,,,,
1be2e1e9-e4f2-41ad-9e34-ae27967d41ac,ZFM-08776,biased,-1,PASS,PASS,WARNING,PASS,PASS,PASS,PASS,WARNING,2836.633756,2801.332066,-35.30169033,0.0333,,,,,,,,,,
3b9e42e3-5add-4a57-9d6c-b16d44856e2b,ZFM-08776,biased,-1,PASS,PASS,WARNING,PASS,PASS,PASS,WARNING,WARNING,3358.478135,3323.459599,-35.018536,0.0333,,,,,,,,,,
b421f2a7-abb9-4dac-b758-2f45d7fea1f5,ZFM-08776,biased,-1,PASS,PASS,WARNING,PASS,WARNING,PASS,PASS,WARNING,3068.726129,2980.369999,-88.35613,0.0333,,,,,,,,,,
838050f2-1f29-49e5-a1ca-28cba9a0b477,ZFM-08776,biased,-1,FAIL,PASS,WARNING,PASS,WARNING,PASS,PASS,WARNING,3318.6835,3252.424599,-66.258901,0.0333,,,,,,,,,,
77a08fa7-3d24-4abf-a1b8-aa1aee44f8b5,ZFM-08776,biased,-1,PASS,PASS,WARNING,PASS,WARNING,PASS,PASS,WARNING,3563.064029,3530.007166,-33.05686333,0.0333,,,,,,,,,,
5b7b15a8-e73a-43b7-9c49-e3a31c2eeec9,ZFM-08776,biased,-1,PASS,PASS,WARNING,PASS,WARNING,PASS,PASS,WARNING,3926.158666,3885.885299,-40.273367,0.0333,,,,,,,,,,
d5e7032b-245c-40b1-8145-25575232c3f4,ZFM-08776,biased,-1,PASS,PASS,WARNING,PASS,WARNING,PASS,PASS,WARNING,2926.261324,2898.344132,-27.91719167,0.0333,,,,,,,,,,
2b4479d3-94a0-4541-84bd-5e730d609fcd,ZFM-08776,biased,-1,PASS,PASS,WARNING,PASS,PASS,PASS,PASS,WARNING,3447.273071,3414.743466,-32.52960533,0.0333,,,,,,,,,,
bca5e82f-617a-4e9e-852c-b4c97f30ba5d,ZFM-08776,biased,-1,PASS,PASS,WARNING,PASS,WARNING,PASS,PASS,WARNING,3197.029015,3101.960067,-95.06894833,0.0333,,,,,,,,,,
fa9efd38-29f9-41a6-a005-21c9fc4be5dc,ZFM-08776,biased,-1,PASS,PASS,WARNING,PASS,WARNING,PASS,PASS,WARNING,2832.199112,2794.738132,-37.46097967,0.0333,,,,,,,,,,
20586642-39f6-41c3-9dc6-33818cd0d4d2,ZFM-08776,biased,-1,PASS,PASS,WARNING,PASS,WARNING,PASS,PASS,WARNING,2856.470301,2821.1134,-35.356901,0.0333,,,,,,,,,,
e374c41a-d95e-48e9-8b67-313bfee253c1,ZFM-08776,biased,-1,PASS,PASS,WARNING,PASS,PASS,PASS,PASS,WARNING,3058.58966,3016.8698,-41.71986,0.0333,,,,,,,,,,
49e4714a-5545-4e88-a631-8410b9072562,ZFM-08776,biased,-1,PASS,PASS,WARNING,PASS,PASS,PASS,PASS,WARNING,3876.338416,3828.035631,-48.30278467,0.0333,,,,,,,,,,
1d4147d7-c233-420a-95a3-af4e65c7cf94,ZFM-08776,biased,-1,FAIL,PASS,WARNING,PASS,PASS,PASS,PASS,WARNING,3233.948461,3178.999515,-54.94894587,0.0323,,,,,,,,,,
1cfa51a2-d2f0-4971-a8b5-01b5daf7870b,ZFM-08776,biased,-1,PASS,PASS,WARNING,PASS,PASS,PASS,PASS,WARNING,3252.946102,3212.259766,-40.68633633,0.0333,,,,,,,,,,
a1716c5c-e8d0-4bfb-bb76-2d877789b63a,ZFM-08776,biased,-1,PASS,PASS,WARNING,PASS,WARNING,PASS,PASS,WARNING,5471.153488,5440.443332,-30.71015567,0.0333,,,,,,,,,,
a3301c45-d8cb-4abb-932d-146f5a5f68ee,ZFM-08776,biased,-1,PASS,PASS,WARNING,PASS,WARNING,PASS,PASS,WARNING,5475.413331,5412.668432,-62.74489867,0.0333,,,,,,,,,,
cba4e2ef-0428-4629-aea4-11608c187f44,ZFM-08776,biased,-1,FAIL,PASS,WARNING,PASS,WARNING,PASS,PASS,WARNING,3541.830749,3413.677332,-128.1534167,0.0333,,,,,,,,,,
ff531d10-b0bb-4533-b890-2020c8715abb,ZFM-08776,biased,-1,PASS,PASS,WARNING,PASS,PASS,PASS,PASS,WARNING,3547.707766,3449.444732,-98.26303367,0.0333,,,,,,,,,,
2c30ab2c-38ac-4f8d-bdda-d9d42cd08b81,ZFM-08776,biased,-1,FAIL,PASS,WARNING,PASS,PASS,PASS,PASS,WARNING,2859.788257,2830.604832,-29.18342467,0.0333,,,,,,,,,,
e306fae0-9f6d-400a-a830-435595aab9ac,ZFM-08776,biased,-1,FAIL,PASS,WARNING,PASS,PASS,PASS,PASS,WARNING,4038.730393,4012.502732,-26.22766067,0.0333,,,,,,,,,,
7ff872d3-4d76-4a31-b22c-f9424a1d8863,ZFM-08776,biased,-1,FAIL,PASS,WARNING,PASS,WARNING,PASS,PASS,WARNING,3252.47699,3220.487367,-31.98962333,0.0333,,,,,,,,,,
fd4592e1-e0a0-4eb8-ad6b-c8154c4c7a87,ZFM-08776,biased,-1,FAIL,PASS,WARNING,PASS,PASS,PASS,PASS,WARNING,2907.36088,2855.415732,-51.94514767,0.0333,,,,,,,,,,
64b28628-d813-4439-bf60-ad4d7250aae8,ZFM-08776,biased,-1,FAIL,PASS,WARNING,PASS,WARNING,PASS,PASS,WARNING,3232.529603,3187.448666,-45.08093733,0.0333,,,,,,,,,,
82a051f9-cc46-4f28-880f-a82efc6925b2,ZFM-08776,biased,-1,FAIL,PASS,WARNING,PASS,WARNING,PASS,PASS,WARNING,3313.922118,3283.395467,-30.52665133,0.0333,,,,,,,,,,
c913779a-a907-4819-986b-5a3c7029decb,ZFM-08776,biased,-1,FAIL,PASS,WARNING,PASS,WARNING,PASS,PASS,WARNING,2952.796213,2906.936332,-45.85988067,0.0333,,,,,,,,,,
be4b5e54-0d32-4ad0-9ef8-5a9be0c6b08e,ZFM-08776,biased,-1,FAIL,PASS,WARNING,PASS,WARNING,PASS,PASS,WARNING,2827.153185,2784.180832,-42.97235267,0.0333,,,,,,,,,,
8ae16a2b-606e-4dfc-bf2a-d6a47f5b9a6c,ZFM-08776,biased,-1,FAIL,PASS,WARNING,PASS,PASS,PASS,WARNING,WARNING,3550.009543,3489.309499,-60.700044,0.0333,,,,,,,,,,
d2e9c962-9409-4bb6-94c3-8424295c6450,ZFM-08776,biased,-1,FAIL,PASS,WARNING,PASS,PASS,PASS,PASS,WARNING,2953.314065,2862.542932,-90.77113267,0.0333,,,,,,,,,,
54124fdd-c116-44cf-9584-3d292921fb78,ZFM-08776,biased,-1,PASS,PASS,WARNING,PASS,PASS,PASS,PASS,WARNING,4017.653529,3920.918432,-96.73509667,0.0333,,,,,,,,,,
2545899e-d2fb-45c8-8e18-a5cf92ae33e1,ZFM-08776,biased,-1,PASS,PASS,WARNING,PASS,PASS,PASS,PASS,WARNING,2821.971696,2789.778566,-32.19313033,0.0333,,,,,,,,,,
65ab636f-68fe-4db5-bcd6-c596f972116c,ZFM-08813,biased,-1,PASS,PASS,WARNING,PASS,PASS,PASS,WARNING,WARNING,3314.488452,3282.916832,-31.57161967,0.0333,,,,,,,,,,
e189f4a6-792f-4a9d-b3c0-e5541f987243,ZFM-08813,biased,-1,PASS,PASS,WARNING,PASS,WARNING,PASS,PASS,PASS,3440.217184,3665.257032,225.0398483,0.0333,,,,,,,,,,
9ec9643e-6cb8-42ae-8a67-5bc1a79ca13d,ZFM-08813,biased,-1,PASS,PASS,FAIL,PASS,WARNING,PASS,FAIL,FAIL,1703.080213,8059.131956,6356.051743,0.0333,,,,,,,,,,
367636d8-5499-47e0-b6b9-07c77e579c43,ZFM-08818,biased,-1,PASS,PASS,WARNING,PASS,PASS,PASS,PASS,WARNING,3950.473299,3898.125032,-52.34826667,0.0333,,,,,,,,,,
7ad82a83-0fce-4522-91ea-978841444b73,ZFM-08818,biased,-1,PASS,PASS,WARNING,PASS,PASS,PASS,PASS,WARNING,3535.579605,3496.289767,-39.28983833,0.0333,,,,,,,,,,
da86031b-0ed5-49e4-890b-7e5c94c1a42c,ZFM-08818,biased,-1,PASS,PASS,WARNING,PASS,PASS,PASS,PASS,WARNING,3214.066942,3170.319699,-43.747243,0.0333,,,,,,,,,,
b330a573-da8f-41dd-a242-e98b03707862,ZFM-08818,biased,-1,PASS,PASS,WARNING,PASS,WARNING,PASS,PASS,WARNING,4393.949318,4348.448532,-45.50078567,0.0333,,,,,,,,,,
660707a1-7394-4191-abeb-bb4052567f72,ZFM-08818,biased,-1,FAIL,PASS,WARNING,PASS,WARNING,PASS,PASS,WARNING,4871.565965,4785.752066,-85.81389933,0.0333,,,,,,,,,,
9ea8fa32-3cbf-4ea1-a341-285837caa137,ZFM-08818,biased,-1,FAIL,PASS,WARNING,PASS,PASS,PASS,PASS,WARNING,2917.156723,2864.697133,-52.45958967,0.0333,,,,,,,,,,
ffc80814-c070-4814-964d-4e053a0bb4be,ZFM-08818,biased,-1,PASS,PASS,WARNING,PASS,PASS,PASS,PASS,WARNING,4413.660543,4367.100032,-46.56051067,0.0333,,,,,,,,,,
52f46d9e-27ed-4404-b904-611f0bf470c9,ZFM-08818,biased,-1,PASS,PASS,WARNING,PASS,PASS,PASS,PASS,WARNING,3905.420303,3853.633266,-51.78703733,0.0333,,,,,,,,,,
d4577307-b680-4dcf-89b5-9c7975404825,ZFM-08818,biased,-1,FAIL,PASS,WARNING,PASS,PASS,PASS,PASS,WARNING,3358.386211,3304.996733,-53.38947767,0.0333,,,,,,,,,,
88d7a155-5498-403d-afa5-ccf10251b26e,ZFM-08818,biased,-1,PASS,PASS,WARNING,PASS,PASS,PASS,PASS,WARNING,5024.6897,4967.186932,-57.50276767,0.0333,,,,,,,,,,
7b5e64ba-a1ae-4bfe-9167-e9a5a6dfac91,ZFM-08818,biased,-1,PASS,PASS,WARNING,PASS,PASS,PASS,PASS,WARNING,4101.332818,4037.564866,-63.76795233,0.0333,,,,,,,,,,
6623c0bd-e22a-4a13-a718-2a048429b6d8,ZFM-08818,biased,-1,PASS,PASS,WARNING,PASS,PASS,PASS,PASS,WARNING,3878.912653,3829.553132,-49.35952067,0.0333,,,,,,,,,,
373ed2f2-32b3-4498-a6e9-2854b062f286,ZFM-08818,biased,-1,FAIL,PASS,WARNING,PASS,WARNING,PASS,PASS,WARNING,3998.131686,3959.601233,-38.53045267,0.0333,,,,,,,,,,
af3484b6-febf-4654-907b-b01bbc109c4f,ZFM-08818,biased,-1,FAIL,PASS,WARNING,PASS,WARNING,PASS,WARNING,WARNING,4423.196326,4371.094232,-52.10209367,0.0333,,,,,,,,,,
82cef3dc-9a03-48e7-aa24-02095703156a,ZFM-08818,biased,-1,FAIL,PASS,WARNING,PASS,PASS,PASS,PASS,WARNING,4077.609872,4014.719366,-62.89050633,0.0333,,,,,,,,,,
cabd62a4-1f41-4ee4-9b97-88db20413533,ZFM-08818,biased,-1,FAIL,PASS,WARNING,PASS,PASS,PASS,PASS,WARNING,3639.639561,3600.091632,-39.54792867,0.0333,,,,,,,,,,
018ced19-5dc8-431a-a11e-87f6da87b517,ZFM-08818,biased,-1,FAIL,PASS,WARNING,PASS,PASS,PASS,PASS,WARNING,5031.918448,4985.098399,-46.820049,0.0333,,,,,,,,,,
7e476f2f-816f-4bad-9ae1-cb880de198dd,ZFM-08818,biased,-1,FAIL,PASS,WARNING,PASS,WARNING,PASS,PASS,WARNING,4824.758788,4761.101932,-63.65685567,0.0333,,,,,,,,,,
c951b0f5-daa8-4d7a-9b5f-875abff863df,ZFM-08818,biased,-1,PASS,PASS,WARNING,PASS,NOT_SET,PASS,PASS,WARNING,3701.882091,3658.938332,-42.94375867,0.0333,,,,,,,,,,
e7818003-5f64-46ba-b8d2-a977d5b05eca,ZFM-08818,biased,-1,PASS,PASS,WARNING,PASS,NOT_SET,PASS,WARNING,WARNING,3901.676699,3851.796399,-49.8803,0.0333,,,,,,,,,,
f4f1d7fe-d7c8-442b-a7d6-e214223febaf,ZFM-08818,biased,-1,PASS,PASS,WARNING,PASS,WARNING,PASS,PASS,WARNING,3920.350409,3876.740632,-43.60977667,0.0333,,,,,,,,,,
2c53da8f-4a04-4125-9d5a-0ce0c6aa394c,ZFM-08818,biased,-1,PASS,PASS,FAIL,PASS,WARNING,PASS,CRITICAL,WARNING,4122.740971,4052.892299,-69.848672,0.0333,,,,,,,,,,
50874e58-fcb2-4aac-83c2-df174e4f5cd4,ZFM-08818,biased,-1,PASS,PASS,FAIL,PASS,WARNING,PASS,PASS,WARNING,3357.788228,3313.1595,-44.628728,0.0333,,,,,,,,,,
51fde6ce-f7d7-4089-8a71-518ea8c481f2,ZFM-08818,biased,-1,PASS,PASS,FAIL,PASS,PASS,PASS,PASS,WARNING,3245.677236,3180.446366,-65.23087033,0.0333,,,,,,,,,,
22fcece7-33fa-4182-acff-34330afc020e,ZFM-08818,biased,-1,PASS,PASS,FAIL,PASS,WARNING,PASS,PASS,WARNING,3050.003276,2973.299432,-76.70384367,0.0333,,,,,,,,,,
15aa2648-f824-40ab-87fb-820614b54e24,ZFM-08818,biased,-1,PASS,PASS,FAIL,PASS,PASS,PASS,PASS,WARNING,3783.92911,3741.636633,-42.29247667,0.0333,,,,,,,,,,
33325d2f-74cb-43b9-a588-a5cd5d17fcfd,ZFM-08818,biased,-1,PASS,PASS,FAIL,PASS,WARNING,PASS,PASS,WARNING,4456.147692,4372.631467,-83.51622533,0.0333,,,,,,,,,,
f4e7d18b-f4bc-4bb5-ac22-a175be52132e,ZFM-08818,biased,-1,PASS,PASS,FAIL,PASS,WARNING,PASS,PASS,WARNING,3929.345072,3875.481533,-53.86353867,0.0333,,,,,,,,,,
76a5ff9a-3a30-4fd1-a1c9-f9110b5fe967,ZFM-08818,biased,-1,PASS,PASS,FAIL,PASS,WARNING,PASS,PASS,WARNING,3434.77039,3392.719967,-42.05042333,0.0333,,,,,,,,,,
9d2ad258-3a38-45f5-8068-a6136ab6f810,ZFM-08818,biased,-1,PASS,PASS,FAIL,PASS,WARNING,PASS,PASS,WARNING,4345.867496,4304.657666,-41.20983033,0.0333,,,,,,,,,,
1724ed2c-2b83-42a5-9ed2-0c4d181a5e9c,ZFM-08818,biased,-1,PASS,PASS,FAIL,PASS,WARNING,PASS,PASS,WARNING,4237.343636,4176.365732,-60.97790367,0.0333,,,,,,,,,,
7a72d55e-c1d0-41b6-ad7b-2e54269bb678,ZFM-08818,biased,-1,PASS,PASS,FAIL,PASS,WARNING,PASS,PASS,WARNING,4135.64524,4075.956866,-59.68837433,0.0333,,,,,,,,,,
ec3c3e4b-af10-49c1-830b-991d37ccd469,ZFM-08818,biased,-1,PASS,PASS,FAIL,PASS,WARNING,PASS,PASS,WARNING,4598.31629,4541.206032,-57.11025767,0.0333,,,,,,,,,,
6524df98-fd87-4575-8539-2bb1f004d15d,ZFM-08818,biased,-1,PASS,PASS,FAIL,PASS,WARNING,PASS,PASS,WARNING,4111.565811,4043.658166,-67.90764533,0.0333,,,,,,,,,,
0274ca55-7515-4705-9e88-844508b50116,ZFM-08818,biased,-1,PASS,PASS,FAIL,PASS,PASS,PASS,PASS,WARNING,4519.437725,4478.530532,-40.90719267,0.0333,,,,,,,,,,
54742a56-ac70-4c23-875e-83cc3b8a60df,ZFM-08818,biased,-1,PASS,PASS,FAIL,PASS,PASS,PASS,PASS,WARNING,4172.089861,4131.079232,-41.01062867,0.0333,,,,,,,,,,
813e8682-99dd-4642-b098-f1a12f2205cb,ZFM-08828,biased,-1,FAIL,PASS,WARNING,PASS,NOT_SET,PASS,PASS,WARNING,4961.24503,371.027,-4590.21803,0.0333,,,,,,,,,,
be0614e8-cf4c-4bdf-a13d-b0f198e38194,ZFM-08828,biased,-1,FAIL,PASS,WARNING,PASS,PASS,PASS,WARNING,WARNING,3706.452188,3653.022699,-53.429489,0.0333,,,,,,,,,,
9985f8fc-0999-4dff-aa66-a5eb6c5c5b97,ZFM-08828,biased,-1,FAIL,PASS,WARNING,PASS,PASS,PASS,WARNING,WARNING,4412.39521,4343.091198,-69.304012,0.0333,,,,,,,,,,
dadb4de2-847d-4ed0-b2e5-849629580437,ZFM-08828,biased,-1,FAIL,PASS,WARNING,PASS,PASS,PASS,WARNING,WARNING,2897.308969,2842.698167,-54.61080233,0.0333,,,,,,,,,,
246bce2c-d5ef-40f1-aa1f-bfc3471e0ad7,ZFM-08828,biased,-1,FAIL,PASS,WARNING,PASS,NOT_SET,PASS,PASS,WARNING,4752.99956,4692.107766,-60.89179433,0.0333,,,,,,,,,,
f35a86d5-d25d-4ead-935d-70eb3d6159fc,ZFM-08828,biased,-1,FAIL,PASS,WARNING,PASS,PASS,PASS,PASS,WARNING,5513.345005,5482.851866,-30.49313933,0.0333,,,,,,,,,,
2df1a392-8bc8-458a-98b8-755432ab3bf0,ZFM-08828,biased,-1,FAIL,PASS,WARNING,PASS,PASS,PASS,WARNING,WARNING,3908.864258,3842.451832,-66.41242567,0.0333,,,,,,,,,,
66a86f59-e4ad-4b66-9c11-6daac898338e,ZFM-08828,biased,-1,FAIL,PASS,WARNING,PASS,WARNING,PASS,PASS,WARNING,3982.809487,3938.497498,-44.311989,0.0333,,,,,,,,,,
f5a83795-d229-4809-a7b2-f7762343659e,ZFM-08828,biased,-1,PASS,PASS,WARNING,PASS,PASS,PASS,PASS,WARNING,4182.076527,4145.407566,-36.66896133,0.0333,,,,,,,,,,
e005dc41-1006-4ea8-8c8f-32917069291a,ZFM-08828,biased,-1,FAIL,PASS,WARNING,PASS,PASS,PASS,WARNING,WARNING,3663.031525,3615.925566,-47.10595933,0.0333,,,,,,,,,,
b9919064-44a3-4282-b6af-b8c95109cdb8,ZFM-08871,biased,-1,PASS,PASS,FAIL,PASS,WARNING,PASS,WARNING,WARNING,3897.98145,3851.090399,-46.891051,0.0333,,,,,,,,,,
b42228f2-02b2-413e-b577-e04cf43f1d63,ZFM-08871,biased,-1,PASS,PASS,FAIL,PASS,WARNING,PASS,PASS,WARNING,3715.688017,3646.1021,-69.585917,0.0333,,,,,,,,,,
83c8d81d-0837-40a4-a7e0-895928ab5ef8,ZFM-08871,biased,-1,PASS,PASS,FAIL,PASS,PASS,PASS,PASS,WARNING,3292.423513,3245.675666,-46.74784733,0.0333,,,,,,,,,,
8dd80bc5-8e73-4fe3-98b0-a7657e60e33b,ZFM-08871,biased,-1,PASS,PASS,FAIL,PASS,PASS,PASS,PASS,WARNING,3965.668291,3920.840032,-44.82825867,0.0333,,,,,,,,,,
798aa025-8924-43cb-b632-9080781ff5f9,ZFM-08871,biased,-1,PASS,PASS,FAIL,PASS,PASS,PASS,PASS,WARNING,4945.301071,4905.217899,-40.083172,0.0333,,,,,,,,,,
76ea8c2e-86cd-433e-97b4-733bdb27b723,ZFM-09044,biased,-1,PASS,PASS,FAIL,PASS,PASS,PASS,PASS,WARNING,4514.680077,4470.941132,-43.73894467,0.0333,,,,,,,,,,
6f3a4974-df57-4898-b467-b976cbf649bc,ZFM-09044,biased,-1,PASS,PASS,WARNING,PASS,PASS,PASS,WARNING,WARNING,3754.049837,3696.674399,-57.375438,0.0333,,,,,,,,,,
9396f840-f5a1-4687-afb8-f2736f3be2cb,ZFM-09044,biased,-1,PASS,PASS,WARNING,PASS,WARNING,PASS,PASS,WARNING,5495.359053,5425.934466,-69.42458733,0.0333,,,,,,,,,,
b2f230b1-49b0-4022-bf57-ea324161cc95,ZFM-09139,biased,-1,PASS,PASS,FAIL,PASS,PASS,PASS,PASS,WARNING,2822.297312,2770.507999,-51.789313,0.0333,,,,,,,,,,
08686494-896b-4cdc-bde2-8425ab3100c0,ZFM-09140,biased,-1,PASS,PASS,FAIL,PASS,WARNING,PASS,PASS,WARNING,2924.330747,2891.921366,-32.40938133,0.0333,,,,,,,,,,
18803188-9d11-4589-a582-8aeae67779a0,ZFM-09140,biased,-1,PASS,PASS,WARNING,PASS,WARNING,PASS,PASS,WARNING,3073.936289,3034.725532,-39.21075667,0.0333,,,,,,,,,,
ee29519b-74bd-41da-b271-b45ffbfff348,ZFM-09343,biased,-1,PASS,PASS,WARNING,PASS,PASS,PASS,PASS,WARNING,4221.078804,4177.352666,-43.72613833,0.0333,,,,,,,,,,
941df82c-9894-4280-bf3c-09323658b299,ZFM-09343,biased,-1,FAIL,PASS,WARNING,PASS,PASS,PASS,PASS,WARNING,4017.866011,3977.566866,-40.29914533,0.0333,,,,,,,,,,
c4630bd4-81bb-4ea4-8f15-2d7a24298ae1,ZFM-09343,biased,-1,FAIL,PASS,WARNING,PASS,PASS,PASS,PASS,WARNING,3924.018558,3880.955332,-43.06322567,0.0333,,,,,,,,,,
7de6b629-5821-4e6e-ab60-00d04c181eb8,ZFM-09365,biased,-1,PASS,PASS,WARNING,PASS,PASS,PASS,PASS,WARNING,5538.923758,5502.402965,-36.52079333,0.0333,,,,,,,,,,
d8e1cedd-b007-42a5-aee2-7202319c9899,ZFM-09365,biased,-1,PASS,PASS,WARNING,PASS,PASS,PASS,PASS,WARNING,2973.52495,2940.463666,-33.06128433,0.0333,,,,,,,,,,
058f42c2-808d-4c2a-bd8e-3095f31453f0,ZFM-09365,biased,-1,PASS,PASS,FAIL,PASS,PASS,PASS,PASS,WARNING,3989.644991,3953.709133,-35.93585767,0.0333,,,,,,,,,,
c540a48f-d5ff-4d82-9c2b-ece4f1b4ab4b,ZFM-09365,biased,-1,,,,,,,,,3321.541428,3280.454268,-41.08716033,0.0333,,,,,,,,,,
972a3f21-e097-4d3f-b72b-f00033a4cca3,ZFM-09365,biased,-1,,,,,,,,,3620.623033,3557.6695,-62.953533,0.0333,,,,,,,,,,
f56ff5e8-95a2-4c5b-a498-327c19b88090,ZFM-09365,biased,-1,,,,,,,,,3202.657201,3168.522798,-34.134403,0.0333,,,,,,,,,,
35839049-908d-48db-9a2e-a6a2858b6c93,ZFM-09394,biased,-1,FAIL,PASS,WARNING,PASS,WARNING,PASS,PASS,WARNING,5456.850815,5421.901432,-34.94938267,0.0333,,,,,,,,,,
e20a3337-f6d3-4cb2-82df-3fedc6054254,ZFM-09394,biased,-1,PASS,PASS,WARNING,PASS,WARNING,PASS,WARNING,WARNING,3014.321516,2977.942734,-36.37878167,0.0333,,,,,,,,,,
c7bcf46b-20f4-4eb8-ba99-a7f984c1baa9,ZFM-09394,biased,-1,PASS,WARNING,FAIL,PASS,WARNING,PASS,PASS,WARNING,2163.783582,2127.076232,-36.70734967,0.0333,,,,,,,,,,
c5e0d2bb-31b3-4d67-bff0-679c1b87151d,ZFM-09394,biased,-1,PASS,PASS,FAIL,PASS,PASS,PASS,PASS,WARNING,2925.078,2868.172732,-56.90526767,0.0333,,,,,,,,,,
9cfbc726-c14d-4895-822c-7059b00830b3,ZFM-09394,biased,-1,PASS,PASS,FAIL,PASS,PASS,PASS,PASS,WARNING,4596.996284,4482.827332,-114.1689517,0.0333,,,,,,,,,,
a597ec2f-c206-4689-9847-b3ec67d1f59b,ZFM-09394,biased,-1,PASS,PASS,WARNING,PASS,WARNING,PASS,PASS,WARNING,4320.236709,4280.744466,-39.49224333,0.0333,,,,,,,,,,
106d48fe-6ead-48d8-95a1-4e75c065376e,ZFM-09394,biased,-1,PASS,PASS,FAIL,PASS,WARNING,PASS,PASS,WARNING,4672.160024,4611.696666,-60.46335833,0.0333,,,,,,,,,,
d4252c40-3af8-479e-b599-162445962d31,ZFM-09394,biased,-1,PASS,PASS,FAIL,PASS,WARNING,PASS,PASS,WARNING,3689.413708,3654.030332,-35.38337567,0.0333,,,,,,,,,,
d3f573bc-d0c7-4d5e-b70c-dc405c8865a9,ZFM-09394,biased,-1,PASS,PASS,FAIL,PASS,PASS,PASS,PASS,WARNING,3500.116646,3466.033666,-34.08298033,0.0333,,,,,,,,,,
7d61160c-bae7-45bb-9f6b-796cf4c1494f,ZFM-09394,biased,-1,PASS,PASS,WARNING,PASS,WARNING,PASS,PASS,WARNING,4878.478464,4833.064932,-45.41353167,0.0333,,,,,,,,,,
606f9a02-ca1c-43fe-8fae-a50aeb51a522,ZFM-09394,biased,-1,PASS,PASS,WARNING,PASS,PASS,PASS,WARNING,WARNING,3933.631973,3897.343532,-36.28844067,0.0333,,,,,,,,,,
754f8a6b-60ef-480a-9665-5b3428aea365,ZFM-09394,biased,-1,,,,,,,,,2899.632748,2867.475033,-32.15771467,0.0333,,,,,,,,,,
feb4ac2f-9e59-4637-8708-0b693859bbfd,ZFM-09394,biased,-1,,,,,,,,,3326.610404,3278.869633,-47.74077067,0.0333,,,,,,,,,,
4b3b19c8-1c3c-4850-9043-3f619389467d,ZFM-09394,biased,-1,,,,,,,,,3121.651757,3075.952734,-45.69902267,0.0333,,,,,,,,,,
d887fd08-6691-4c19-acfa-c5cd35dd1db2,ZFM-09439,biased,-1,FAIL,PASS,WARNING,PASS,PASS,PASS,WARNING,WARNING,4130.062401,4082.631932,-47.43046867,0.0333,,,,,,,,,,
ba268798-9f7c-4d69-a59e-28ba0589c8a0,ZFM-09439,biased,-1,FAIL,PASS,WARNING,PASS,PASS,PASS,PASS,WARNING,3080.338165,3035.290099,-45.048066,0.0333,,,,,,,,,,
2db0382e-f9fe-4fa8-9e30-d2b86605978d,ZFM-09439,biased,-1,PASS,PASS,FAIL,PASS,PASS,PASS,PASS,WARNING,3585.005126,3548.102533,-36.90259267,0.0333,,,,,,,,,,
1c1b4deb-4269-4bae-ba19-12ce5049cca9,ZFM-09439,biased,-1,PASS,PASS,FAIL,PASS,WARNING,PASS,PASS,WARNING,3272.462438,3236.825732,-35.63670567,0.0333,,,,,,,,,,
6fab23ca-79a3-41a2-aeef-871147b1ff97,ZFM-09439,biased,-1,,,,,,,,,3940.21152,3905.967632,-34.24388767,0.0333,,,,,,,,,,
6e1fca8c-2ebd-4b05-a284-8d9dff9274a4,ZFM-09439,biased,-1,,,,,,,,,4201.47582,4166.729499,-34.746321,0.0333,,,,,,,,,,
e3d02364-d74f-49f9-973d-cef8c983906b,ZFM-09439,biased,-1,,,,,,,,,3693.438613,3661.711467,-31.72714633,0.0333,,,,,,,,,,
2bc5badd-eeb1-4bbc-8c64-9edcc21c9fb8,CQ001,training,-1,PASS,PASS,PASS,PASS,PASS,PASS,WARNING,WARNING,2731.679,2518.583266,-213.0957343,0.0333,,,,,,,,,,
e2636dfc-566b-4703-ad30-66e60617cc6f,CQ001,training,-1,PASS,PASS,WARNING,PASS,PASS,PASS,WARNING,WARNING,2770.535,2747.537266,-22.99773433,0.0333,,,,,,,,,,
78ae22da-0a62-4b40-8e22-f1e34a0a22eb,CQ001,training,-1,PASS,PASS,PASS,PASS,PASS,PASS,WARNING,WARNING,2896.043,2872.693733,-23.34926667,0.0333,,,,,,,,,,
f7373793-53c0-46bd-b8ad-cdc5b466d119,CQ001,training,-1,PASS,PASS,PASS,PASS,PASS,PASS,WARNING,WARNING,2754.782,2419.304633,-335.4773667,0.0333,,,,,,,,,,
2e67baa1-3423-4568-8f05-be96bec83c9f,CQ002,training,-1,,,,,,,,,1615.966,,,,,,,,,,,,,
a21e614b-3e5b-4fde-8762-291ee405f7c2,CQ002,training,-1,,,,,,,,,2895.812,,,,,,,,,,,,,
b638ac69-8d93-4934-a03c-e4f4ee0d745a,CQ002,training,-1,,,,,,,,,2834.854,,,,,,,,,,,,,
e4657108-7296-489e-8677-16924d6cba26,CQ002,training,-1,,,,,,,,,2743.444,,,,,,,,,,,,,
722f1bb8-4d97-401a-9271-9b4b81051c74,CQ005,training,-1,PASS,PASS,PASS,PASS,WARNING,PASS,WARNING,WARNING,2190.801,2166.600932,-24.20006767,0.0333,,,,,,,,,,
cad34b7a-ce47-4963-9a1a-dc3a9ca92e3e,CQ005,training,-1,PASS,PASS,PASS,PASS,PASS,PASS,PASS,WARNING,2981.917,2854.136999,-127.780001,0.0101,,,,,,,,,,
51645faf-e36e-4c15-ab2f-a9cecad4122a,CQ005,training,-1,PASS,WARNING,PASS,PASS,WARNING,PASS,FAIL,FAIL,3610,96220.50602,92610.50602,0.0333,,,,,,,,,,
bb2bbaf4-f421-4e34-a00c-bf1a96d67870,CQ005,training,-1,PASS,PASS,PASS,PASS,WARNING,PASS,WARNING,WARNING,2723.9,2593.216233,-130.6837667,0.0333,,,,,,,,,,
4c38cb10-778f-4ed3-a55f-f1561e008466,CQ005,training,-1,PASS,PASS,PASS,PASS,PASS,PASS,WARNING,WARNING,2949.933,2822.928393,-127.0046071,0.0101,,,,,,,,,,
bb96a77d-0771-499e-bc43-e419ec2538b4,CQ005,training,-1,PASS,PASS,PASS,PASS,PASS,PASS,WARNING,WARNING,3400.238,3266.238932,-133.9990677,0.0333,,,,,,,,,,
91757475-2c1c-401c-a6e2-75b05b392a36,CQ006,training,-1,,,,,,,,,2721.52,,,,,,,,,,,,,
9279c8f9-b584-43ee-86da-5ef4aca4ee09,CQ006,training,-1,PASS,WARNING,WARNING,PASS,WARNING,PASS,WARNING,WARNING,2775.705,4870.232052,2094.527052,0.01960784314,,,,,,,,,,
15048613-cd33-4b43-b5f4-02240f4e6d72,CQ006,training,-1,PASS,PASS,FAIL,PASS,WARNING,PASS,WARNING,WARNING,2725.824,2565.913933,-159.9100667,0.0333,,,,,,,,,,
d6b4affc-2fc9-4a9c-a83a-f77f230f2ee9,CQ006,training,-1,PASS,PASS,FAIL,PASS,WARNING,PASS,PASS,PASS,2734.408,5379.490698,2645.082698,0.01960784314,,,,,,,,,,
8fc7a33e-4b32-49bb-8f03-f6ff4db447ef,CQ006,training,-1,PASS,WARNING,FAIL,PASS,WARNING,PASS,PASS,PASS,2730.786,5196.735184,2465.949184,0.01960784314,,,,,,,,,,
b243d696-e81e-4595-98bf-59ab1ef34345,CQ008,training,-1,,,,,,,,,2767,,,,,,,,,,,,,
8d8ac810-64fd-4e7d-ae80-e22015c028b3,CQ008,training,-1,PASS,PASS,PASS,PASS,WARNING,PASS,WARNING,WARNING,2198.046,2135.967167,-62.07883333,0.0333,,,,,,,,,,
24d9f634-3f6d-4de5-9922-c2af1b3694fa,CQ009,training,-1,PASS,PASS,WARNING,PASS,WARNING,PASS,WARNING,WARNING,2793.639,2751.501605,-42.13739494,0.0101,,,,,,,,,,
dbf213d5-758c-43fb-8f65-8e08ad8146d3,CQ009,training,-1,PASS,PASS,WARNING,PASS,PASS,PASS,WARNING,WARNING,2788.466,2751.69356,-36.7724404,0.0101,,,,,,,,,,
864398f1-14b5-4740-b6c8-2474045c1128,CQ009,training,-1,PASS,PASS,WARNING,PASS,WARNING,PASS,WARNING,WARNING,2758.692,2652.941333,-105.7506667,0.0101,,,,,,,,,,
ead72d30-8fca-4d76-90cc-8bcb70b34379,CQ009,training,-1,PASS,PASS,WARNING,PASS,WARNING,PASS,WARNING,WARNING,2975.622,2875.482918,-100.1390818,0.0101,,,,,,,,,,
f186cbab-49de-40d2-b1ec-d6e236c2836f,CQ009,training,-1,PASS,PASS,WARNING,PASS,WARNING,PASS,WARNING,WARNING,2921.866,2836.068483,-85.79751716,0.0101,,,,,,,,,,
06987596-0c35-4a98-996a-301ef8b5bede,CQ009,training,-1,PASS,PASS,WARNING,PASS,WARNING,PASS,WARNING,WARNING,2857.901,2715.835799,-142.065201,0.0333,,,,,,,,,,
f294d9ad-b02d-4877-847e-24c98a02a73a,CQ009,training,-1,,,,,,,,,2761.446,,,,,,,,,,,,,
1b109592-ef79-4e10-9e0a-348a3f79b795,CQ009,training,-1,PASS,PASS,PASS,PASS,WARNING,PASS,WARNING,WARNING,2954.327,2866.205638,-88.12136162,0.0101,,,,,,,,,,
eb3fad47-6805-4284-a988-f1064d2ca35c,CQ009,training,-1,,,,,,,,,2760.793,,,,,,,,,,,,,
2ac08c02-5d08-4739-80ba-6df8f6754553,CQ011,training,-1,PASS,PASS,WARNING,PASS,WARNING,PASS,PASS,PASS,2784.937,5111.96055,2327.02355,0.01960784314,,,,,,,,,,
ef171d15-5bc8-44d9-919c-9d86a75908c8,CQ011,training,-1,PASS,PASS,WARNING,PASS,WARNING,PASS,WARNING,WARNING,2772.365,5271.34303,2498.97803,0.01960784314,,,,,,,,,,
1607a2bf-3300-4b89-a233-dfa00d83425d,CQ011,training,-1,PASS,PASS,WARNING,PASS,WARNING,PASS,PASS,PASS,2756.731,5200.22119,2443.49019,0.01960784314,,,,,,,,,,
d528c799-1bd3-4df1-b3bd-fd08019b0ca9,CQ011,training,-1,PASS,PASS,WARNING,PASS,PASS,PASS,WARNING,WARNING,2804.32,2676.178531,-128.1414687,0.0333,,,,,,,,,,
0d3973a4-b297-4ea8-8a8a-7962c8eb5b64,CQ011,training,-1,PASS,PASS,WARNING,PASS,WARNING,PASS,WARNING,WARNING,2730.288,2521.852033,-208.4359667,0.0333,,,,,,,,,,
f48ccf48-2e5b-4535-a838-7ac27a5bef4d,CQ011,training,-1,PASS,PASS,PASS,PASS,WARNING,PASS,WARNING,WARNING,2998.856,2875.247962,-123.6080384,0.0101,,,,,,,,,,
5098ed02-f0e4-4482-9f99-2e6900e09b86,CQ013,training,-1,PASS,PASS,WARNING,PASS,PASS,PASS,WARNING,WARNING,2776.251,2708.728292,-67.52270808,0.0101,,,,,,,,,,
c5e1c497-bc20-4c97-b602-84c0cb71475d,CQ013,training,-1,PASS,PASS,WARNING,PASS,PASS,PASS,WARNING,WARNING,2828.557,2706.911432,-121.6455677,0.0333,,,,,,,,,,
c108ba0b-04bf-4ffc-935b-b2cd87c91677,CQ013,training,-1,PASS,PASS,WARNING,PASS,PASS,PASS,WARNING,WARNING,2730.502,2409.678954,-320.8230465,0.0101,,,,,,,,,,
b83aae2d-0e2a-41c7-be2a-ec532c1e28fc,CQ013,training,-1,PASS,PASS,WARNING,PASS,PASS,PASS,WARNING,WARNING,2846.946,2812.595264,-34.35073636,0.0101,,,,,,,,,,
7f1781e4-44b6-4d1b-94e9-0c352ff97087,CQ013,training,-1,PASS,WARNING,FAIL,PASS,WARNING,PASS,PASS,PASS,3225.288,6257.976461,3032.688461,0.01960784314,,,,,,,,,,
745e79b6-b335-4b82-8c88-302a52ec51ce,CQ013,training,-1,PASS,PASS,WARNING,PASS,WARNING,PASS,PASS,PASS,2752.47,5184.203357,2431.733357,0.01960784314,,,,,,,,,,
88bee1b0-8871-4553-8597-08c4c94735e2,CQ013,training,-1,PASS,PASS,WARNING,PASS,WARNING,PASS,WARNING,WARNING,2878.596,5367.097839,2488.501839,0.01960784314,,,,,,,,,,
8d3801f3-eb0a-44b6-8bbf-9980f7193f63,CQ014,training,-1,PASS,FAIL,FAIL,PASS,WARNING,PASS,WARNING,WARNING,2774.194,2736.298112,-37.89588788,0.0101,,,,,,,,,,
90f6dace-2b29-41bd-bb43-fa8091344a0a,CQ014,training,-1,FAIL,WARNING,FAIL,PASS,WARNING,PASS,PASS,WARNING,2919.702,2345.743899,-573.958101,0.0101,,,,,,,,,,
9e3dbdf2-25c9-4951-98b4-0581dda39f5f,CQ014,training,-1,PASS,PASS,WARNING,PASS,WARNING,PASS,PASS,PASS,1889.499,3651.1529,1761.6539,0.02,,,,,,,,,,
ff99dcc1-088c-43de-8161-36f983a21931,CQ014,training,-1,FAIL,FAIL,FAIL,PASS,WARNING,PASS,WARNING,WARNING,3113.101,3005.997907,-107.1030929,0.0101,,,,,,,,,,
bf9b271f-318d-473d-a5c3-6164f1eccc86,CQ014,training,-1,PASS,WARNING,FAIL,PASS,WARNING,PASS,FAIL,FAIL,4634.663,4584.171599,-50.491401,0.0333,,,,,,,,,,
8795fac1-047d-4135-8aa0-211399abf127,CQ014,training,-1,PASS,WARNING,FAIL,PASS,PASS,PASS,WARNING,WARNING,3945.57,3890.730037,-54.83996262,0.0101,,,,,,,,,,
806dec76-bf9f-4e3b-beb2-985b00d69f34,CQ014,training,-1,PASS,PASS,PASS,PASS,WARNING,PASS,WARNING,WARNING,3045.332,3006.377899,-38.954101,0.0333,,,,,,,,,,
753331a5-5186-496c-9528-7fe1419d4650,CQ014,training,-1,PASS,PASS,WARNING,PASS,PASS,PASS,PASS,WARNING,3419.838,3379.671633,-40.16636667,0.0333,,,,,,,,,,
3960b672-e373-40b6-b0b7-4e5770251dce,CQ014,training,-1,PASS,WARNING,FAIL,PASS,WARNING,PASS,WARNING,WARNING,3544,3467.456216,-76.54378383,0.0101,,,,,,,,,,
96864482-fb65-49f2-8dd4-c3d65a17af0f,CQ014,training,-1,,,,,,,,,4090,,,,,,,,,,,,,
a33c85ab-f695-4884-b19c-60cb30ffd9de,CQ014,training,-1,PASS,WARNING,WARNING,PASS,WARNING,PASS,WARNING,WARNING,3128,3053.035322,-74.96467778,0.0101,,,,,,,,,,
9975d1bf-d4ce-440c-817a-57f8f4b31486,CQ014,training,-1,PASS,WARNING,FAIL,PASS,WARNING,PASS,WARNING,WARNING,1772,1680.548511,-91.45148889,0.0101,,,,,,,,,,
67cb7aa4-ba9c-4720-84c9-ea873266cf86,CQ015,training,-1,PASS,PASS,WARNING,PASS,WARNING,PASS,PASS,PASS,2805.299,5512.609093,2707.310093,0.01960784314,,,,,,,,,,
5e61923a-0dc9-4c0f-8c2b-2507e0d706e5,CQ015,training,-1,PASS,WARNING,FAIL,PASS,WARNING,PASS,PASS,PASS,2819.401,5509.317989,2689.916989,0.01960784314,,,,,,,,,,
e35cf2ad-cd9b-42e0-b055-3fb84cacb65d,CQ015,training,-1,PASS,WARNING,FAIL,PASS,WARNING,PASS,WARNING,WARNING,3269.292,6144.534005,2875.242005,0.01960784314,,,,,,,,,,
a05f3295-3936-4382-bb4c-205464884972,CQ015,training,-1,PASS,PASS,WARNING,PASS,WARNING,PASS,PASS,PASS,2971,5700.757945,2729.757945,0.01960784314,,,,,,,,,,
b23259d2-11ba-4511-960d-520f3d9b5cad,CQ015,training,-1,PASS,PASS,WARNING,PASS,WARNING,PASS,PASS,PASS,3139,5667.571609,2528.571609,0.01960784314,,,,,,,,,,
949e28fc-0cb8-4795-b02c-f3d93d1a08e9,CQ015,training,-1,PASS,PASS,WARNING,PASS,WARNING,PASS,PASS,PASS,2969.14,5760.592889,2791.452889,0.01960784314,,,,,,,,,,
042519df-04e9-4014-826a-00ae643a709c,CQ015,training,-1,PASS,PASS,PASS,PASS,PASS,PASS,WARNING,WARNING,3274.608,3207.927867,-66.68013333,0.0333,,,,,,,,,,
dbbbef11-7002-4329-bb8d-50e6ae2ac349,CQ016,training,-1,PASS,PASS,WARNING,PASS,WARNING,PASS,PASS,PASS,3467.978,5616.5853,2148.6073,0.02,,,,,,,,,,
16e1c837-c6c3-45d1-8895-07f721a98dcc,CQ016,training,-1,PASS,PASS,WARNING,PASS,WARNING,PASS,WARNING,WARNING,2962.015,5626.963199,2664.948199,0.02,,,,,,,,,,
93450ed5-6a33-4472-8c81-ba1952de3778,CQ016,training,-1,PASS,FAIL,FAIL,PASS,WARNING,PASS,WARNING,WARNING,2028.468,1981.647719,-46.82028081,0.0101,,,,,,,,,,
c2fc2126-c2b6-4efa-a747-1f35e19d164d,CQ016,training,-1,PASS,PASS,WARNING,PASS,WARNING,PASS,WARNING,WARNING,3031.496,5872.5713,2841.0753,0.02,,,,,,,,,,
7de07357-4b4c-4154-b5ad-101484a5d977,CQ016,training,-1,PASS,PASS,WARNING,PASS,WARNING,PASS,PASS,PASS,3204.93,6187.685499,2982.755499,0.02,,,,,,,,,,
cb68dfd6-510d-4ce1-8c14-fa3c5f092af8,CQ016,training,-1,PASS,PASS,WARNING,PASS,WARNING,PASS,WARNING,WARNING,3006.167,5941.616699,2935.449699,0.02,,,,,,,,,,
f809808d-55fd-405e-9d4d-969c98a4eab1,CQ016,training,-1,PASS,PASS,WARNING,PASS,WARNING,PASS,WARNING,WARNING,3111,6118.658699,3007.658699,0.02,,,,,,,,,,
12d10b38-ed43-4de8-9133-ab7a8bd780d8,CQ016,training,-1,PASS,PASS,WARNING,PASS,WARNING,PASS,PASS,PASS,2943.572,5811.470199,2867.898199,0.02,,,,,,,,,,
e77cab73-e5da-4c42-82b0-0562639c2e39,CQ016,training,-1,PASS,PASS,WARNING,PASS,WARNING,PASS,PASS,PASS,3130.95,6203.6106,3072.6606,0.02,,,,,,,,,,
0df7b251-072c-4623-b74a-040fe62bb8fb,CQ016,training,-1,PASS,PASS,WARNING,PASS,PASS,PASS,WARNING,WARNING,3733.883,3703.631666,-30.25133433,0.0333,,,,,,,,,,
3637abbb-0ed5-472a-a18b-10d3a5edcb8f,CQ016,training,-1,,,,,,,,,4770.577,,,,,,,,,,,,,
67441539-3649-4a5d-96f5-2ef352db783c,CQ016,training,-1,PASS,WARNING,WARNING,PASS,WARNING,PASS,WARNING,WARNING,3345,6319.7689,2974.7689,0.02,,,,,,,,,,
7eec83d3-380b-402a-bfc7-0e1cf2738845,CQ016,training,-1,PASS,PASS,PASS,PASS,WARNING,PASS,PASS,PASS,3164,6103.653599,2939.653599,0.02,,,,,,,,,,
d2b7d87f-461d-458c-aa2b-01303c8af293,CQ016,training,-1,PASS,PASS,FAIL,PASS,WARNING,PASS,PASS,PASS,4042.079,7936.245399,3894.166399,0.02,,,,,,,,,,
450ac2ec-f472-47e4-bd8a-c4afb894b461,CQ017,training,-1,PASS,WARNING,WARNING,PASS,WARNING,PASS,WARNING,WARNING,3060.075,3017.302308,-42.77269191,0.0101,,,,,,,,,,
ef775b56-5acd-4f87-abde-6d45b92db4bf,CQ017,training,-1,PASS,WARNING,WARNING,PASS,WARNING,PASS,WARNING,WARNING,2805.442,2766.014339,-39.42766061,0.0101,,,,,,,,,,
2a11f636-61f6-4bad-95b4-c8cef6a60c3e,CQ017,training,-1,PASS,WARNING,WARNING,PASS,WARNING,PASS,FAIL,FAIL,1792.525,67573.27476,65780.74976,0.0101,,,,,,,,,,
ead3ca39-a226-41f9-a9e5-727162802ec9,CQ017,training,-1,PASS,WARNING,WARNING,PASS,WARNING,PASS,WARNING,WARNING,3044.489,2930.26581,-114.2231899,0.0101,,,,,,,,,,
7ac5dda3-7025-468a-abf8-3b11367a4562,CQ017,training,-1,PASS,WARNING,FAIL,PASS,WARNING,PASS,WARNING,WARNING,2911.279,2869.999226,-41.27977374,0.0101,,,,,,,,,,
2025366a-c9aa-4b6c-97be-8af40eda6410,CQ017,training,-1,PASS,WARNING,WARNING,PASS,WARNING,PASS,WARNING,WARNING,2885.929,2771.973934,-113.9550657,0.0101,,,,,,,,,,
35852741-90c1-441c-b33c-32fb296d130b,CQ022,training,-1,,,,,,,,,2839.366,,,,,,,,,,,,,
272c7a84-1f76-4305-a355-4e2149726a9d,ZFM-03059,training,-1,FAIL,PASS,FAIL,PASS,PASS,PASS,PASS,PASS,2741.625402,,,,,,,,,,,,,
e04536b2-b161-478e-af3a-d04bc1ab33ee,ZFM-03059,training,-1,FAIL,FAIL,FAIL,PASS,PASS,PASS,PASS,PASS,2737.744103,,,,,,,,,,,,,
0006f59b-b214-432a-bfb8-bdf66e009c91,ZFM-03059,training,-1,FAIL,FAIL,FAIL,PASS,PASS,PASS,PASS,PASS,2729.286501,,,,,,,,,,,,,
e9bdcf2b-d0db-42f8-8dfe-3bb82711ff68,ZFM-03059,training,-1,FAIL,FAIL,FAIL,PASS,PASS,PASS,PASS,PASS,2307.553801,,,,,,,,,,,,,
245e3c34-df59-49df-8644-19a41de2b5b1,ZFM-03061,training,-1,FAIL,PASS,FAIL,PASS,PASS,PASS,PASS,PASS,2726.717302,,,,,,,,,,,,,
ac37db31-64f3-4558-a255-3f5c49154b9b,ZFM-03061,training,-1,FAIL,PASS,FAIL,PASS,PASS,PASS,PASS,PASS,2719.946501,,,,,,,,,,,,,
54629413-fda5-4bbc-b88f-e8a30ccf9ba3,ZFM-03061,training,-1,FAIL,PASS,FAIL,PASS,PASS,PASS,PASS,PASS,2685.701403,,,,,,,,,,,,,
50fd9088-2a75-4821-803b-cccbcf6e8b08,ZFM-03061,training,-1,FAIL,PASS,FAIL,PASS,PASS,PASS,PASS,PASS,2320.259601,,,,,,,,,,,,,
d61e88c8-3197-4164-9797-59fc1440602a,ZFM-03061,training,-1,FAIL,PASS,FAIL,PASS,PASS,PASS,PASS,PASS,2531.054102,,,,,,,,,,,,,
0eb07488-aceb-4ae3-8959-f71770b0decb,ZFM-03061,training,-1,FAIL,PASS,FAIL,PASS,PASS,PASS,PASS,PASS,2266.692603,,,,,,,,,,,,,
85914000-ae15-4886-9acb-3cec15c4c052,ZFM-03061,training,-1,FAIL,PASS,FAIL,PASS,PASS,PASS,PASS,PASS,2541.963002,,,,,,,,,,,,,
c2b953bd-e24e-410a-be4e-b3dd6ef373b8,ZFM-03062,training,-1,FAIL,PASS,FAIL,PASS,PASS,PASS,PASS,PASS,2700.044203,,,,,,,,,,,,,
a4d68a06-ffc3-43f3-ae1d-f4d05124ed22,ZFM-03062,training,-1,FAIL,PASS,FAIL,PASS,PASS,PASS,PASS,PASS,2197.953302,,,,,,,,,,,,,
e470c52d-25bc-4dac-9679-2dc0b7a3677f,ZFM-03062,training,-1,FAIL,FAIL,FAIL,PASS,PASS,PASS,PASS,PASS,2703.207602,,,,,,,,,,,,,
619cbbfc-299a-4cdf-92ab-e81c9ef6fbfe,ZFM-03062,training,-1,FAIL,PASS,FAIL,PASS,PASS,PASS,PASS,PASS,2706.769902,,,,,,,,,,,,,
a0eab3c3-e882-4e6d-912b-400563d506eb,ZFM-03062,training,-1,PASS,PASS,FAIL,PASS,PASS,PASS,PASS,PASS,2749.230302,,,,,,,,,,,,,
c4fddc77-29f7-4884-a2db-b71baca7f6be,ZFM-03062,training,-1,FAIL,FAIL,FAIL,PASS,PASS,PASS,PASS,PASS,4167.3756,,,,,,,,,,,,,
8718a6b4-64a2-45a0-b3ae-40c197c7a3bf,ZFM-03062,training,-1,FAIL,PASS,FAIL,PASS,PASS,PASS,PASS,PASS,2171.595302,,,,,,,,,,,,,
61a76e83-0b01-4b4a-a2eb-89cd1d2ffa0f,ZFM-03062,training,-1,FAIL,PASS,FAIL,PASS,PASS,PASS,PASS,PASS,2947.718202,,,,,,,,,,,,,
a6fcb474-3ff3-4ce0-b96e-94fc365b4788,ZFM-03062,training,-1,FAIL,PASS,FAIL,PASS,PASS,PASS,PASS,PASS,4539.310101,,,,,,,,,,,,,
f2a6559d-1e45-4e83-8f65-1295ef50ed4b,ZFM-03065,training,-1,FAIL,PASS,PASS,PASS,PASS,PASS,PASS,PASS,2764.585501,,,,,,,,,,,,,
92bf91b5-75db-4e95-8623-fd32c615558f,ZFM-03065,training,-1,FAIL,PASS,PASS,PASS,PASS,PASS,PASS,PASS,2180.974002,,,,,,,,,,,,,
26d6c415-23b0-4c49-b73e-b6cf2693df4d,ZFM-03065,training,-1,FAIL,PASS,FAIL,PASS,PASS,PASS,PASS,PASS,2955.516502,,,,,,,,,,,,,
4aaa7935-f74d-4797-a26d-598448328795,ZFM-03065,training,-1,FAIL,PASS,FAIL,PASS,PASS,PASS,PASS,PASS,2516.649502,,,,,,,,,,,,,
cfde85f3-e385-46e8-9068-ec7c1d6387d7,ZFM-03065,training,-1,FAIL,PASS,FAIL,PASS,PASS,PASS,PASS,PASS,2749.915502,,,,,,,,,,,,,
fde34459-43a8-4046-a5f5-227d12ba7e5c,ZFM-03447,training,-1,PASS,PASS,PASS,PASS,PASS,PASS,PASS,PASS,3431.415602,21086.51956,17655.10396,0.0333,,,,,,,,,,
df868222-4665-41b5-a3d5-940b58514303,ZFM-03448,training,-1,FAIL,PASS,PASS,PASS,PASS,PASS,PASS,PASS,1624.969801,3425.325666,1800.355865,0.03333333333,,,,,,,,,,
7b892482-f0a1-45c0-a52c-146c3ee8f450,ZFM-03450,training,-1,PASS,PASS,FAIL,PASS,PASS,FAIL,PASS,PASS,,1937.472901,,0.02,,,,,,,,,,
aa07b8d4-a30e-46e2-9566-c04d71758516,ZFM-04392,training,-1,PASS,PASS,WARNING,PASS,PASS,PASS,PASS,WARNING,4168.193301,4167.022599,-1.170702,0.0333,,,,,,,,,,
0703294f-f2da-441c-b7a4-3bb540c6b9c6,ZFM-04533,training,-1,PASS,WARNING,WARNING,PASS,WARNING,PASS,PASS,WARNING,4884.6254,4889.37177,4.746369714,0.0333,,,,,,,,,,
a5508783-bd0b-48a1-a325-5889933a61c4,ZFM-05235,training,-1,PASS,PASS,PASS,PASS,WARNING,PASS,PASS,WARNING,7316.790501,7332.701965,15.91146367,0.0256,,,,,,,,,,
ffe2da46-0c38-40f2-b285-200d95a745df,ZFM-05235,training,-1,PASS,PASS,PASS,PASS,PASS,PASS,PASS,WARNING,4653.145901,4667.521562,14.3756611,0.0256,,,,,,,,,,
d8aee2ec-9d50-4c8d-bafb-e4601c231b75,ZFM-05235,training,-1,FAIL,PASS,WARNING,PASS,WARNING,PASS,PASS,WARNING,3389.828803,3395.949395,6.120591872,0.0256,,,,,,,,,,
3063f519-ed42-4d75-a925-6a6754f3b050,ZFM-05235,training,-1,PASS,PASS,WARNING,PASS,PASS,PASS,PASS,WARNING,2855.386202,2881.164243,25.77804059,0.0256,,,,,,,,,,
fe1ad473-b4c3-4145-b44f-59c6d040aa0e,ZFM-05235,training,-1,PASS,PASS,WARNING,PASS,WARNING,PASS,WARNING,WARNING,5102.408102,5113.923592,11.51549031,0.0256,,,,,,,,,,
30d401e0-96f5-44c7-9cce-cf2de823cf78,ZFM-05235,training,-1,FAIL,PASS,WARNING,PASS,PASS,PASS,PASS,WARNING,4671.241502,4702.815237,31.57373546,0.0256,,,,,,,,,,
cb25dead-c27b-40d7-b52e-d32cc6ddf1f6,ZFM-05235,training,-1,PASS,PASS,WARNING,PASS,PASS,PASS,PASS,WARNING,5495.614802,5522.8488,27.233998,0.0256,,,,,,,,,,
e21eb0cd-3401-4765-9d12-9ae6e63468f3,ZFM-05235,training,-1,PASS,PASS,WARNING,PASS,PASS,PASS,PASS,WARNING,5462.565601,5472.689853,10.12425185,0.0256,,,,,,,,,,
5862e6c2-cf5a-430b-bab3-9d9a48e2ab80,ZFM-05235,training,-1,PASS,PASS,WARNING,PASS,PASS,PASS,PASS,WARNING,5178.524101,5180.925181,2.401080051,0.0256,,,,,,,,,,
74f58a22-f0c6-4570-ad9f-3115e51f829a,ZFM-05235,training,-1,PASS,PASS,WARNING,PASS,WARNING,PASS,PASS,WARNING,4127.4811,4136.704212,9.223111821,0.0256,,,,,,,,,,
7546cd5b-f351-4450-80dc-315780181c6d,ZFM-05235,training,-1,PASS,PASS,WARNING,PASS,WARNING,PASS,WARNING,WARNING,6378.424202,6384.767904,6.343702128,0.0256,,,,,,,,,,
7215d155-04c6-48f6-b7c2-7eedf21d0381,ZFM-05236,training,-1,PASS,PASS,PASS,PASS,PASS,PASS,PASS,WARNING,6649.347799,6663.307365,13.95956567,0.0256,,,,,,,,,,
ae6c1e4c-ae5a-41aa-948f-e5938491cc20,ZFM-05236,training,-1,PASS,PASS,PASS,PASS,WARNING,PASS,PASS,WARNING,4975.585201,4988.285773,12.70057236,0.0256,,,,,,,,,,
c42d324e-cb29-4dc7-a9e3-897c86189e96,ZFM-05236,training,-1,PASS,PASS,PASS,PASS,WARNING,PASS,PASS,WARNING,6099.243102,6119.92172,20.67861751,0.0256,,,,,,,,,,
c6373022-3939-471b-9ab1-5c4b4660c948,ZFM-05236,training,-1,PASS,PASS,PASS,PASS,PASS,PASS,PASS,WARNING,5014.633703,5066.005464,51.3717611,0.0256,,,,,,,,,,
d48611ec-4a53-4df3-a0cc-d3b84dc01987,ZFM-05236,training,-1,FAIL,PASS,PASS,PASS,PASS,PASS,PASS,WARNING,4085.347001,4089.142606,3.795604692,0.0256,,,,,,,,,,
ccecb17b-a1f3-4b62-96c2-d6530981dc6f,ZFM-05236,training,-1,FAIL,PASS,WARNING,PASS,WARNING,PASS,PASS,WARNING,4673.100402,4700.760956,27.66055441,0.0256,,,,,,,,,,
ddd1a68d-5235-45b7-9756-bc84f187327b,ZFM-05236,training,-1,FAIL,PASS,WARNING,PASS,WARNING,PASS,PASS,WARNING,3967.642702,4024.807794,57.16509187,0.0256,,,,,,,,,,
db41396e-1e6a-46ca-abc5-969984e30fc0,ZFM-05245,training,-1,FAIL,PASS,WARNING,PASS,PASS,PASS,PASS,WARNING,6770.1294,6789.238098,19.108698,0.0333,,,,,,,,,,
77a6741c-81cc-475f-9454-a9b997be02a4,ZFM-05245,training,-1,FAIL,PASS,PASS,PASS,WARNING,PASS,PASS,WARNING,4977.4959,4978.281232,0.7853323333,0.0333,,,,,,,,,,
3da96b73-216d-49c7-9b12-5b6d3d7f98bd,ZFM-05245,training,-1,FAIL,PASS,PASS,PASS,PASS,PASS,PASS,WARNING,6025.5157,6030.220931,4.705231333,0.0333,,,,,,,,,,
03137436-d2f2-4b90-b661-2cfd74960a47,ZFM-05245,training,-1,PASS,PASS,PASS,PASS,WARNING,PASS,PASS,WARNING,5472.270701,5477.726966,5.456264667,0.0333,,,,,,,,,,
4eca4ea5-4070-4199-a3e3-5d22173612d7,ZFM-05245,training,-1,FAIL,PASS,PASS,PASS,PASS,PASS,PASS,WARNING,6542.7234,6546.017731,3.294331333,0.0333,,,,,,,,,,
211d0096-754c-4cea-a345-d61ecb61a15e,ZFM-05245,training,-1,FAIL,PASS,PASS,PASS,WARNING,PASS,PASS,WARNING,4063.647001,4073.549732,9.902731333,0.0333,,,,,,,,,,
839299f0-b765-4169-9be7-8969328d340a,ZFM-05245,training,-1,FAIL,PASS,PASS,PASS,PASS,PASS,PASS,WARNING,3901.738601,3911.664399,9.925798,0.0333,,,,,,,,,,
1d3dfa06-69bf-43a7-98dd-7b9c949977f0,ZFM-05245,training,-1,FAIL,PASS,PASS,PASS,PASS,PASS,PASS,WARNING,4920.833201,4925.098499,4.265298,0.0333,,,,,,,,,,
ec02dc0b-7a44-46d9-a140-8400cc5092a7,ZFM-05245,training,-1,FAIL,PASS,PASS,PASS,WARNING,PASS,PASS,WARNING,4227.444701,4238.501699,11.056998,0.0333,,,,,,,,,,
82e249d6-fdd8-4cdc-927f-d0ff45063c85,ZFM-05245,training,-1,FAIL,PASS,PASS,PASS,WARNING,PASS,PASS,WARNING,4816.623102,4823.328167,6.705064667,0.0333,,,,,,,,,,
2ac33f48-6efb-4544-be5c-5ec2c6bd023f,ZFM-05245,training,-1,FAIL,PASS,WARNING,PASS,WARNING,PASS,PASS,WARNING,4865.678401,4871.014732,5.336331333,0.0333,,,,,,,,,,
7d1671eb-6e78-4944-a0f8-8e45df765468,ZFM-05245,training,-1,FAIL,PASS,WARNING,PASS,WARNING,PASS,PASS,WARNING,5635.631001,5652.579066,16.94806467,0.0333,,,,,,,,,,
19ddec16-aef3-403d-8b75-217a38182dce,ZFM-05245,training,-1,FAIL,PASS,WARNING,PASS,PASS,PASS,PASS,WARNING,5074.006101,5074.958966,0.9528646667,0.0333,,,,,,,,,,
05edb276-347e-4eca-8250-4b257b22b439,ZFM-05248,training,-1,PASS,PASS,WARNING,PASS,WARNING,PASS,PASS,WARNING,5437.036401,5437.625299,0.588898,0.0333,,,,,,,,,,
466f5411-2841-465c-b2bb-00652e81bac3,ZFM-05248,training,-1,FAIL,PASS,WARNING,PASS,WARNING,PASS,PASS,WARNING,7502.454902,7333.588732,-168.8661697,0.0333,,,,,,,,,,
7ffd404f-3ddd-46aa-99f0-e6db99cc5186,ZFM-05248,training,-1,FAIL,PASS,WARNING,PASS,PASS,PASS,PASS,WARNING,4852.108002,4851.696967,-0.4110353333,0.0333,,,,,,,,,,
b5a05899-dd61-422b-b3ab-8d095c1324e1,ZFM-05248,training,-1,FAIL,PASS,WARNING,PASS,WARNING,PASS,PASS,WARNING,3788.925401,3804.469599,15.544198,0.0333,,,,,,,,,,
e34470a5-3770-4665-85fd-a815ad3d8fea,ZFM-05248,training,-1,FAIL,PASS,WARNING,PASS,WARNING,PASS,PASS,WARNING,3570.643201,3574.768999,4.125798,0.0333,,,,,,,,,,
221ef514-77a1-4d80-afd8-a94bd6bda632,ZFM-05248,training,-1,FAIL,PASS,WARNING,PASS,WARNING,PASS,PASS,WARNING,5973.725101,5977.903032,4.177931333,0.0333,,,,,,,,,,
77fcafb4-08db-488e-8446-a8ed26a5bb3c,ZFM-05248,training,-1,FAIL,PASS,WARNING,PASS,WARNING,PASS,PASS,WARNING,3565.691601,3569.040199,3.348598,0.0333,,,,,,,,,,
f08f1781-068b-42a9-9a7d-6c02cad2bc99,ZFM-05248,training,-1,FAIL,PASS,WARNING,PASS,WARNING,PASS,PASS,WARNING,3316.573901,3318.634432,2.060531333,0.0333,,,,,,,,,,
25d211b0-ea0a-4cbf-a280-ff57294b4e73,ZFM-05248,training,-1,FAIL,PASS,WARNING,PASS,PASS,PASS,PASS,WARNING,5181.697901,5195.126432,13.42853133,0.0333,,,,,,,,,,
31aa7e8d-e630-4879-98fc-ff25fc525a13,ZFM-05248,training,-1,FAIL,PASS,WARNING,PASS,WARNING,PASS,PASS,WARNING,5197.206801,5206.949132,9.742331333,0.0333,,,,,,,,,,
1b38bc03-1b5a-4fbb-a40c-05d4ab20bfa3,ZFM-05645,training,-1,FAIL,PASS,WARNING,PASS,WARNING,PASS,PASS,WARNING,2119.516201,2136.816616,17.30041495,0.0256,,,,,,,,,,
e36d532d-4aaa-4631-94d5-ea4d456525ad,ZFM-06171,training,-1,,,,,,,,,2810.744183,,,,,,,,,,,,,
f2796bdf-5d09-4743-897e-1761504b37b7,ZFM-06171,training,-1,,,,,,,,,2468.535802,,,,,,,,,,,,,
e0959e04-920a-4484-bef2-ade756454080,ZFM-06171,training,-1,,,,,,,,,2858.565072,,,,,,,,,,,,,
71d65658-a483-4dba-ae00-c4b037521ee3,ZFM-06171,training,-1,,,,,,,,,2524.41771,,,,,,,,,,,,,
dbe48fe3-3962-4753-92b0-2366e2667e47,ZFM-06171,training,-1,,,,,,,,,2795.323006,,,,,,,,,,,,,
39fc8421-a6e4-4bb0-b987-e50d52ff4061,ZFM-06171,training,-1,PASS,PASS,WARNING,PASS,WARNING,PASS,FAIL,FAIL,2606.354491,2512.561299,-93.793192,0.0256,,,,,,,,,,
3b0199af-0546-42ea-8a5b-e2b1b0c05325,ZFM-06171,training,-1,PASS,PASS,WARNING,PASS,WARNING,PASS,PASS,WARNING,3429.181601,3488.283399,59.101798,0.0333,,,,,,,,,,
daa2fce5-d76b-41ff-8e5a-660fffa17377,ZFM-06171,training,-1,FAIL,PASS,PASS,PASS,PASS,PASS,WARNING,WARNING,4163.038144,4143.025266,-20.01287833,0.0333,,,,,,,,,,
6247aa20-94a2-4d9e-b8c7-a8fd0743410e,ZFM-06171,training,-1,PASS,PASS,PASS,PASS,WARNING,PASS,PASS,WARNING,3834.612778,3841.979099,7.366321,0.0333,,,,,,,,,,
0d7b3dc5-73f5-47ab-a574-85f8635d7aee,ZFM-06171,training,-1,FAIL,PASS,PASS,PASS,WARNING,PASS,PASS,WARNING,4703.815567,4643.229031,-60.58653567,0.0333,,,,,,,,,,
e898dfa4-f21d-42d6-81d4-9bf4f3e577bf,ZFM-06171,training,-1,PASS,PASS,PASS,PASS,WARNING,PASS,WARNING,WARNING,3907.807513,3876.338732,-31.46878067,0.0333,,,,,,,,,,
f6869d11-5a84-40f3-846c-d9cc3bf08760,ZFM-06171,training,-1,PASS,PASS,PASS,PASS,WARNING,PASS,PASS,WARNING,6518.123356,6461.553131,-56.57022467,0.0333,,,,,,,,,,
54eae5aa-65d7-43de-a3bd-6c240c798647,ZFM-06268,training,-1,FAIL,PASS,WARNING,PASS,WARNING,PASS,PASS,WARNING,2948.943702,2968.0707,19.126998,0.0333,,,,,,,,,,
b2d12feb-0458-40c6-bfc5-8f1f09c83bc0,ZFM-06268,training,-1,FAIL,WARNING,WARNING,PASS,WARNING,PASS,PASS,WARNING,3287.907001,3295.246032,7.339031333,0.0333,,,,,,,,,,
02afad27-9f6a-4917-a178-5261268ab89e,ZFM-06268,training,-1,FAIL,PASS,WARNING,PASS,WARNING,PASS,PASS,WARNING,3193.020502,3202.346733,9.326231333,0.0333,,,,,,,,,,
d89c4622-6ec6-4a7d-82c1-776a3316f562,ZFM-06268,training,-1,PASS,PASS,WARNING,PASS,PASS,PASS,PASS,WARNING,3646.040702,3692.597966,46.55726367,0.0333,,,,,,,,,,
a42724f8-dcce-4995-bc18-5c4b6223795e,ZFM-06268,training,-1,,,,,,,,,2884.441613,,,,,,,,,,,,,
52370a2b-4895-4c90-ac2e-a392f20a9a97,ZFM-06268,training,-1,,,,,,,,,2823.273695,,,,,,,,,,,,,
12a47690-a4f9-419f-8ca3-d722542b9bb0,ZFM-06268,training,-1,PASS,WARNING,WARNING,PASS,WARNING,PASS,PASS,WARNING,2726.568902,2727.539167,0.9702646667,0.0333,,,,,,,,,,
fb0d1483-df42-4b85-b299-ca93574fc58c,ZFM-06268,training,-1,FAIL,PASS,WARNING,PASS,WARNING,PASS,PASS,WARNING,3135.087002,3136.175267,1.088264667,0.0333,,,,,,,,,,
d0192776-e890-4dc5-a24d-0312c66b239c,ZFM-06268,training,-1,FAIL,PASS,WARNING,PASS,WARNING,PASS,PASS,WARNING,3610.7973,3622.029831,11.23253133,0.0333,,,,,,,,,,
742d9c7a-9d44-4b43-92ed-625bab25bd9d,ZFM-06268,training,-1,PASS,WARNING,WARNING,PASS,WARNING,PASS,WARNING,WARNING,2892.575901,2915.286831,22.71093033,0.0333,,,,,,,,,,
fd54fd05-3a96-43cd-9967-a7f8500a888b,ZFM-06268,training,-1,PASS,PASS,WARNING,PASS,PASS,PASS,PASS,WARNING,2992.527701,2997.462298,4.934597,0.0333,,,,,,,,,,
0cb7f17e-db80-4e16-802e-a07e1c0ac697,ZFM-06268,training,-1,FAIL,PASS,WARNING,PASS,WARNING,PASS,PASS,WARNING,3101.687002,3106.796499,5.109497,0.0333,,,,,,,,,,
7a7cadfa-338b-425d-9fbe-8817cb5584a5,ZFM-06268,training,-1,FAIL,WARNING,WARNING,PASS,WARNING,PASS,WARNING,WARNING,3290.262902,33161.67488,29871.41198,0.0333,,,,,,,,,,
f960ec93-0702-4091-b4f5-30c8d537308c,ZFM-06268,training,-1,FAIL,WARNING,WARNING,PASS,WARNING,PASS,PASS,WARNING,4450.994002,35136.99639,30686.00239,0.0333,,,,,,,,,,
ae7e0c1b-21be-402a-84f4-26bb4e02e50d,ZFM-06268,training,-1,FAIL,WARNING,WARNING,PASS,WARNING,PASS,PASS,WARNING,3269.278202,23832.11727,20562.83907,0.0333,,,,,,,,,,
b3b89a59-c455-4ed8-8666-37988b3a2ea8,ZFM-06268,training,-1,FAIL,WARNING,WARNING,PASS,WARNING,PASS,PASS,WARNING,3180.818342,72149.69244,68968.87409,0.0333,,,,,,,,,,
7e5be393-a8a4-49ae-b840-7098fa0b785d,ZFM-06268,training,-1,FAIL,FAIL,WARNING,PASS,WARNING,PASS,PASS,WARNING,4060.21548,141752.7473,137692.5319,0.0333,,,,,,,,,,
d2bb45d4-14f8-4bf5-990a-95f13908500c,ZFM-06268,training,-1,FAIL,WARNING,WARNING,PASS,WARNING,PASS,PASS,WARNING,4267.421189,33254.77884,28987.35765,0.0333,,,,,,,,,,
4687d165-e3a7-4489-b5c8-6fcd33cd5b45,ZFM-06268,training,-1,FAIL,WARNING,WARNING,PASS,WARNING,PASS,PASS,WARNING,3371.50724,44315.48049,40943.97325,0.0333,,,,,,,,,,
67f99b3d-cad7-49fc-ae30-bfa854f1b522,ZFM-06268,training,-1,PASS,WARNING,WARNING,PASS,WARNING,PASS,PASS,WARNING,3724.586343,36590.46994,32865.8836,0.0333,,,,,,,,,,
80b17bb1-03d9-4211-bc9c-ff7b1e862b44,ZFM-06268,training,-1,PASS,WARNING,WARNING,PASS,WARNING,PASS,PASS,WARNING,3698.733449,33624.45717,29925.72372,0.0333,,,,,,,,,,
f0964bbf-8e61-4a36-9b9c-75fe5687f3fa,ZFM-06268,training,-1,FAIL,WARNING,WARNING,PASS,WARNING,PASS,PASS,WARNING,4167.715755,32181.62098,28013.90522,0.0333,,,,,,,,,,
b99c4211-e37c-43d8-84ad-7208d10ba48f,ZFM-06268,training,-1,FAIL,WARNING,WARNING,PASS,WARNING,PASS,PASS,WARNING,4218.585691,97464.18463,93245.59894,0.0333,,,,,,,,,,
92c2df9c-4f5a-4f2f-904a-d180ff613310,ZFM-06268,training,-1,FAIL,WARNING,WARNING,PASS,WARNING,PASS,PASS,WARNING,5074.143119,87271.92662,82197.7835,0.0333,,,,,,,,,,
552c22b4-a7c5-4b52-ad12-fd3420c1cee2,ZFM-06268,training,-1,PASS,PASS,WARNING,PASS,WARNING,PASS,PASS,WARNING,4741.672215,6543.91703,1802.244815,0.0333,,,,,,,,,,
7c755f94-e46f-4a4a-b27c-0985f234cda2,ZFM-06268,training,-1,PASS,PASS,WARNING,PASS,WARNING,PASS,PASS,WARNING,5529.988527,7539.542641,2009.554114,0.0333,,,,,,,,,,
2d45a176-1079-4a3a-abbf-fb9ee04be7e4,ZFM-06268,training,-1,FAIL,PASS,WARNING,PASS,WARNING,PASS,PASS,WARNING,5491.999688,7714.849951,2222.850263,0.0333,,,,,,,,,,
d4bec9fb-6f78-4608-861d-bf7e79c6088c,ZFM-06271,training,-1,FAIL,PASS,WARNING,PASS,WARNING,PASS,PASS,WARNING,3079.773802,3095.250233,15.47643133,0.0333,,,,,,,,,,
a0b2d572-b3a1-4f13-be2a-ad9a8c95a428,ZFM-06271,training,-1,FAIL,PASS,WARNING,PASS,WARNING,PASS,PASS,WARNING,2808.510602,2811.0332,2.522598,0.0333,,,,,,,,,,
ba8d0a39-b96c-4178-a82b-24cc720c7ab9,ZFM-06271,training,-1,FAIL,PASS,WARNING,PASS,PASS,PASS,PASS,WARNING,2384.064101,2382.388699,-1.675402,0.0333,,,,,,,,,,
96b09f01-ca84-4704-8123-6055d642c80e,ZFM-06271,training,-1,PASS,PASS,WARNING,PASS,WARNING,PASS,PASS,WARNING,3235.559001,3272.665332,37.10633133,0.0333,,,,,,,,,,
8a312611-e4b1-403e-a4d3-7ba4e4af61c5,ZFM-06271,training,-1,FAIL,PASS,WARNING,PASS,WARNING,PASS,PASS,WARNING,4527.830101,4531.532231,3.702130333,0.0333,,,,,,,,,,
eba018ce-ff43-439f-9584-e5353d7d1f52,ZFM-06271,training,-1,FAIL,WARNING,WARNING,PASS,WARNING,PASS,PASS,WARNING,2765.530902,2761.827333,-3.703568667,0.0333,,,,,,,,,,
72c11658-a04e-47d3-aa62-9986be55e075,ZFM-06271,training,-1,FAIL,WARNING,WARNING,PASS,WARNING,PASS,PASS,WARNING,2739.077901,2744.561331,5.483430333,0.0333,,,,,,,,,,
aca5341f-3fcd-4743-a02b-d108b584f8b7,ZFM-06271,training,-1,PASS,PASS,WARNING,PASS,WARNING,PASS,PASS,WARNING,3209.109802,3219.731567,10.62176467,0.0333,,,,,,,,,,
21c5fdbc-1964-484f-8925-c71891610041,ZFM-06271,training,-1,FAIL,WARNING,WARNING,PASS,WARNING,PASS,PASS,WARNING,3279.052302,3277.400333,-1.651968667,0.0333,,,,,,,,,,
565d5eb0-3d6f-4452-aeeb-a7b18632a39d,ZFM-06271,training,-1,PASS,PASS,WARNING,PASS,PASS,PASS,PASS,WARNING,3008.818602,3013.180733,4.362131333,0.0333,,,,,,,,,,
be10878f-e771-43fe-b97a-0fa003b0feda,ZFM-06271,training,-1,PASS,PASS,WARNING,PASS,WARNING,PASS,WARNING,WARNING,1973.867002,1970.466967,-3.400035333,0.0333,,,,,,,,,,
75c4a165-4976-4239-8fa1-55be9662a0f3,ZFM-06271,training,-1,FAIL,PASS,WARNING,PASS,PASS,PASS,PASS,WARNING,3890.069602,3897.817533,7.747931333,0.0333,,,,,,,,,,
bb9743ad-c0ed-43a7-9cb7-55eae804c987,ZFM-06271,training,-1,FAIL,PASS,WARNING,PASS,WARNING,PASS,PASS,WARNING,4187.535201,4190.726098,3.190897,0.0333,,,,,,,,,,
4ace088c-33d3-4b8f-b49b-ec3ef64f3273,ZFM-06271,training,-1,FAIL,PASS,WARNING,PASS,PASS,PASS,PASS,WARNING,3271.046702,3267.977899,-3.068803,0.0333,,,,,,,,,,
17fe03c2-1d28-48ae-8301-1089742b8176,ZFM-06271,training,-1,FAIL,PASS,WARNING,PASS,WARNING,PASS,PASS,WARNING,3219.843401,3257.021266,37.17786467,0.0333,,,,,,,,,,
4d056e4e-1285-43fe-b9b6-b9f414bd808e,ZFM-06271,training,-1,PASS,PASS,WARNING,PASS,WARNING,PASS,FAIL,FAIL,3420.676302,18250.79543,14830.11913,0.0333,,,,,,,,,,
a189ee44-42a9-4c32-809b-ba742a58084a,ZFM-06271,training,-1,FAIL,WARNING,WARNING,PASS,WARNING,PASS,PASS,WARNING,3413.945602,60403.3781,56989.43249,0.0333,,,,,,,,,,
02b52d80-b987-4179-8149-0fc1b3a236e2,ZFM-06271,training,-1,FAIL,WARNING,WARNING,PASS,WARNING,PASS,PASS,WARNING,3163.674302,32975.69672,29812.02242,0.0333,,,,,,,,,,
7bb4a9ff-edaf-4caa-acdf-30e372aca5b4,ZFM-06271,training,-1,FAIL,WARNING,WARNING,PASS,WARNING,PASS,PASS,WARNING,3523.831621,31198.99842,27675.1668,0.0333,,,,,,,,,,
c897ae0b-2500-4366-afe4-9d9ee52e5268,ZFM-06271,training,-1,FAIL,WARNING,WARNING,PASS,WARNING,PASS,PASS,WARNING,4651.917681,25550.03663,20898.11895,0.0333,,,,,,,,,,
cfd821cc-0c1f-4f79-bb1d-632919a72574,ZFM-06271,training,-1,PASS,WARNING,WARNING,PASS,WARNING,PASS,WARNING,WARNING,3671.643208,3338.466701,-333.1765069,0.0333,,,,,,,,,,
59bf936a-9982-4dc4-aee7-9e30ae168894,ZFM-06271,training,-1,PASS,WARNING,WARNING,PASS,WARNING,PASS,PASS,WARNING,3702.188649,94116.92795,90414.7393,0.0333,,,,,,,,,,
f74e4047-dc08-4f3e-aef3-76f7e2ac38f9,ZFM-06271,training,-1,FAIL,WARNING,WARNING,PASS,WARNING,PASS,PASS,WARNING,5040.396518,100776.2405,95735.84395,0.0333,,,,,,,,,,
a2f479f2-f706-4014-8513-12633e3271cb,ZFM-06271,training,-1,PASS,WARNING,WARNING,PASS,WARNING,PASS,PASS,WARNING,5171.551608,104545.1884,99373.63679,0.0333,,,,,,,,,,
cd63c9c4-317f-4368-bc49-a92ced3d76e5,ZFM-06271,training,-1,FAIL,WARNING,WARNING,PASS,WARNING,PASS,PASS,WARNING,4699.941784,39015.39428,34315.4525,0.0333,,,,,,,,,,
77dc3d08-79a9-4e84-b9a7-e180c6d62cbc,ZFM-06271,training,-1,,,,,,,,,3524.490292,,,,,,,,,,,,,
81ee5635-9512-41c4-abca-f426df58a290,ZFM-06271,training,-1,FAIL,WARNING,WARNING,PASS,WARNING,PASS,PASS,WARNING,4017.366234,95552.32986,91534.96363,0.0333,,,,,,,,,,
832c133f-bca6-4a14-9777-dc298fbe7c23,ZFM-06271,training,-1,FAIL,PASS,WARNING,PASS,WARNING,PASS,PASS,WARNING,3378.695192,5422.305771,2043.610579,0.0333,,,,,,,,,,
a9c3231c-f747-4a1b-80e0-bbcd5c6df16b,ZFM-06271,training,-1,FAIL,PASS,WARNING,PASS,WARNING,PASS,WARNING,WARNING,5039.02641,4799.939892,-239.086518,0.0333,,,,,,,,,,
8ccaf6ee-a577-4055-b6f3-e3ed012175d4,ZFM-06271,training,-1,FAIL,PASS,WARNING,PASS,WARNING,PASS,PASS,WARNING,5441.783419,7509.050801,2067.267382,0.0333,,,,,,,,,,
f0f9a9f5-61b4-494a-b123-97eda031ca3e,ZFM-06272,training,-1,FAIL,PASS,WARNING,PASS,WARNING,PASS,PASS,WARNING,3135.4721,3150.564532,15.09243233,0.0333,,,,,,,,,,
3966a4e3-233a-4915-abcb-0fec2466d04c,ZFM-06272,training,-1,PASS,PASS,WARNING,PASS,WARNING,PASS,PASS,WARNING,2885.808201,2906.646499,20.838298,0.0333,,,,,,,,,,
bbfe7d98-c200-4d7f-9d58-cc65b366d012,ZFM-06272,training,-1,PASS,PASS,WARNING,PASS,WARNING,PASS,PASS,WARNING,2223.618101,2229.116967,5.498865667,0.0333,,,,,,,,,,
c3583d46-7d56-42fc-ac63-886b39c45eb6,ZFM-06272,training,-1,PASS,PASS,WARNING,PASS,PASS,PASS,PASS,WARNING,2874.902701,2878.339566,3.436864667,0.0333,,,,,,,,,,
a0cf75ac-84c1-41d5-9d4c-4bf2f1614e69,ZFM-06272,training,-1,FAIL,PASS,WARNING,PASS,WARNING,PASS,PASS,WARNING,2981.612001,2960.642066,-20.96993533,0.0333,,,,,,,,,,
9a0500ac-eada-463b-8481-125d470f9279,ZFM-06272,training,-1,FAIL,PASS,WARNING,PASS,WARNING,PASS,PASS,WARNING,3910.825401,3926.558532,15.73313133,0.0333,,,,,,,,,,
121f90b8-5f45-4652-83b1-ccb5948f211e,ZFM-06272,training,-1,PASS,PASS,WARNING,PASS,WARNING,PASS,PASS,WARNING,2615.170902,2625.2944,10.123498,0.0333,,,,,,,,,,
a2306ee2-d845-4b73-abf0-cf1faf35be7d,ZFM-06272,training,-1,FAIL,PASS,WARNING,PASS,WARNING,PASS,PASS,WARNING,2690.246101,2693.478832,3.232731333,0.0333,,,,,,,,,,
fce39ff5-4db1-4a1b-8cd6-265e5b1474ab,ZFM-06272,training,-1,FAIL,PASS,WARNING,PASS,WARNING,PASS,PASS,WARNING,2645.645901,2646.334799,0.688898,0.0333,,,,,,,,,,
03804e69-1924-47f4-8cb7-6312ab24305d,ZFM-06272,training,-1,PASS,PASS,WARNING,PASS,PASS,PASS,PASS,WARNING,2813.883701,2821.716732,7.833031333,0.0333,,,,,,,,,,
90585e8c-c2a9-4249-a836-2e00f876ee4c,ZFM-06272,training,-1,PASS,PASS,WARNING,PASS,WARNING,PASS,PASS,WARNING,3181.9803,3165.209299,-16.771001,0.0333,,,,,,,,,,
3ee8d25d-6b93-47fb-afec-3417d2bd788a,ZFM-06272,training,-1,FAIL,WARNING,WARNING,PASS,WARNING,PASS,PASS,WARNING,3171.785267,3594.3055,422.520233,0.0333,,,,,,,,,,
d374b9ed-d3ee-4741-8398-02dfc50aa012,ZFM-06272,training,-1,FAIL,PASS,WARNING,PASS,WARNING,PASS,PASS,WARNING,2947.966114,2961.017066,13.05095167,0.0333,,,,,,,,,,
02fc3e39-246e-4b62-9689-7659bb93a6c5,ZFM-06272,training,-1,FAIL,PASS,WARNING,PASS,WARNING,PASS,PASS,WARNING,2764.825541,2784.764432,19.93889133,0.0333,,,,,,,,,,
6f224adf-e791-4255-b6ab-e4e1f059813a,ZFM-06272,training,-1,FAIL,PASS,WARNING,PASS,PASS,PASS,PASS,WARNING,3379.893276,3394.224932,14.33165633,0.0333,,,,,,,,,,
80a763f5-54a1-4dfb-b2a3-6773adc88959,ZFM-06272,training,-1,FAIL,PASS,WARNING,PASS,WARNING,PASS,PASS,WARNING,3259.915773,3249.207966,-10.70780733,0.0333,,,,,,,,,,
f12dfd3d-147a-4e3f-bbd0-5db521889ae5,ZFM-06272,training,-1,PASS,PASS,WARNING,PASS,PASS,PASS,WARNING,WARNING,4665.254766,4658.540784,-6.713982385,0.0256,,,,,,,,,,
e1e48c2e-55f4-4390-a0b3-2ff6b85e736d,ZFM-06272,training,-1,PASS,WARNING,WARNING,PASS,PASS,PASS,PASS,WARNING,4977.224553,5045.736294,68.51174087,0.0256,,,,,,,,,,
9297ece6-3037-4527-93c4-014263ae382a,ZFM-06272,training,-1,FAIL,PASS,WARNING,PASS,PASS,PASS,PASS,WARNING,3244.834563,3385.11673,140.2821668,0.0256,,,,,,,,,,
f039e269-52c4-451f-9486-0d452b9adc82,ZFM-06272,training,-1,PASS,PASS,WARNING,PASS,PASS,PASS,WARNING,WARNING,3211.875139,3173.393962,-38.48117746,0.0256,,,,,,,,,,
f0dd1f67-7569-4506-8327-5d4912fca839,ZFM-06272,training,-1,PASS,PASS,WARNING,PASS,WARNING,PASS,PASS,WARNING,5338.256732,5298.361799,-39.894933,0.0333,,,,,,,,,,
ac90b79f-00f1-44e1-9560-35cf9f059e1b,ZFM-06272,training,-1,FAIL,PASS,WARNING,PASS,WARNING,PASS,PASS,WARNING,3727.715676,7867.286999,4139.571323,0.0256,,,,,,,,,,
8adf665a-60fa-4931-ac4a-c63860542d9c,ZFM-06272,training,-1,PASS,PASS,PASS,PASS,WARNING,PASS,WARNING,WARNING,4463.581118,8836.030232,4372.449114,0.01960784314,,,,,,,,,,
0f3c4e03-b782-41a1-8916-4212d4aee3fe,ZFM-06272,training,-1,PASS,PASS,WARNING,PASS,WARNING,PASS,PASS,WARNING,3237.517625,5698.329899,2460.812274,0.02,,,,,,,,,,
823c7c5a-50a0-4996-9248-9887db430ba5,ZFM-06272,training,-1,FAIL,WARNING,WARNING,PASS,WARNING,PASS,WARNING,WARNING,4878.760325,9655.945432,4777.185107,0.01960784314,,,,,,,,,,
3620c0ed-f28a-4432-a339-d34506870bf0,ZFM-06272,training,-1,PASS,PASS,WARNING,PASS,WARNING,PASS,WARNING,WARNING,4464.339195,8835.202324,4370.863129,0.01960784314,,,,,,,,,,
c0a29e22-bcdc-4406-b565-f63b0bd873f0,ZFM-06272,training,-1,PASS,PASS,WARNING,PASS,WARNING,PASS,PASS,PASS,4708.49076,9307.73356,4599.2428,0.01960784314,,,,,,,,,,
ee15aad2-a4de-4cf4-a355-638a64e7f36c,ZFM-06272,training,-1,PASS,PASS,WARNING,PASS,WARNING,PASS,PASS,PASS,5169.029212,10135.69302,4966.663811,0.01960784314,,,,,,,,,,
be7c3333-6d18-4e4a-b5f4-184deee02183,ZFM-06272,training,-1,PASS,PASS,WARNING,PASS,WARNING,PASS,FAIL,FAIL,,6884.546717,,0.01960784314,,,,,,,,,,
cc4d812e-f386-4b9a-91dd-00908d81e859,ZFM-06272,training,-1,PASS,PASS,WARNING,PASS,WARNING,PASS,PASS,WARNING,4154,8212.985712,4058.985712,0.01960784314,,,,,,,,,,
e35238c7-63d4-4ec6-87f2-160fa0b08608,ZFM-06272,training,-1,PASS,PASS,WARNING,PASS,WARNING,PASS,PASS,WARNING,4728.45442,9347.340334,4618.885914,0.01960784314,,,,,,,,,,
c4d24088-a78c-4b33-90a0-a9e8abcf2c71,ZFM-06272,training,-1,PASS,PASS,WARNING,PASS,WARNING,PASS,PASS,WARNING,3798.853237,7505.661966,3706.808729,0.01960784314,,,,,,,,,,
390120d0-f835-43cf-96b0-dbcdaad26783,ZFM-06272,training,-1,PASS,PASS,WARNING,PASS,WARNING,PASS,PASS,PASS,2903.823725,5697.686804,2793.863079,0.01960784314,,,,,,,,,,
987ef08d-529a-409b-b463-cd66d708894f,ZFM-06272,training,-1,PASS,PASS,WARNING,PASS,WARNING,PASS,PASS,WARNING,2839.945268,5511.936939,2671.991671,0.01960784314,,,,,,,,,,
363edc30-abad-496b-96e3-3c81b3a106df,ZFM-06272,training,-1,PASS,PASS,WARNING,PASS,WARNING,PASS,PASS,PASS,6002.777095,11860.35569,5857.578592,0.01960784314,,,,,,,,,,
fa497c30-4a3a-47db-a0bf-184207418499,ZFM-06272,training,-1,PASS,PASS,WARNING,PASS,WARNING,PASS,PASS,PASS,4823.556906,,,,,,,,,,,,,
67d81531-0679-496e-816f-410180645f65,ZFM-06272,training,-1,PASS,PASS,WARNING,PASS,WARNING,PASS,PASS,PASS,2424.37053,4667.072151,2242.701621,0.01960784314,,,,,,,,,,
b3f33e6f-7e93-4a52-a49d-0f95bdd11e9a,ZFM-06275,training,-1,FAIL,PASS,WARNING,PASS,PASS,PASS,PASS,WARNING,2688.507502,2689.674532,1.167030333,0.0333,,,,,,,,,,
d59084b8-6b52-492c-bb5f-5a5ca38ab2ed,ZFM-06275,training,-1,FAIL,PASS,WARNING,PASS,PASS,PASS,PASS,WARNING,2964.9545,2961.091432,-3.863067667,0.0333,,,,,,,,,,
82ea7603-9a8f-46de-83e4-bf748236a532,ZFM-06275,training,-1,FAIL,PASS,WARNING,PASS,WARNING,PASS,PASS,WARNING,2892.608,2929.837732,37.22973233,0.0333,,,,,,,,,,
7898a185-7a41-417d-a436-8248df0d7ef9,ZFM-06275,training,-1,PASS,PASS,WARNING,PASS,PASS,PASS,PASS,WARNING,3296.514101,3300.588999,4.074898,0.0333,,,,,,,,,,
335bf327-e26a-41d1-9346-58a9fbf73548,ZFM-06275,training,-1,PASS,PASS,WARNING,PASS,WARNING,PASS,PASS,WARNING,3706.424501,3712.297932,5.873431333,0.0333,,,,,,,,,,
fc6fb644-4153-44c6-ab06-49b9a01d9ce1,ZFM-06275,training,-1,FAIL,PASS,WARNING,PASS,PASS,PASS,PASS,WARNING,3009.612901,3024.994166,15.38126467,0.0333,,,,,,,,,,
c992dd9a-e995-4d75-880b-432d24ad9345,ZFM-06275,training,-1,FAIL,PASS,WARNING,PASS,PASS,PASS,PASS,WARNING,3590.866401,3589.573599,-1.292802,0.0333,,,,,,,,,,
f7b15251-171d-4815-a09d-03e7df86238b,ZFM-06275,training,-1,FAIL,PASS,WARNING,PASS,WARNING,PASS,PASS,WARNING,3580.970001,3587.7561,6.786099,0.0333,,,,,,,,,,
2aea6071-0e98-49a2-9b2a-ddd872af28c0,ZFM-06275,training,-1,FAIL,PASS,WARNING,PASS,PASS,PASS,PASS,WARNING,3282.470001,3292.408432,9.938431333,0.0333,,,,,,,,,,
e5559ea6-fef3-4e68-8b01-545e960b3f59,ZFM-06275,training,-1,FAIL,PASS,WARNING,PASS,WARNING,PASS,PASS,WARNING,2698.901,2700.866932,1.965932333,0.0333,,,,,,,,,,
6ab97659-457d-4dd3-9d4e-da2637490d34,ZFM-06275,training,-1,PASS,PASS,WARNING,PASS,WARNING,PASS,PASS,WARNING,2719.5991,2718.177299,-1.421801,0.0333,,,,,,,,,,
3e38c877-e895-4374-ac41-73bf38864660,ZFM-06275,training,-1,PASS,PASS,WARNING,PASS,PASS,PASS,PASS,WARNING,2948.898801,2961.208499,12.309698,0.0333,,,,,,,,,,
f3f8b291-e43e-442c-a5ec-53083bf4de4f,ZFM-06275,training,-1,PASS,PASS,WARNING,PASS,WARNING,PASS,PASS,WARNING,3306.8734,3309.859866,2.986465667,0.0333,,,,,,,,,,
330e68e3-d15b-4513-9272-0c3b365e3c4c,ZFM-06275,training,-1,FAIL,PASS,WARNING,PASS,PASS,PASS,PASS,WARNING,2854.493404,2860.741966,6.248561667,0.0333,,,,,,,,,,
c1887d38-9d0a-4760-a89a-a611e03dbd44,ZFM-06275,training,-1,PASS,PASS,WARNING,PASS,WARNING,PASS,PASS,WARNING,3909.591675,3890.833432,-18.75824267,0.0333,,,,,,,,,,
a4cbbbed-106d-4335-b9a7-03ac353fc7f9,ZFM-06275,training,-1,FAIL,PASS,WARNING,PASS,WARNING,PASS,PASS,WARNING,3054.617488,3019.263099,-35.354389,0.0333,,,,,,,,,,
5007c7de-c0be-4eb8-a7b2-8a8ef39a57e4,ZFM-06275,training,-1,FAIL,PASS,WARNING,PASS,WARNING,PASS,PASS,WARNING,4085.65073,4075.862199,-9.788531,0.0333,,,,,,,,,,
b1615789-6454-4fd5-8302-72f588ac7520,ZFM-06275,training,-1,FAIL,PASS,WARNING,PASS,WARNING,PASS,PASS,WARNING,2753.27223,2749.373967,-3.898263333,0.0333,,,,,,,,,,
b003b35e-0896-47aa-832b-4da23dd4aa70,ZFM-06275,training,-1,FAIL,PASS,WARNING,PASS,WARNING,PASS,PASS,WARNING,3759.634928,3971.805666,212.1707377,0.0333,,,,,,,,,,
035ac23a-2663-41d7-894f-5916a8e32a06,ZFM-06275,training,-1,FAIL,PASS,WARNING,PASS,PASS,PASS,PASS,WARNING,3948.105273,3934.526566,-13.57870733,0.0333,,,,,,,,,,
47c02dcc-337b-4964-937f-39928c057fff,ZFM-06275,training,-1,FAIL,WARNING,WARNING,PASS,PASS,PASS,PASS,WARNING,3514.274782,3752.599799,238.325017,0.0256,,,,,,,,,,
aa806292-e871-4ca1-b7c3-aebc786609ec,ZFM-06275,training,-1,FAIL,PASS,WARNING,PASS,PASS,PASS,PASS,WARNING,3510.188535,3500.675032,-9.513502667,0.0333,,,,,,,,,,
28826a8d-b70e-4b36-8458-bb4a3ffe20c8,ZFM-06275,training,-1,PASS,PASS,WARNING,PASS,WARNING,PASS,PASS,WARNING,3987.518706,4001.126832,13.60812633,0.0333,,,,,,,,,,
5d25672d-f9c2-4f05-ace1-7414e25e049e,ZFM-06275,training,-1,FAIL,PASS,WARNING,PASS,WARNING,PASS,PASS,WARNING,3996.434509,3999.261232,2.826723333,0.0333,,,,,,,,,,
f00f4182-58b3-4a66-a18b-e1b199de03c6,ZFM-06275,training,-1,FAIL,PASS,WARNING,PASS,PASS,PASS,PASS,WARNING,6119.169629,6297.057498,177.887869,0.0333,,,,,,,,,,
5ea8acd2-e366-49c6-8777-852a2c83f66f,ZFM-06275,training,-1,PASS,PASS,WARNING,PASS,PASS,PASS,PASS,WARNING,4266.131559,4237.764266,-28.36729333,0.0333,,,,,,,,,,
78232d19-7ec2-4817-9b1d-3abc53aa85f9,ZFM-06275,training,-1,PASS,PASS,WARNING,PASS,PASS,PASS,PASS,WARNING,5328.440895,5295.424565,-33.01633033,0.0333,,,,,,,,,,
b925888a-cd08-4c56-a728-4fd66b8b3eea,ZFM-06275,training,-1,PASS,PASS,WARNING,PASS,WARNING,PASS,PASS,WARNING,4800.508007,4765.689332,-34.81867467,0.0333,,,,,,,,,,
377ac97e-e384-4543-9e5e-2dc41a57d05e,ZFM-06275,training,-1,PASS,PASS,WARNING,PASS,WARNING,PASS,PASS,WARNING,4293.253408,4266.964166,-26.28924233,0.0333,,,,,,,,,,
12f1d635-8a2a-49fe-ad4d-efa33b89301b,ZFM-06305,training,-1,PASS,PASS,WARNING,PASS,PASS,PASS,PASS,WARNING,3317.803401,3323.793767,5.990365667,0.0333,,,,,,,,,,
1f959c77-862c-4da1-a454-74a6e99ff33e,ZFM-06305,training,-1,PASS,PASS,WARNING,PASS,PASS,PASS,PASS,WARNING,3028.162102,3039.407067,11.24496467,0.0333,,,,,,,,,,
b8ef7219-667c-4fb4-9435-d14aea642fa3,ZFM-06305,training,-1,PASS,PASS,WARNING,PASS,WARNING,PASS,PASS,WARNING,2750.445501,2757.564999,7.119498,0.0333,,,,,,,,,,
e87d99d4-21ee-4753-bbd4-cb54de134ca8,ZFM-06305,training,-1,FAIL,PASS,WARNING,PASS,WARNING,PASS,PASS,WARNING,3926.228001,3931.022432,4.794431333,0.0333,,,,,,,,,,
a6298862-d6ab-4c5f-9d5b-e88eee7d9569,ZFM-06305,training,-1,PASS,PASS,FAIL,PASS,PASS,PASS,PASS,WARNING,4104.659401,4136.944031,32.28463033,0.0333,,,,,,,,,,
8b9f9da7-0310-4181-963f-d917db08549e,ZFM-06305,training,-1,PASS,PASS,WARNING,PASS,PASS,PASS,PASS,WARNING,3079.723301,3086.236332,6.513031333,0.0333,,,,,,,,,,
f652f72e-1f84-46e4-b417-dc3ff166b392,ZFM-06305,training,-1,FAIL,PASS,WARNING,PASS,WARNING,PASS,PASS,WARNING,2517.999001,2557.166499,39.167498,0.0333,,,,,,,,,,
238e79e5-40b2-407a-9013-c85ed24fcd5f,ZFM-06305,training,-1,PASS,WARNING,FAIL,PASS,WARNING,PASS,PASS,WARNING,2962.0933,2975.723299,13.629999,0.0333,,,,,,,,,,
c92ca0dc-6922-4c32-8bec-52f93e17bfb0,ZFM-06305,training,-1,PASS,PASS,FAIL,PASS,WARNING,PASS,WARNING,WARNING,2866.365402,2893.323399,26.957997,0.0333,,,,,,,,,,
93d7e597-05bb-4d8f-93fc-58da4c5abda7,ZFM-06305,training,-1,PASS,WARNING,FAIL,PASS,WARNING,PASS,PASS,WARNING,3813.985002,3820.529667,6.544664667,0.0333,,,,,,,,,,
a2f74a7f-1b6f-451f-aeda-4f8d3e7c8113,ZFM-06305,training,-1,PASS,PASS,WARNING,PASS,PASS,PASS,PASS,WARNING,4644.3726,4662.349431,17.97683133,0.0333,,,,,,,,,,
c8089c50-4f66-4fec-907d-f846cc81b180,ZFM-06305,training,-1,PASS,WARNING,WARNING,PASS,PASS,PASS,PASS,WARNING,4614.836401,4623.411166,8.574764667,0.0333,,,,,,,,,,
5b54b2c2-22ce-4d25-a1cd-2e611367b34d,ZFM-06305,training,-1,PASS,PASS,WARNING,PASS,WARNING,PASS,PASS,WARNING,4551.219501,4562.738432,11.51893133,0.0333,,,,,,,,,,
91c200e0-b8e3-4809-9a3c-f568bf644663,ZFM-06305,training,-1,PASS,PASS,WARNING,PASS,WARNING,PASS,PASS,WARNING,4642.916801,4592.608932,-50.30786867,0.0333,,,,,,,,,,
b98f1024-abeb-4b5d-99ae-3fb0cd9068d1,ZFM-06305,training,-1,PASS,PASS,WARNING,PASS,PASS,PASS,PASS,WARNING,3470.526101,3474.125266,3.599164667,0.0333,,,,,,,,,,
56ed83ac-c196-4817-bc37-62c02ba89d47,ZFM-06305,training,-1,PASS,PASS,WARNING,PASS,PASS,PASS,PASS,WARNING,4124.801901,4138.095266,13.29336467,0.0333,,,,,,,,,,
0b2e0969-9c09-44de-90c7-d20060392b2e,ZFM-06305,training,-1,FAIL,WARNING,FAIL,PASS,WARNING,PASS,PASS,WARNING,4815.100401,68411.4033,63596.3029,0.0333,,,,,,,,,,
4d98e49b-4dcc-436d-8bc5-e11549cdf05b,ZFM-06305,training,-1,FAIL,WARNING,FAIL,PASS,WARNING,PASS,PASS,WARNING,5607.457288,77885.84141,72278.38412,0.0333,,,,,,,,,,
31d6b8ec-e9df-4e7d-9b5d-4b24c616dced,ZFM-06305,training,-1,FAIL,WARNING,FAIL,PASS,WARNING,PASS,PASS,WARNING,5149.47944,68650.26714,63500.7877,0.0333,,,,,,,,,,
e1eecd9e-ccef-42d5-a7d1-c2b1ddb4a86f,ZFM-06946,training,-1,PASS,WARNING,FAIL,PASS,WARNING,PASS,PASS,WARNING,3119.808212,3085.709453,-34.09875915,0.0256,,,,,,,,,,
22ea56d4-1ad4-42f5-b4ef-8c1820d327d6,ZFM-06946,training,-1,FAIL,PASS,WARNING,PASS,PASS,PASS,PASS,WARNING,4130.940504,4055.28753,-75.65297423,0.0256,,,,,,,,,,
22857ca0-b5f1-47b0-abc5-24d0378019b6,ZFM-06948,training,-1,PASS,PASS,WARNING,PASS,WARNING,PASS,PASS,PASS,3308.923091,6541.871913,3232.948822,0.01960784314,,,,,,,,,,
919f55e5-a649-4148-ac15-df5e6519b539,ZFM-06948,training,-1,PASS,PASS,WARNING,PASS,WARNING,PASS,FAIL,FAIL,4999.689639,6830.790095,1831.100456,0.0197,,,,,,,,,,
73f275c2-3de7-4f0f-9d34-4a4ae38bcb40,ZFM-06948,training,-1,PASS,PASS,WARNING,PASS,WARNING,PASS,WARNING,WARNING,3235.596539,6390.459691,3154.863152,0.01960784314,,,,,,,,,,
7586267b-a1dc-4a15-b520-f5ac1f0dd7d8,ZFM-06948,training,-1,PASS,PASS,WARNING,PASS,WARNING,PASS,WARNING,WARNING,4752.008675,4726.957576,-25.05109908,0.0256,,,,,,,,,,
fca0d6ba-a444-49fe-8d82-b2cb3881b891,ZFM-06948,training,-1,FAIL,PASS,WARNING,PASS,WARNING,PASS,WARNING,WARNING,4179.210742,4113.328735,-65.8820071,0.0256,,,,,,,,,,
937c9c06-a74d-4423-b5cb-8d667f1ec207,ZFM-06948,training,-1,FAIL,PASS,WARNING,PASS,WARNING,PASS,PASS,WARNING,3202.050721,,,,,,,,,,,,,
6a1a4bb0-6c13-413b-9e68-5b556e42a195,ZFM-06948,training,-1,,,,,,,,,,,,,,,,,,,,,,
eaec375f-360a-4c4a-90e4-69c5cb9fc2e9,ZFM-06948,training,-1,FAIL,PASS,FAIL,PASS,PASS,PASS,PASS,WARNING,4462.77625,4433.710498,-29.065752,0.0256,,,,,,,,,,
af91086b-0f1f-48ab-878e-a4f4b4faf523,ZFM-06948,training,-1,PASS,PASS,FAIL,PASS,WARNING,PASS,PASS,WARNING,3982.440871,3952.226561,-30.21431046,0.0256,,,,,,,,,,
9700833a-c2ee-4e67-bd31-9e37f8ad9546,ZFM-06948,training,-1,,,,,,,,,3869.674205,,,,,,,,,,,,,
d230d23a-b92f-46be-874e-3b62e3f5e007,ZFM-06948,training,-1,FAIL,PASS,WARNING,PASS,WARNING,PASS,PASS,WARNING,5128.214084,5087.345412,-40.86867218,0.0256,,,,,,,,,,
9ff2062b-cb6d-41fc-9706-e0751e3e360e,ZFM-06948,training,-1,PASS,PASS,WARNING,PASS,PASS,PASS,PASS,WARNING,5165.057434,5105.996914,-59.06051962,0.0256,,,,,,,,,,
dd686812-4c8e-45d8-8082-21a007310a53,ZFM-06948,training,-1,FAIL,WARNING,WARNING,PASS,PASS,PASS,FAIL,FAIL,,269983.8328,,0.0256,,,,,,,,,,
a211584c-f395-4923-9001-ef4c0d1508d4,ZFM-06948,training,-1,PASS,PASS,FAIL,PASS,WARNING,PASS,PASS,WARNING,5556.843115,8996.932999,3440.089884,0.0256,,,,,,,,,,
119b50e5-294a-4553-a094-db873d938064,ZFM-08488,training,-1,FAIL,PASS,FAIL,PASS,PASS,PASS,PASS,WARNING,3839.173003,3809.952466,-29.22053733,0.0333,,,,,,,,,,
7aa3d3e2-619c-471e-8569-02966532c20e,ZFM-08488,training,-1,PASS,PASS,FAIL,PASS,PASS,PASS,PASS,WARNING,4127.450456,4096.696432,-30.75402367,0.0333,,,,,,,,,,
d42ece92-2d7a-4c65-885b-c18ca9eb5f4d,ZFM-08488,training,-1,FAIL,PASS,FAIL,PASS,PASS,PASS,PASS,WARNING,3626.626389,3595.683632,-30.94275667,0.0333,,,,,,,,,,
8fa36213-a227-4a44-b0fa-216562b348ba,ZFM-08488,training,-1,FAIL,PASS,FAIL,PASS,WARNING,PASS,PASS,WARNING,3720.451235,3687.364832,-33.08640267,0.0333,,,,,,,,,,
b994fb2c-28a6-4e6f-8bca-645b20f480ce,ZFM-08488,training,-1,FAIL,PASS,WARNING,PASS,WARNING,PASS,WARNING,WARNING,3797.581403,3765.3643,-32.217103,0.0333,,,,,,,,,,
2eeefe0d-335b-4be0-ae84-38ce14247f08,ZFM-08488,training,-1,FAIL,PASS,FAIL,PASS,PASS,PASS,PASS,WARNING,3687.475141,3652.631999,-34.843142,0.0333,,,,,,,,,,
e40d5f27-3166-40a0-85a3-d8f417b535ca,ZFM-08488,training,-1,FAIL,PASS,FAIL,PASS,PASS,PASS,PASS,WARNING,3659.495482,3622.520666,-36.97481633,0.0333,,,,,,,,,,
abaced01-572e-4abb-a996-22945a7915d3,ZFM-08554,training,-1,PASS,PASS,WARNING,PASS,WARNING,PASS,PASS,WARNING,3659.721834,3623.849199,-35.872635,0.0333,,,,,,,,,,
288a54bc-483a-48e2-91d2-eefbb76dc43c,ZFM-08554,training,-1,,,,,,,,,2941.248052,,,,,,,,,,,,,
5f416a3a-d2ea-496a-afdd-267a6f66d017,ZFM-08554,training,-1,,,,,,,,,2795.226746,,,,,,,,,,,,,
e1f42238-40f2-48ca-b278-a2a3d8daf881,ZFM-08652,training,-1,,,,,,,,,3683.219012,,,,,,,,,,,,,
ea19bd65-c429-4abb-b12a-026ee501e27c,ZFM-08652,training,-1,,,,,,,,,3726.720068,,,,,,,,,,,,,
fd21ada2-f543-486c-a6c2-7d19727806d5,ZFM-08652,training,-1,,,,,,,,,3858.592886,,,,,,,,,,,,,
d8efc38f-171b-4e2e-8d8c-7c7206a7912f,ZFM-08652,training,-1,,,,,,,,,3639.868455,,,,,,,,,,,,,
0d321964-ee01-4f56-bd8a-7d5d237278c2,ZFM-08652,training,-1,,,,,,,,,3854.571729,,,,,,,,,,,,,
6aa87151-a36e-4482-9654-73d237d0797f,ZFM-08652,training,-1,,,,,,,,,3604.987163,,,,,,,,,,,,,
ef6e33ef-3511-447e-8c38-65042ff62f0b,ZFM-08652,training,-1,PASS,PASS,FAIL,PASS,WARNING,PASS,WARNING,WARNING,3743.672394,3713.099432,-30.57296167,0.0333,,,,,,,,,,
513d054c-3af7-4aea-b3b3-1c8504b4ed37,ZFM-08652,training,-1,,,,,,,,,3632.855293,,,,,,,,,,,,,
f5cdb0b3-9841-44e0-80c9-2ed6118cf63f,ZFM-08652,training,-1,,,,,,,,,3694.820819,,,,,,,,,,,,,
48d9a64d-1c42-49cb-87d4-ad11abe7caa2,ZFM-08652,training,-1,,,,,,,,,3626.740725,,,,,,,,,,,,,
a2c390e9-306b-49e5-aba3-9efad06f8fd3,ZFM-08652,training,-1,PASS,PASS,FAIL,PASS,WARNING,PASS,PASS,WARNING,3081.270896,2981.029967,-100.2409293,0.0333,,,,,,,,,,
84d4d44f-5760-4fb4-9e3d-947a9c9ae97b,ZFM-08652,training,-1,PASS,PASS,FAIL,PASS,PASS,PASS,PASS,WARNING,3786.469285,3750.539299,-35.929986,0.0333,,,,,,,,,,
ce28dfd0-d84c-4a53-add1-b01966285aa9,ZFM-08689,training,-1,PASS,PASS,FAIL,PASS,WARNING,PASS,WARNING,WARNING,3696.150442,3658.058932,-38.09150967,0.0333,,,,,,,,,,
802dbabe-7fe0-473c-9aa7-39158884c8ce,ZFM-08751,training,-1,PASS,PASS,FAIL,PASS,WARNING,PASS,PASS,WARNING,3583.800248,3553.753231,-30.04701667,0.0333,,,,,,,,,,
6aa6e91e-c6cd-4c44-9aac-c99abe189457,ZFM-08751,training,-1,FAIL,WARNING,FAIL,PASS,PASS,PASS,PASS,WARNING,5452.188579,5411.375799,-40.81278,0.0333,,,,,,,,,,
9970e9f3-80b8-4dbf-9b6b-4c45ee04837c,ZFM-08751,training,-1,PASS,WARNING,FAIL,PASS,WARNING,PASS,PASS,WARNING,4060.82901,4024.729732,-36.09927767,0.0333,,,,,,,,,,
c4ac7ce6-233e-4e24-ba6a-5dea72553ade,ZFM-08751,training,-1,FAIL,WARNING,FAIL,PASS,WARNING,PASS,PASS,WARNING,3681.911086,3647.969799,-33.941287,0.0333,,,,,,,,,,
481bd01d-4cb4-413b-b4d0-160778ca863b,ZFM-08751,training,-1,PASS,WARNING,FAIL,PASS,PASS,PASS,PASS,WARNING,3305.694155,3272.839399,-32.854756,0.0333,,,,,,,,,,
a7239165-d456-4e5e-85a2-2e26a78325ac,ZFM-08751,training,-1,FAIL,WARNING,FAIL,PASS,PASS,PASS,PASS,WARNING,2921.086571,2895.213499,-25.873072,0.0333,,,,,,,,,,
5680db96-83ca-422b-9453-abbfb0ee5ef0,ZFM-08751,training,-1,FAIL,WARNING,FAIL,PASS,WARNING,PASS,PASS,WARNING,5532.319753,5506.254,-26.065753,0.0333,,,,,,,,,,
d74b573d-bc7e-4764-ae69-58cb661d9d32,ZFM-08751,training,-1,FAIL,WARNING,FAIL,PASS,PASS,PASS,PASS,WARNING,3145.139928,3119.141832,-25.99809567,0.0333,,,,,,,,,,
4dd1bbfe-49b6-499b-be49-4db0dc60d165,ZFM-08751,training,-1,FAIL,WARNING,FAIL,PASS,PASS,PASS,PASS,WARNING,3012.503995,2983.170799,-29.333196,0.0333,,,,,,,,,,
e91233b8-14be-4f9f-8f96-dbf5f3e1d918,ZFM-08751,training,-1,PASS,WARNING,WARNING,PASS,WARNING,PASS,PASS,WARNING,3349.308181,3290.754266,-58.55391533,0.0333,,,,,,,,,,
4ad34e9d-dcf2-464b-a4a8-b635607b0bb1,ZFM-08751,training,-1,FAIL,PASS,WARNING,PASS,PASS,PASS,PASS,WARNING,2956.565136,2917.660532,-38.90460367,0.0333,,,,,,,,,,
a772cac4-5347-4c2c-8532-551f359c7bd1,ZFM-08751,training,-1,PASS,PASS,WARNING,PASS,PASS,PASS,PASS,WARNING,3333.123936,3298.881067,-34.24286933,0.0333,,,,,,,,,,
831caace-cebf-4695-be67-1742dd0b4c2d,ZFM-08751,training,-1,PASS,PASS,WARNING,PASS,PASS,PASS,PASS,WARNING,3379.08628,3348.5057,-30.58058,0.0333,,,,,,,,,,
0e34be60-399b-47a8-a877-a3f857a46aab,ZFM-08751,training,-1,FAIL,PASS,WARNING,PASS,WARNING,PASS,PASS,WARNING,3734.056408,3674.881132,-59.17527567,0.0333,,,,,,,,,,
ddce3f5f-8cdf-46fb-ac01-00ddc8b81efc,ZFM-08751,training,-1,PASS,PASS,WARNING,PASS,PASS,PASS,PASS,WARNING,3282.47604,3250.566166,-31.90987433,0.0333,,,,,,,,,,
c7ce7d70-df61-40d3-b877-212e3bda42e6,ZFM-08751,training,-1,PASS,PASS,WARNING,PASS,PASS,PASS,PASS,WARNING,2804.320955,2776.360232,-27.96072267,0.0333,,,,,,,,,,
38d1d763-df83-478a-81bf-e099541b2e41,ZFM-08751,training,-1,PASS,PASS,WARNING,PASS,PASS,PASS,PASS,WARNING,4350.159145,4311.174732,-38.98441267,0.0333,,,,,,,,,,
763dcd0f-f866-46fc-8a1e-b4a083fe20b6,ZFM-08751,training,-1,PASS,PASS,WARNING,PASS,PASS,PASS,PASS,WARNING,2791.445539,2756.844566,-34.60097333,0.0333,,,,,,,,,,
09123fe7-6a09-4407-93cc-59acce6f13d5,ZFM-08757,training,-1,PASS,PASS,FAIL,PASS,WARNING,PASS,PASS,WARNING,2875.662915,2841.733766,-33.92914933,0.0333,,,,,,,,,,
b72860fe-c883-4fb3-bb5f-fe91480ee73f,ZFM-08757,training,-1,PASS,PASS,FAIL,PASS,WARNING,PASS,PASS,WARNING,3001.68392,2967.719532,-33.96438767,0.0333,,,,,,,,,,
ae61f221-a6f0-4dde-bc94-f4669b6c31f9,ZFM-08757,training,-1,FAIL,FAIL,WARNING,PASS,PASS,PASS,PASS,WARNING,3601.647625,3566.780032,-34.86759267,0.0333,,,,,,,,,,
e5b4d344-715c-436e-bd01-9059968cb198,ZFM-08757,training,-1,PASS,PASS,WARNING,PASS,WARNING,PASS,PASS,WARNING,3587.711386,3565.830498,-21.880888,0.0333,,,,,,,,,,
c635f736-01c7-4277-a487-c4e52bd2be8a,ZFM-08757,training,-1,PASS,PASS,WARNING,PASS,WARNING,PASS,WARNING,WARNING,3645.549866,3602.098533,-43.45133267,0.0333,,,,,,,,,,
a2759eee-9c54-420e-9913-a59ba6db337d,ZFM-08757,training,-1,FAIL,WARNING,WARNING,PASS,WARNING,PASS,CRITICAL,FAIL,2021.499213,4417652.08,4415630.581,30.03003003,,,,,,,,,,
3614014e-328c-49d5-a401-d00ab11c1a07,ZFM-08757,training,-1,,,,,,,,,2821.423955,,,,,,,,,,,,,
1066e852-04e9-4bee-97d4-5328db16d5d3,ZFM-08757,training,-1,FAIL,WARNING,FAIL,PASS,WARNING,PASS,PASS,WARNING,3974.753001,3937.459832,-37.29316867,0.0333,,,,,,,,,,
56a12ecb-06e6-48cc-b941-cf7cb81153ce,ZFM-08776,training,-1,PASS,PASS,WARNING,PASS,WARNING,PASS,PASS,WARNING,4165.680647,4115.378332,-50.30231467,0.0333,,,,,,,,,,
52711b3f-7de5-447c-ab11-3983ec9af20d,ZFM-08776,training,-1,PASS,PASS,WARNING,PASS,WARNING,PASS,PASS,WARNING,3077.252505,3034.255567,-42.99693833,0.0333,,,,,,,,,,
6a0ab6e3-9313-49b0-b9e1-64f55260d0f8,ZFM-08776,training,-1,PASS,PASS,FAIL,PASS,WARNING,PASS,PASS,WARNING,2521.797028,2483.258032,-38.53899567,0.0333,,,,,,,,,,
eb023b5b-5b4e-4578-9565-e31b057bddd2,ZFM-08776,training,-1,PASS,PASS,WARNING,PASS,WARNING,PASS,PASS,WARNING,3008.606132,2961.121633,-47.48449867,0.0333,,,,,,,,,,
0e28362c-2a65-49e9-91dc-0c5f210b86a4,ZFM-08776,training,-1,PASS,PASS,WARNING,PASS,WARNING,PASS,PASS,WARNING,2897.774609,2854.385667,-43.38894233,0.0333,,,,,,,,,,
ecb98e39-713c-48cc-9f2a-58642f10f7cc,ZFM-08776,training,-1,PASS,PASS,WARNING,PASS,WARNING,PASS,PASS,WARNING,3544.710869,3501.899932,-42.81093667,0.0333,,,,,,,,,,
dd0bc5d0-cca6-485c-ac1f-c39610b0da95,ZFM-08776,training,-1,PASS,PASS,WARNING,PASS,WARNING,PASS,PASS,WARNING,3767.095391,3728.062532,-39.03285867,0.0333,,,,,,,,,,
0cb06a17-f283-4a3c-8a8e-205feb8173f3,ZFM-08776,training,-1,PASS,PASS,WARNING,PASS,PASS,PASS,PASS,WARNING,2801.485592,2758.938967,-42.54662533,0.0333,,,,,,,,,,
0b4d3c6a-310a-44cd-abd1-0135887b486b,ZFM-08776,training,-1,PASS,PASS,WARNING,PASS,PASS,PASS,PASS,WARNING,2875.020903,2837.537931,-37.48297167,0.0333,,,,,,,,,,
c002f9ea-966a-401b-843a-20c4dd8b8499,ZFM-08776,training,-1,PASS,PASS,WARNING,PASS,PASS,PASS,PASS,WARNING,2861.958017,2798.1367,-63.821317,0.0333,,,,,,,,,,
20bd0974-de01-4108-9e01-7aa558870aec,ZFM-08776,training,-1,PASS,PASS,WARNING,PASS,PASS,PASS,PASS,WARNING,3761.282494,3728.295732,-32.98676167,0.0333,,,,,,,,,,
b1437899-7ef4-4a19-bd1c-9ebdca11c310,ZFM-08776,training,-1,PASS,PASS,WARNING,PASS,WARNING,PASS,PASS,WARNING,3753.533434,3701.190932,-52.34250167,0.0333,,,,,,,,,,
e598bf8d-93ef-44f7-8a7e-e5fc425aba23,ZFM-08776,training,-1,PASS,PASS,WARNING,PASS,PASS,PASS,PASS,WARNING,4097.073852,4049.578232,-47.49561967,0.0333,,,,,,,,,,
1ea924f4-fc45-40a8-94b7-fe69e426304a,ZFM-08776,training,-1,PASS,PASS,WARNING,PASS,WARNING,PASS,PASS,WARNING,3011.552929,2937.647832,-73.90509667,0.0333,,,,,,,,,,
b10e0d9a-887b-48a3-918e-cc053cbeae4d,ZFM-08776,training,-1,PASS,PASS,FAIL,PASS,WARNING,PASS,PASS,WARNING,4282.636096,4247.931566,-34.70453033,0.0333,,,,,,,,,,
186e65ae-cd1b-4093-9fef-7394673185c0,ZFM-08776,training,-1,PASS,PASS,FAIL,PASS,PASS,PASS,PASS,WARNING,3521.051379,3478.492666,-42.55871333,0.0333,,,,,,,,,,
30651b50-db52-4c98-bbee-0dd555106742,ZFM-08776,training,-1,PASS,PASS,FAIL,PASS,PASS,PASS,PASS,WARNING,2830.279324,2786.583833,-43.69549067,0.0333,,,,,,,,,,
004372b8-6dca-4a5d-9d6c-e96b07924d3e,ZFM-08776,training,-1,PASS,PASS,FAIL,PASS,WARNING,PASS,WARNING,WARNING,3182.757685,3110.624732,-72.13295267,0.0333,,,,,,,,,,
6df0569c-819d-45d6-9602-931108e55e38,ZFM-08776,training,-1,PASS,PASS,FAIL,PASS,PASS,PASS,PASS,WARNING,2891.876878,2851.025732,-40.85114567,0.0333,,,,,,,,,,
c6b44558-917e-4dc7-9e8b-af8385b7dfce,ZFM-08776,training,-1,PASS,PASS,FAIL,PASS,PASS,PASS,PASS,WARNING,2818.30931,2780.555966,-37.75334433,0.0333,,,,,,,,,,
b3ab2233-936a-4dc6-a666-49f888619ef2,ZFM-08776,training,-1,PASS,PASS,FAIL,PASS,PASS,PASS,PASS,WARNING,2887.515906,2822.317967,-65.19793933,0.0333,,,,,,,,,,
1af08897-45a3-470e-8c1d-cccb432654aa,ZFM-08776,training,-1,PASS,PASS,FAIL,PASS,PASS,PASS,WARNING,WARNING,2918.515145,2875.7022,-42.812945,0.0333,,,,,,,,,,
caac4da6-8a66-480c-9e9e-20224150a867,ZFM-08776,training,-1,PASS,PASS,FAIL,PASS,WARNING,PASS,PASS,WARNING,2837.890642,2795.740666,-42.14997633,0.0333,,,,,,,,,,
a144c51c-fbe2-4df2-825a-a2725d0625e7,ZFM-08776,training,-1,PASS,PASS,WARNING,PASS,WARNING,PASS,PASS,WARNING,3433.272408,3385.941932,-47.33047567,0.0333,,,,,,,,,,
6db0b27e-b6bd-40c7-a707-303040f17d49,ZFM-08776,training,-1,PASS,PASS,WARNING,PASS,PASS,PASS,PASS,WARNING,2933.39484,2895.550666,-37.84417433,0.0333,,,,,,,,,,
a805c63b-be18-40ba-8950-d24d94c866ba,ZFM-08776,training,-1,PASS,PASS,WARNING,PASS,PASS,PASS,PASS,WARNING,2913.293101,2872.072166,-41.22093533,0.0333,,,,,,,,,,
ed7ad24d-51a2-4aa2-afa2-304bdd1e1a80,ZFM-08776,training,-1,PASS,PASS,WARNING,PASS,PASS,PASS,PASS,WARNING,2996.325443,2957.361466,-38.96397733,0.0333,,,,,,,,,,
3dfb1dbe-5c82-4de4-8999-2d5852cb2c15,ZFM-08776,training,-1,PASS,PASS,WARNING,PASS,WARNING,PASS,WARNING,WARNING,3816.094376,3776.888533,-39.20584267,0.0333,,,,,,,,,,
bda582cf-f7ce-449e-8ba9-8a35e955beb0,ZFM-08776,training,-1,PASS,PASS,WARNING,PASS,NOT_SET,PASS,PASS,WARNING,3405.231689,3334.021767,-71.20992233,0.0333,,,,,,,,,,
bc1c3dba-9636-4ee6-a68c-a7566cf61cbf,ZFM-08776,training,-1,PASS,PASS,WARNING,PASS,PASS,PASS,PASS,WARNING,2852.756693,2820.751966,-32.00472733,0.0333,,,,,,,,,,
09dee983-2518-4210-b792-59e12ba82423,ZFM-08776,training,-1,PASS,PASS,WARNING,PASS,PASS,PASS,PASS,WARNING,3396.433644,3364.028033,-32.40561067,0.0333,,,,,,,,,,
162191ea-19d8-4eee-b6d6-2b9b57559dee,ZFM-08776,training,-1,FAIL,PASS,WARNING,PASS,WARNING,PASS,PASS,WARNING,3129.879665,3101.793667,-28.08599833,0.0333,,,,,,,,,,
5fd6f9ed-d948-42e4-a32b-009ef3295d1b,ZFM-08776,training,-1,PASS,PASS,WARNING,PASS,WARNING,PASS,PASS,WARNING,3355.326028,3300.313932,-55.01209567,0.0333,,,,,,,,,,
178e0958-daa0-4197-acd9-9f3f4d4b445d,ZFM-08776,training,-1,PASS,PASS,WARNING,PASS,PASS,PASS,PASS,WARNING,3536.037598,3500.232966,-35.80463233,0.0333,,,,,,,,,,
71ad99c9-c4fd-4713-bf11-cd05e74e2db5,ZFM-08776,training,-1,PASS,PASS,WARNING,PASS,WARNING,PASS,PASS,WARNING,2895.315344,2856.615967,-38.69937733,0.0333,,,,,,,,,,
91befc64-01fa-4291-84db-6d9f82251c1e,ZFM-08776,training,-1,FAIL,PASS,WARNING,PASS,WARNING,PASS,PASS,WARNING,3412.52555,3380.708732,-31.81681767,0.0333,,,,,,,,,,
c7c9cb92-580a-497e-9a4a-a6c9f4109a91,ZFM-08776,training,-1,PASS,PASS,WARNING,PASS,PASS,PASS,PASS,WARNING,2854.502297,2813.321867,-41.18043033,0.0333,,,,,,,,,,
3f6bd5ba-35a4-401d-81a7-66175e845b64,ZFM-08813,training,-1,PASS,PASS,FAIL,PASS,PASS,PASS,PASS,WARNING,2827.703162,2788.016199,-39.686963,0.0333,,,,,,,,,,
2a5e5616-eba9-489b-8f77-0288453b5b11,ZFM-08813,training,-1,PASS,PASS,FAIL,PASS,PASS,PASS,PASS,WARNING,2848.449876,2809.896466,-38.55341033,0.0333,,,,,,,,,,
ee2e71e4-e5f5-44c7-87e6-21e2ec09002a,ZFM-08813,training,-1,PASS,PASS,FAIL,PASS,WARNING,PASS,PASS,WARNING,3050.532088,3084.210532,33.67844433,0.0333,,,,,,,,,,
34bddae0-1993-457d-a1df-0293c4075e57,ZFM-08813,training,-1,,,,,,,,,2749.587962,,,,,,,,,,,,,
0e992978-5611-4a78-8349-4b7952054ea2,ZFM-08813,training,-1,PASS,WARNING,FAIL,PASS,PASS,PASS,WARNING,WARNING,2777.138651,2744.7095,-32.429151,0.0333,,,,,,,,,,
e86d7919-1a9b-4b20-82c0-d6961acb5a86,ZFM-08813,training,-1,FAIL,WARNING,FAIL,PASS,PASS,PASS,PASS,WARNING,3695.121058,3656.748466,-38.37259233,0.0333,,,,,,,,,,
97a18a1a-9898-48f0-8ca1-5ee0202af878,ZFM-08813,training,-1,FAIL,WARNING,FAIL,PASS,PASS,PASS,PASS,WARNING,2863.595436,2835.362467,-28.23296933,0.0333,,,,,,,,,,
baceef53-8c42-4656-9e35-9b8829ae6b6e,ZFM-08813,training,-1,PASS,PASS,WARNING,PASS,PASS,PASS,PASS,WARNING,5462.975211,5426.336132,-36.63907867,0.0333,,,,,,,,,,
c6f1e8eb-124a-4240-bb62-6d26d8b302ef,ZFM-08813,training,-1,PASS,PASS,WARNING,PASS,WARNING,PASS,PASS,WARNING,2949.173678,2907.592833,-41.58084467,0.0333,,,,,,,,,,
6b7c1072-6f45-4ff4-9507-e7cf53f4a7ac,ZFM-08814,training,-1,PASS,PASS,FAIL,PASS,PASS,PASS,WARNING,WARNING,3597.722939,3567.543499,-30.17944,0.0333,,,,,,,,,,
fa849c3d-54d3-4b00-8181-026a8a853b1a,ZFM-08818,training,-1,PASS,PASS,WARNING,PASS,PASS,PASS,PASS,WARNING,3707.605492,3538.818599,-168.786893,0.0333,,,,,,,,,,
709c0c80-615e-4f65-aa06-be57bf991318,ZFM-08818,training,-1,FAIL,PASS,WARNING,PASS,WARNING,PASS,PASS,WARNING,5400.33883,5375.126199,-25.212631,0.0333,,,,,,,,,,
29e9342b-84b5-448e-9a53-29b9508651e4,ZFM-08818,training,-1,FAIL,PASS,WARNING,PASS,PASS,PASS,PASS,WARNING,3086.554293,3036.178366,-50.37592733,0.0333,,,,,,,,,,
65b4c55e-e3fc-4a92-b691-a614dbb8882d,ZFM-08818,training,-1,FAIL,WARNING,WARNING,PASS,PASS,PASS,PASS,WARNING,4727.607584,4695.271999,-32.335585,0.0333,,,,,,,,,,
a5dbdb89-84b9-4dfd-a30b-b35b80c31f13,ZFM-08818,training,-1,FAIL,PASS,PASS,PASS,PASS,PASS,PASS,WARNING,5507.767885,5431.962999,-75.804886,0.0333,,,,,,,,,,
415f44b1-353b-460b-ad62-c846a529773c,ZFM-08818,training,-1,FAIL,PASS,PASS,PASS,PASS,PASS,PASS,WARNING,2908.227535,2868.261932,-39.96560267,0.0333,,,,,,,,,,
b630aab3-790e-4018-86e2-86924f2b4dfd,ZFM-08818,training,-1,PASS,PASS,WARNING,PASS,WARNING,PASS,PASS,WARNING,3164.09886,3205.766399,41.667539,0.0333,,,,,,,,,,
1c2e7b19-3552-4a2b-9602-30a2ceb17ebd,ZFM-08818,training,-1,PASS,PASS,WARNING,PASS,WARNING,PASS,PASS,WARNING,3540.882198,3468.549433,-72.33276467,0.0333,,,,,,,,,,
796cc20c-0840-4c55-92e2-e877ddf8a32e,ZFM-08818,training,-1,FAIL,PASS,WARNING,PASS,WARNING,PASS,WARNING,WARNING,2857.437128,2867.477732,10.04060433,0.0333,,,,,,,,,,
06416dc7-84b6-43b6-ae8d-749394af42bf,ZFM-08818,training,-1,PASS,PASS,WARNING,PASS,WARNING,PASS,PASS,WARNING,3231.371845,3235.767532,4.395687333,0.0333,,,,,,,,,,
403e8d5f-393c-4a7e-adac-de2ae68b65b1,ZFM-08818,training,-1,PASS,PASS,PASS,PASS,WARNING,PASS,PASS,WARNING,3919.204492,3901.374099,-17.830393,0.0333,,,,,,,,,,
cd47fc22-9414-4090-9f8e-2ca82819a439,ZFM-08818,training,-1,FAIL,PASS,WARNING,PASS,WARNING,PASS,WARNING,WARNING,2983.023993,2941.2582,-41.765793,0.0333,,,,,,,,,,
13bd464f-fc4c-4060-ab54-4130ffd5aa6c,ZFM-08818,training,-1,PASS,PASS,WARNING,PASS,WARNING,PASS,PASS,WARNING,3220.089917,3180.251799,-39.838118,0.0333,,,,,,,,,,
c87a297e-51d8-4fc6-b5b9-e6d8a4eaacf1,ZFM-08818,training,-1,PASS,PASS,WARNING,PASS,PASS,PASS,PASS,WARNING,3915.144166,3874.009332,-41.13483367,0.0333,,,,,,,,,,
276a90cb-fc8b-460f-a6c7-f6102076030b,ZFM-08818,training,-1,PASS,PASS,WARNING,PASS,PASS,PASS,PASS,WARNING,3357.164333,3312.853233,-44.31109967,0.0333,,,,,,,,,,
9456fc79-856b-4282-aa5d-1a6e987bd42c,ZFM-08818,training,-1,PASS,PASS,WARNING,PASS,PASS,PASS,PASS,WARNING,3339.707065,3291.776533,-47.93053167,0.0333,,,,,,,,,,
7c0afa46-da91-4fea-b434-ae5abe798bcb,ZFM-08818,training,-1,PASS,PASS,WARNING,PASS,PASS,PASS,PASS,WARNING,3821.266843,3782.827633,-38.43920967,0.0333,,,,,,,,,,
fe7afa7e-028c-4b63-a393-ef8d8b747cfd,ZFM-08818,training,-1,PASS,PASS,WARNING,PASS,PASS,PASS,PASS,WARNING,3189.947974,3094.219833,-95.72814067,0.0333,,,,,,,,,,
23f39f58-2873-46a0-8548-987de3e43e54,ZFM-08818,training,-1,PASS,PASS,WARNING,PASS,PASS,PASS,PASS,WARNING,3833.931032,3765.742666,-68.18836633,0.0333,,,,,,,,,,
be0030a3-c1a6-448d-a3bc-54cdd00dd53b,ZFM-08818,training,-1,PASS,PASS,WARNING,PASS,PASS,PASS,WARNING,WARNING,2873.989227,2834.456199,-39.533028,0.0333,,,,,,,,,,
1eebb725-d749-40c1-8d11-70cd8703b462,ZFM-08818,training,-1,PASS,PASS,WARNING,PASS,WARNING,PASS,PASS,WARNING,3060.677893,2992.079332,-68.59856067,0.0333,,,,,,,,,,
412c007e-3434-477d-b9b1-cf94f3dade6e,ZFM-08818,training,-1,PASS,PASS,WARNING,PASS,PASS,PASS,PASS,WARNING,3564,3525.260932,-38.73906767,0.0333,,,,,,,,,,
45d65e34-3110-4b68-a167-bed3d65045e5,ZFM-08818,training,-1,PASS,PASS,PASS,PASS,PASS,PASS,PASS,WARNING,2945.840529,2899.263232,-46.57729667,0.0333,,,,,,,,,,
dd8a4727-3447-47c1-b8ad-51216d7ef5d4,ZFM-08818,training,-1,PASS,WARNING,WARNING,PASS,WARNING,PASS,PASS,WARNING,3569.073316,3526.793466,-42.27985033,0.0333,,,,,,,,,,
324c0b0c-3ec5-42c7-8532-1c597522c574,ZFM-08818,training,-1,PASS,PASS,WARNING,PASS,WARNING,PASS,PASS,WARNING,2792.549691,2752.264432,-40.28525867,0.0333,,,,,,,,,,
f86ab30b-81b5-4f0d-a6f0-b1de5482459e,ZFM-08818,training,-1,PASS,PASS,WARNING,PASS,PASS,PASS,PASS,WARNING,3097.304573,3031.244233,-66.06033967,0.0333,,,,,,,,,,
f8669fcb-6c1c-4379-9859-4d787788a917,ZFM-08818,training,-1,PASS,PASS,WARNING,PASS,WARNING,PASS,PASS,WARNING,2905.308053,2855.570532,-49.73752067,0.0333,,,,,,,,,,
1f1df942-c8f6-4c60-9325-c39eb6fb1aeb,ZFM-08818,training,-1,PASS,PASS,WARNING,PASS,PASS,PASS,PASS,WARNING,3257.955625,3225.234032,-32.72159267,0.0333,,,,,,,,,,
4fb0e7c5-8b80-4def-b06b-63dc63408626,ZFM-08818,training,-1,PASS,PASS,WARNING,PASS,WARNING,PASS,PASS,WARNING,4007.540823,3963.630133,-43.91068967,0.0333,,,,,,,,,,
64309fc4-bdbd-41ca-9396-235faded1f67,ZFM-08818,training,-1,PASS,PASS,WARNING,PASS,PASS,PASS,PASS,WARNING,3214.369594,3147.871533,-66.49806067,0.0333,,,,,,,,,,
d68752b1-1aaf-49b6-9b43-8de21260e938,ZFM-08818,training,-1,PASS,PASS,WARNING,PASS,PASS,PASS,PASS,WARNING,4059.55122,3994.004167,-65.54705333,0.0333,,,,,,,,,,
367e04a0-8c3f-43b0-9052-148abd78fc31,ZFM-08818,training,-1,PASS,PASS,WARNING,PASS,WARNING,PASS,PASS,WARNING,3367.999641,3318.284633,-49.71500767,0.0333,,,,,,,,,,
6ffaccc7-0cad-4727-bac8-db7ebe377ba1,ZFM-08818,training,-1,PASS,PASS,WARNING,PASS,PASS,PASS,PASS,WARNING,3640.102338,3609.719466,-30.38287233,0.0333,,,,,,,,,,
78b5d7d6-c94c-4c64-ba39-dac5ba576b44,ZFM-08818,training,-1,PASS,PASS,WARNING,PASS,WARNING,PASS,PASS,WARNING,2779.89467,2740.8424,-39.05227,0.0333,,,,,,,,,,
da828a76-b561-48d6-b789-7832a0424ada,ZFM-08818,training,-1,PASS,PASS,WARNING,PASS,WARNING,PASS,PASS,WARNING,3678.979153,3635.695466,-43.28368733,0.0333,,,,,,,,,,
7633043e-b9b6-48f9-ad09-d5b93a80e16c,ZFM-08818,training,-1,FAIL,PASS,WARNING,PASS,WARNING,PASS,CRITICAL,WARNING,4312.017484,4266.193199,-45.824285,0.0333,,,,,,,,,,
f15ce400-b11c-4924-aa7f-390850bdf2d8,ZFM-08818,training,-1,PASS,PASS,WARNING,PASS,PASS,PASS,PASS,WARNING,3474.006233,3433.880599,-40.125634,0.0333,,,,,,,,,,
2727ae5e-a3b5-4d0e-83c4-19f27c7c9f29,ZFM-08818,training,-1,PASS,PASS,WARNING,PASS,WARNING,PASS,PASS,WARNING,3528.213169,3459.523067,-68.69010233,0.0333,,,,,,,,,,
3dc896d9-2145-452a-bca0-65c7422fde1f,ZFM-08818,training,-1,PASS,PASS,FAIL,PASS,WARNING,PASS,PASS,WARNING,3763.256045,3563.395232,-199.8608127,0.0333,,,,,,,,,,
fe364156-580d-4082-af0f-863070b42a7b,ZFM-08818,training,-1,PASS,PASS,FAIL,PASS,WARNING,PASS,PASS,WARNING,3256.345918,3217.276467,-39.06945133,0.0333,,,,,,,,,,
4aaea117-033c-4de5-b1eb-b647b1b63a12,ZFM-08818,training,-1,PASS,PASS,FAIL,PASS,WARNING,PASS,PASS,WARNING,3912,3869.215932,-42.78406767,0.0333,,,,,,,,,,
2d3c23b8-2f42-4a3c-8571-292781aa192b,ZFM-08818,training,-1,PASS,PASS,FAIL,PASS,WARNING,PASS,PASS,WARNING,3193.524746,3155.833132,-37.69161367,0.0333,,,,,,,,,,
791fefe7-88c5-444a-b11d-10fe55f10b50,ZFM-08818,training,-1,PASS,PASS,FAIL,PASS,WARNING,PASS,PASS,WARNING,3800.724028,3761.681732,-39.04229567,0.0333,,,,,,,,,,
ea6dc014-f30b-4fe6-9f04-e8120e0e7e22,ZFM-08818,training,-1,PASS,PASS,FAIL,PASS,WARNING,PASS,PASS,WARNING,4262.424883,4236.184466,-26.24041733,0.0333,,,,,,,,,,
2cff392e-6e68-4611-b0b4-c01b04aee728,ZFM-08818,training,-1,PASS,PASS,FAIL,PASS,WARNING,PASS,PASS,WARNING,3235.711162,3191.435566,-44.27559633,0.0333,,,,,,,,,,
48c1a14e-9085-49ea-b55c-2d5fd51c3585,ZFM-08827,training,-1,PASS,PASS,WARNING,PASS,WARNING,PASS,WARNING,WARNING,3641.357175,3607.403832,-33.95334267,0.0333,,,,,,,,,,
3cfefc0d-a486-4fe3-a729-aa120cab369c,ZFM-08827,training,-1,PASS,PASS,WARNING,PASS,WARNING,PASS,WARNING,WARNING,3666.55024,3633.845567,-32.70467333,0.0333,,,,,,,,,,
8868bc80-4dc8-4eb4-9faa-bfae12efc0e0,ZFM-08827,training,-1,PASS,PASS,WARNING,PASS,WARNING,PASS,PASS,WARNING,2909.634859,2835.372799,-74.26206,0.0333,,,,,,,,,,
aedfcb52-ef01-473a-be79-57c91701109c,ZFM-08827,training,-1,PASS,PASS,WARNING,PASS,WARNING,PASS,PASS,WARNING,3392.127596,3361.7966,-30.330996,0.0333,,,,,,,,,,
f5853efa-3daa-42cf-b45f-eae6307bb14e,ZFM-08827,training,-1,PASS,PASS,WARNING,PASS,PASS,PASS,PASS,WARNING,3062.684006,3017.175567,-45.50843933,0.0333,,,,,,,,,,
208f4648-5775-4470-92fe-a3c826e6614f,ZFM-08827,training,-1,PASS,PASS,WARNING,PASS,PASS,PASS,PASS,WARNING,2994.966139,2942.442799,-52.52334,0.0333,,,,,,,,,,
67a27bc5-c6c7-459a-9eb2-50cc3d00df33,ZFM-08827,training,-1,PASS,PASS,FAIL,PASS,WARNING,PASS,PASS,WARNING,3803.041851,3752.990166,-50.05168533,0.0333,,,,,,,,,,
a9579b50-2772-44eb-afb3-861bc7226918,ZFM-08827,training,-1,PASS,PASS,WARNING,PASS,WARNING,PASS,PASS,WARNING,3910.953965,3863.905266,-47.04869933,0.0333,,,,,,,,,,
aa755bda-7da1-4ea8-81da-29cd11b0b057,ZFM-08827,training,-1,PASS,PASS,WARNING,PASS,WARNING,PASS,WARNING,WARNING,2946.03928,2904.672767,-41.36651333,0.0333,,,,,,,,,,
a40dbab2-83d8-4fcc-a7e0-e16714233249,ZFM-08827,training,-1,PASS,PASS,PASS,PASS,WARNING,PASS,FAIL,FAIL,2422.085112,3434.88235,1012.797238,0.0333,,,,,,,,,,
f04e75bd-cdd6-4965-9355-348731303e75,ZFM-08827,training,-1,FAIL,PASS,WARNING,PASS,WARNING,PASS,PASS,WARNING,3305.240952,3263.731133,-41.50981867,0.0333,,,,,,,,,,
b8ea6ff5-1b75-4a0c-a769-7de26e78c034,ZFM-08827,training,-1,PASS,PASS,WARNING,PASS,WARNING,PASS,WARNING,WARNING,2770.450307,2726.819999,-43.630308,0.0333,,,,,,,,,,
e3a4e61e-7da7-48b3-aa83-6b25eee0ed7b,ZFM-08827,training,-1,PASS,PASS,WARNING,PASS,WARNING,PASS,PASS,WARNING,3893.012089,3854.098767,-38.91332233,0.0333,,,,,,,,,,
66485d68-ab93-48ed-a9cb-0e09b0fb85c8,ZFM-08827,training,-1,PASS,PASS,WARNING,PASS,PASS,PASS,PASS,WARNING,3605.328209,3563.993467,-41.33474233,0.0333,,,,,,,,,,
f47ece3f-cc2b-4cce-8202-b96c78907abc,ZFM-08827,training,-1,PASS,PASS,FAIL,PASS,WARNING,PASS,PASS,WARNING,3083.574543,3044.980267,-38.59427633,0.0333,,,,,,,,,,
26f598b5-8002-4552-94bd-02d42621e036,ZFM-08827,training,-1,FAIL,PASS,WARNING,PASS,PASS,PASS,PASS,WARNING,3137.746496,3049.705566,-88.04093033,0.0333,,,,,,,,,,
c86201f7-21cd-4575-bcd4-bf7e9b5f3825,ZFM-08827,training,-1,PASS,PASS,WARNING,PASS,PASS,PASS,PASS,WARNING,3397.354743,3351.031733,-46.32300967,0.0333,,,,,,,,,,
d8cd0c26-d3cb-43b3-b5f4-bec47d6e0f5b,ZFM-08827,training,-1,PASS,PASS,WARNING,PASS,WARNING,PASS,PASS,WARNING,2922.305983,2877.095333,-45.21064967,0.0333,,,,,,,,,,
d94468ee-e383-41d0-b394-04e2fb056278,ZFM-08827,training,-1,PASS,PASS,WARNING,PASS,WARNING,PASS,PASS,WARNING,3184.903794,3143.281232,-41.62256167,0.0333,,,,,,,,,,
0abc4ba0-53f6-40db-ae15-0b82c6d40ef5,ZFM-08827,training,-1,PASS,PASS,WARNING,PASS,WARNING,PASS,PASS,WARNING,3273.764669,3228.771066,-44.99360333,0.0333,,,,,,,,,,
ab17e379-4d78-4bda-93dd-38c165884d33,ZFM-08827,training,-1,PASS,PASS,WARNING,PASS,WARNING,PASS,PASS,WARNING,3051.216695,3001.320133,-49.89656167,0.0333,,,,,,,,,,
2148197d-bc63-4d45-925e-f9e3d1d52cab,ZFM-08827,training,-1,PASS,PASS,WARNING,PASS,WARNING,PASS,PASS,WARNING,3058.878393,3010.696433,-48.18195967,0.0333,,,,,,,,,,
5711fc87-62c6-469a-bfa5-8730f6d73a86,ZFM-08827,training,-1,PASS,PASS,WARNING,PASS,WARNING,PASS,WARNING,WARNING,3134.984003,3093.953899,-41.030104,0.0333,,,,,,,,,,
4998086d-f88a-4fca-9ea5-507a36b15f88,ZFM-08827,training,-1,PASS,PASS,WARNING,PASS,WARNING,PASS,PASS,WARNING,2789.668554,2736.546167,-53.12238733,0.0333,,,,,,,,,,
be5441b0-ab57-4c7e-bc51-450dd1a0bebf,ZFM-08827,training,-1,PASS,PASS,WARNING,PASS,WARNING,PASS,PASS,WARNING,2860.210755,2767.318466,-92.89228933,0.0333,,,,,,,,,,
69c74e8d-ba24-4f4f-9718-46087c9731bc,ZFM-08827,training,-1,PASS,PASS,FAIL,PASS,WARNING,PASS,PASS,WARNING,4259.810129,4199.571832,-60.23829667,0.0333,,,,,,,,,,
ebcca2c8-9f10-45a7-acd0-c4a9808343e3,ZFM-08827,training,-1,PASS,PASS,FAIL,PASS,PASS,PASS,PASS,WARNING,2871.28136,2821.956666,-49.32469433,0.0333,,,,,,,,,,
fa2af6db-0587-4cbe-8d1f-cb62d60734af,ZFM-08827,training,-1,PASS,PASS,FAIL,PASS,WARNING,PASS,PASS,WARNING,3933.716724,3867.363933,-66.35279067,0.0333,,,,,,,,,,
b907588e-eae8-4231-a6ac-446f5815d182,ZFM-08827,training,-1,PASS,PASS,FAIL,PASS,PASS,PASS,PASS,WARNING,2951.053076,2909.773367,-41.27970933,0.0333,,,,,,,,,,
6171e7fc-4d4d-43db-a787-9678f1b96087,ZFM-08827,training,-1,PASS,PASS,FAIL,PASS,WARNING,PASS,PASS,WARNING,3305.203122,3267.072732,-38.13038967,0.0333,,,,,,,,,,
b01dd176-cd2d-45ff-a9c8-91f8218a090e,ZFM-08827,training,-1,PASS,PASS,FAIL,PASS,PASS,PASS,PASS,WARNING,2959.365226,2918.658532,-40.70669367,0.0333,,,,,,,,,,
738378ac-69be-427f-9b01-f200a43026e3,ZFM-08828,training,-1,PASS,PASS,WARNING,PASS,PASS,PASS,PASS,WARNING,4953.213651,4911.698832,-41.51481867,0.0333,,,,,,,,,,
9061cad7-a4d7-4fe8-aad5-fff4c73c3ce8,ZFM-08828,training,-1,PASS,PASS,FAIL,PASS,WARNING,PASS,PASS,WARNING,4789.49192,4763.066366,-26.42555433,0.0333,,,,,,,,,,
b080a200-2163-4e34-8bc3-6321e94b84d2,ZFM-08828,training,-1,PASS,PASS,FAIL,PASS,WARNING,PASS,PASS,WARNING,3141.678584,3097.869466,-43.80911833,0.0333,,,,,,,,,,
93904c6d-912d-4747-8304-8069aa5ba0c3,ZFM-08828,training,-1,PASS,PASS,FAIL,PASS,PASS,PASS,PASS,WARNING,5459.022956,5417.908265,-41.11469133,0.0333,,,,,,,,,,
df283bd2-6d4f-46fd-84d2-d72ba7bf7574,ZFM-08828,training,-1,PASS,PASS,FAIL,PASS,WARNING,PASS,PASS,WARNING,3006.302328,2965.522399,-40.779929,0.0333,,,,,,,,,,
e37a9d41-5e35-4b5f-9fb9-d72abd7b43e0,ZFM-08828,training,-1,PASS,PASS,FAIL,PASS,WARNING,PASS,PASS,WARNING,2800.08601,2773.561932,-26.52407767,0.0333,,,,,,,,,,
6d0642ef-8674-4f7e-86a5-2ec351352134,ZFM-08828,training,-1,PASS,PASS,FAIL,PASS,PASS,PASS,WARNING,WARNING,3340.039546,3293.993267,-46.04627933,0.0333,,,,,,,,,,
fc334be3-d197-4dca-9ae7-72592d48a967,ZFM-08828,training,-1,PASS,PASS,WARNING,PASS,WARNING,PASS,PASS,WARNING,3928.302445,3886.521832,-41.78061267,0.0333,,,,,,,,,,
1efb0752-fc1c-4c63-9da2-99bf2659cd59,ZFM-08828,training,-1,PASS,PASS,WARNING,PASS,PASS,PASS,PASS,WARNING,3137.30202,3086.578832,-50.72318767,0.0333,,,,,,,,,,
fc5d4d0f-c3aa-49ff-a0a5-e89cdd7d9466,ZFM-08828,training,-1,PASS,PASS,WARNING,PASS,PASS,PASS,PASS,WARNING,2996.21974,2913.9298,-82.28994,0.0333,,,,,,,,,,
71c401fc-76bc-4eee-81a1-ab20cf01103e,ZFM-08828,training,-1,PASS,PASS,WARNING,PASS,WARNING,PASS,PASS,WARNING,3044.743215,3011.209866,-33.53334933,0.0333,,,,,,,,,,
6f23a931-4f49-4c57-befa-509e4f112050,ZFM-08828,training,-1,PASS,PASS,WARNING,PASS,WARNING,PASS,PASS,WARNING,4850.086801,4791.166099,-58.920702,0.0333,,,,,,,,,,
dcb45758-c346-4bd1-90d8-e3eb878a9a78,ZFM-08828,training,-1,PASS,PASS,WARNING,PASS,WARNING,PASS,PASS,WARNING,3727.281014,3687.097732,-40.18328167,0.0333,,,,,,,,,,
a7078b0e-e456-4043-a629-4674c9ae8eac,ZFM-08828,training,-1,PASS,PASS,WARNING,PASS,PASS,PASS,PASS,WARNING,3881.917229,3843.290067,-38.62716233,0.0333,,,,,,,,,,
0f1fa61a-a6ab-4bd1-aaae-644d87404fb4,ZFM-08828,training,-1,PASS,PASS,WARNING,PASS,PASS,PASS,PASS,WARNING,3772.033938,3733.756499,-38.277439,0.0333,,,,,,,,,,
fab6c778-4a33-424c-859c-801527d92779,ZFM-08828,training,-1,PASS,PASS,WARNING,PASS,PASS,PASS,PASS,WARNING,3603.776556,3564.043766,-39.73279033,0.0333,,,,,,,,,,
f1780b77-bcb4-4929-abc6-09470f0c87c1,ZFM-08828,training,-1,PASS,PASS,WARNING,PASS,PASS,PASS,PASS,WARNING,3188.197667,3134.963932,-53.23373467,0.0333,,,,,,,,,,
54726d3b-9d4a-4fef-9679-ab015d46a69b,ZFM-08828,training,-1,PASS,PASS,WARNING,PASS,PASS,PASS,PASS,WARNING,4403.849274,4357.424632,-46.42464167,0.0333,,,,,,,,,,
0bed7f7b-5d8e-4b61-aee6-797f1cf4c615,ZFM-08828,training,-1,PASS,PASS,WARNING,PASS,PASS,PASS,PASS,WARNING,3876.717556,3828.168833,-48.54872267,0.0333,,,,,,,,,,
dfa190f2-13ed-4d88-8317-010173c81057,ZFM-08828,training,-1,PASS,PASS,WARNING,PASS,PASS,PASS,PASS,WARNING,3554.442293,3252.5558,-301.886493,0.0333,,,,,,,,,,
ebe6ac6d-9035-4d46-8552-f14aefdf5b11,ZFM-08828,training,-1,FAIL,PASS,WARNING,PASS,PASS,PASS,PASS,WARNING,3002.743197,2857.5508,-145.192397,0.0333,,,,,,,,,,
8180ce36-47d4-469d-a280-03674fdbb271,ZFM-08828,training,-1,FAIL,PASS,WARNING,PASS,PASS,PASS,PASS,WARNING,3071.991521,2988.198,-83.793521,0.0333,,,,,,,,,,
58f0fc32-fcf5-48dd-8611-0db864a0f1e0,ZFM-08828,training,-1,FAIL,PASS,WARNING,PASS,PASS,PASS,PASS,WARNING,3945.226076,3885.110299,-60.115777,0.0333,,,,,,,,,,
6db7c852-5b87-457b-b4fb-713db3ff318a,ZFM-08828,training,-1,FAIL,PASS,WARNING,PASS,PASS,PASS,PASS,WARNING,3014.412457,2945.736866,-68.67559133,0.0333,,,,,,,,,,
cd2deea0-11db-4683-b8ca-7cf26eb0d72c,ZFM-08863,training,-1,FAIL,PASS,WARNING,PASS,WARNING,PASS,PASS,PASS,3726.916228,4324.286399,597.370171,0.0333,,,,,,,,,,
8a9410d3-1b80-4436-a30f-ccdb50650e36,ZFM-08863,training,-1,PASS,PASS,WARNING,PASS,PASS,PASS,PASS,PASS,3644.507029,4018.992499,374.48547,0.03330017265,,,,,,,,,,
1aa6b199-8a73-4dd0-b9f1-42ddcb50cfe5,ZFM-08863,training,-1,FAIL,PASS,WARNING,PASS,PASS,PASS,WARNING,WARNING,3990.91384,3949.109799,-41.804041,0.0333,,,,,,,,,,
8f7ab81c-cc5a-4ac3-8446-eaa557499612,ZFM-08863,training,-1,PASS,PASS,WARNING,PASS,PASS,PASS,FAIL,PASS,4383.811741,4333.120799,-50.690942,0.0666,,,,,,,,,,
19bd2a0c-d33a-4ea3-a830-ebd7c54167a9,ZFM-08863,training,-1,PASS,PASS,WARNING,PASS,PASS,PASS,PASS,WARNING,3522.079659,3440.539465,-81.54019433,0.0333,,,,,,,,,,
a19845b9-53a1-4842-8ff8-ffe46cf77894,ZFM-08863,training,-1,PASS,PASS,WARNING,PASS,WARNING,PASS,CRITICAL,PASS,3630.192703,3580.747599,-49.445104,0.0333,,,,,,,,,,
69615364-0d76-45e2-ad36-7f2f264ecd21,ZFM-08863,training,-1,PASS,PASS,WARNING,PASS,PASS,PASS,PASS,WARNING,3498.336754,3451.862333,-46.47442067,0.0333,,,,,,,,,,
4a7fe1ef-836a-4743-879a-ee7553d74c09,ZFM-08863,training,-1,PASS,PASS,WARNING,PASS,PASS,PASS,WARNING,WARNING,2976.245344,2931.405433,-44.83991067,0.0333,,,,,,,,,,
4252b74a-859d-42ab-a3f5-b0e02d47419c,ZFM-08863,training,-1,PASS,PASS,FAIL,PASS,WARNING,PASS,PASS,WARNING,3008.120617,2964.109467,-44.01115033,0.0333,,,,,,,,,,
2c1a12ca-6737-45ea-882b-06f16caea1ef,ZFM-08871,training,-1,PASS,PASS,WARNING,PASS,PASS,PASS,PASS,WARNING,4467.46139,4425.491732,-41.96965767,0.0333,,,,,,,,,,
aabb0923-ab8f-4c20-8f6a-f8c8a58f4784,ZFM-08871,training,-1,PASS,PASS,FAIL,PASS,WARNING,PASS,PASS,WARNING,3277.436908,3240.584233,-36.85267467,0.0333,,,,,,,,,,
4e1873ba-e0d8-4262-a0e2-7d49dfe4cd1b,ZFM-08871,training,-1,PASS,PASS,FAIL,PASS,WARNING,PASS,WARNING,WARNING,2818.799831,2778.7275,-40.072331,0.0333,,,,,,,,,,
6be32afb-c934-44a4-8e41-bf9cbe1652f8,ZFM-08871,training,-1,PASS,PASS,FAIL,PASS,WARNING,PASS,WARNING,WARNING,3209.392276,3172.498799,-36.893477,0.0333,,,,,,,,,,
5d71916c-3ff1-4544-bd54-350787a1afec,ZFM-08871,training,-1,PASS,PASS,FAIL,PASS,PASS,PASS,PASS,WARNING,3026.5955,2985.513133,-41.08236667,0.0333,,,,,,,,,,
d92cfcf2-6260-49ae-9910-a2a9b8e07cc7,ZFM-08871,training,-1,PASS,PASS,FAIL,PASS,PASS,PASS,PASS,WARNING,3029.710117,2984.448066,-45.26205133,0.0333,,,,,,,,,,
45bf071b-e511-4e41-9a64-728b2c4d466b,ZFM-08871,training,-1,PASS,PASS,FAIL,PASS,PASS,PASS,PASS,WARNING,3471.514554,3417.786433,-53.72812067,0.0333,,,,,,,,,,
db197710-b082-4f4c-8556-af24b8d061b0,ZFM-09044,training,-1,PASS,PASS,WARNING,PASS,PASS,PASS,PASS,WARNING,3925.068559,3873.211266,-51.85729333,0.0333,,,,,,,,,,
fa96c75f-e94f-44f3-b3b6-105b31be0688,ZFM-09044,training,-1,PASS,PASS,WARNING,PASS,WARNING,PASS,PASS,WARNING,3295.026281,3267.295966,-27.73031533,0.0333,,,,,,,,,,
aa679664-6dce-4967-9e42-738ec8a4c3af,ZFM-09044,training,-1,PASS,PASS,WARNING,PASS,WARNING,PASS,PASS,WARNING,4165.335171,4118.089032,-47.24613867,0.0333,,,,,,,,,,
183f1a76-9e97-43b9-932b-e8b55cf98d8e,ZFM-09044,training,-1,PASS,PASS,WARNING,PASS,WARNING,PASS,WARNING,WARNING,3707.355032,3577.047699,-130.307333,0.0333,,,,,,,,,,
b458ea7b-e026-445e-af1f-c3026c845eaa,ZFM-09044,training,-1,PASS,PASS,WARNING,PASS,PASS,PASS,FAIL,WARNING,3724.896508,3667.691133,-57.20537467,0.0666,,,,,,,,,,
1e83cd66-51a5-423c-be33-0f433e4aee3f,ZFM-09044,training,-1,PASS,PASS,WARNING,PASS,PASS,PASS,PASS,WARNING,4522.90919,4467.138399,-55.770791,0.0333,,,,,,,,,,
855015da-6036-4855-94b9-fa04890d1778,ZFM-09044,training,-1,FAIL,PASS,WARNING,PASS,WARNING,PASS,PASS,WARNING,5448.33727,5415.443132,-32.89413767,0.0333,,,,,,,,,,
9e5c1d2f-4df2-494f-a223-e07667f17052,ZFM-09044,training,-1,PASS,PASS,WARNING,PASS,PASS,PASS,PASS,WARNING,3965.949674,3916.007367,-49.94230733,0.0333,,,,,,,,,,
deeeffc5-db23-43a5-a6ea-fcfe17ff231f,ZFM-09044,training,-1,PASS,PASS,WARNING,PASS,PASS,PASS,PASS,WARNING,2862.409134,2794.226633,-68.18250067,0.0333,,,,,,,,,,
1e3b1d05-ee24-4d4f-815a-23e76e608207,ZFM-09044,training,-1,PASS,PASS,WARNING,PASS,PASS,PASS,WARNING,WARNING,3949.547913,3919.438232,-30.10968067,0.0333,,,,,,,,,,
e1128a54-eb18-430c-90a9-30df6ca2640a,ZFM-09044,training,-1,PASS,PASS,WARNING,PASS,PASS,PASS,PASS,WARNING,3324.524797,3294.838799,-29.685998,0.0333,,,,,,,,,,
2f8eb8db-7cd7-45c1-bccc-94d79d253196,ZFM-09044,training,-1,PASS,PASS,FAIL,PASS,WARNING,PASS,PASS,WARNING,3285,3250.7148,-34.2852,0.0333,,,,,,,,,,
34f55b3a-725e-4cc7-aed3-6e6338f573bf,ZFM-09044,training,-1,PASS,WARNING,FAIL,PASS,PASS,PASS,PASS,WARNING,3073.123755,3002.038533,-71.08522167,0.0333,,,,,,,,,,
c12caeda-1995-4067-bd73-da52b7cd2d7f,ZFM-09044,training,-1,PASS,PASS,FAIL,PASS,WARNING,PASS,PASS,WARNING,3028.913946,3000.643033,-28.27091267,0.0333,,,,,,,,,,
f0385860-591a-4efe-86c8-78c532090c27,ZFM-09044,training,-1,PASS,PASS,WARNING,PASS,PASS,PASS,PASS,WARNING,4142.984332,4071.300632,-71.68369967,0.0333,,,,,,,,,,
7fafee93-7884-452c-9868-60c6d1e25e37,ZFM-09044,training,-1,FAIL,PASS,WARNING,PASS,PASS,PASS,PASS,WARNING,3609.036174,3573.952332,-35.08384167,0.0333,,,,,,,,,,
39561e22-aa52-4061-ab9f-fa484fe52730,ZFM-09044,training,-1,PASS,PASS,WARNING,PASS,PASS,PASS,PASS,WARNING,3597.527376,3517.770932,-79.75644367,0.0333,,,,,,,,,,
eec656e7-bb26-45a4-a060-97fd7881c6eb,ZFM-09044,training,-1,PASS,PASS,WARNING,PASS,WARNING,PASS,PASS,WARNING,3524.754878,3491.926532,-32.82834567,0.0333,,,,,,,,,,
672a617c-e832-45d4-bc0f-11671ac407e5,ZFM-09044,training,-1,PASS,PASS,WARNING,PASS,WARNING,PASS,PASS,WARNING,5461.779101,5426.571165,-35.20793633,0.0333,,,,,,,,,,
52b76661-b401-4755-9e6f-07e92669a05a,ZFM-09044,training,-1,PASS,PASS,WARNING,PASS,PASS,PASS,PASS,WARNING,3868.267658,3817.597832,-50.66982567,0.0333,,,,,,,,,,
6069bbda-06b4-414a-816c-303caa701789,ZFM-09044,training,-1,PASS,PASS,WARNING,PASS,NOT_SET,PASS,PASS,WARNING,3928.706266,3868.518632,-60.18763367,0.0333,,,,,,,,,,
b1d9a71d-517e-4d6d-8eef-4d46dd0afb72,ZFM-09044,training,-1,PASS,PASS,WARNING,PASS,PASS,PASS,PASS,WARNING,3223.626082,3191.696333,-31.92974867,0.0333,,,,,,,,,,
91531281-a380-4ff0-acb8-1c2f2d4da71d,ZFM-09139,training,-1,PASS,PASS,FAIL,PASS,WARNING,PASS,PASS,WARNING,3665.006654,3630.828299,-34.178355,0.0333,,,,,,,,,,
9f53f3e5-145a-4d33-b98e-8ee887241397,ZFM-09139,training,-1,PASS,PASS,FAIL,PASS,WARNING,PASS,PASS,WARNING,2976.2422,2876.930432,-99.31176767,0.0333,,,,,,,,,,
25b3d584-1561-4b24-a203-62fb2a33ac52,ZFM-09139,training,-1,PASS,WARNING,FAIL,PASS,WARNING,PASS,PASS,WARNING,3555.433434,3465.705633,-89.72780067,0.0333,,,,,,,,,,
ed713a43-86ce-4c38-8caf-ac97021f6025,ZFM-09139,training,-1,PASS,PASS,FAIL,PASS,PASS,PASS,PASS,WARNING,2895.223221,2833.302433,-61.92078767,0.0333,,,,,,,,,,
56fbab8f-aa68-443e-b852-9edb3af3b6ec,ZFM-09139,training,-1,PASS,PASS,FAIL,PASS,WARNING,PASS,PASS,WARNING,2786.013194,2744.451666,-41.56152833,0.0333,,,,,,,,,,
54dab148-e8fa-49dc-94c7-1b1ae3acf8ea,ZFM-09139,training,-1,PASS,PASS,FAIL,PASS,WARNING,PASS,PASS,WARNING,3212.33231,3105.777833,-106.5544767,0.0333,,,,,,,,,,
607dcab1-a342-45c9-a9b7-283c87ec5ac5,ZFM-09140,training,-1,PASS,PASS,FAIL,PASS,PASS,PASS,PASS,WARNING,3688.502767,3611.771999,-76.730768,0.0333,,,,,,,,,,
68f5f354-721f-4e7d-a048-398dc5daa49c,ZFM-09140,training,-1,PASS,PASS,FAIL,PASS,WARNING,PASS,PASS,WARNING,3771.909094,3737.358766,-34.55032833,0.0333,,,,,,,,,,
c06533ea-d808-4178-8807-b8b830f318f7,ZFM-09140,training,-1,PASS,PASS,FAIL,PASS,WARNING,PASS,PASS,WARNING,2940.2824,2900.913632,-39.36876767,0.0333,,,,,,,,,,
48ad6721-91e4-4e33-bc81-a90991aedd34,ZFM-09140,training,-1,PASS,PASS,FAIL,PASS,PASS,PASS,PASS,WARNING,3720.265516,3678.176332,-42.08918367,0.0333,,,,,,,,,,
625f54ad-c0c4-4604-b719-5d28ea9b91a3,ZFM-09140,training,-1,PASS,PASS,FAIL,PASS,WARNING,PASS,PASS,WARNING,3315.934452,3275.606999,-40.327453,0.0333,,,,,,,,,,
4cda4cac-882d-4616-92a4-7a7ce73fce00,ZFM-09140,training,-1,PASS,PASS,WARNING,PASS,WARNING,PASS,PASS,WARNING,3400.879448,3336.152532,-64.72691567,0.0333,,,,,,,,,,
3e06f73f-90e2-4d8d-856c-e9cc5c298115,ZFM-09140,training,-1,PASS,PASS,FAIL,PASS,PASS,PASS,PASS,WARNING,2818.356275,2785.916232,-32.44004267,0.0333,,,,,,,,,,
d25fc111-032c-4cee-b3cb-8b65727c6cd5,ZFM-09140,training,-1,PASS,PASS,WARNING,PASS,WARNING,PASS,PASS,WARNING,3142.348245,3096.935167,-45.41307833,0.0333,,,,,,,,,,
6ab6f6a6-752b-4ddb-a141-0c49ce671fce,ZFM-09140,training,-1,PASS,PASS,WARNING,PASS,WARNING,PASS,PASS,WARNING,2876.374927,2833.806532,-42.56839467,0.0333,,,,,,,,,,
9ea1db48-184b-4956-98c6-c0b3ab629a3a,ZFM-09341,training,-1,PASS,PASS,WARNING,PASS,WARNING,PASS,WARNING,WARNING,3658.15433,3619.213032,-38.94129767,0.0333,,,,,,,,,,
dba1cd33-b946-4796-b4ed-b64f006966a9,ZFM-09341,training,-1,PASS,PASS,WARNING,PASS,PASS,PASS,PASS,WARNING,3971.929296,3940.440032,-31.48926367,0.0333,,,,,,,,,,
7649cf2d-9496-419b-87bc-cb7831d72ff8,ZFM-09341,training,-1,PASS,PASS,WARNING,PASS,PASS,PASS,PASS,WARNING,3206.499398,3177.024932,-29.47446567,0.0333,,,,,,,,,,
92969d57-af6a-498d-b477-5f406196097f,ZFM-09341,training,-1,PASS,PASS,WARNING,PASS,WARNING,PASS,PASS,WARNING,3339.656938,3288.170332,-51.48660567,0.0333,,,,,,,,,,
02cc7ebb-e9b3-4e5a-9756-1d16c78ac1e0,ZFM-09341,training,-1,PASS,PASS,WARNING,PASS,WARNING,PASS,PASS,WARNING,2940.484995,2909.340499,-31.144496,0.0333,,,,,,,,,,
7e921f37-448f-482e-9c3b-33989d235983,ZFM-09341,training,-1,PASS,PASS,WARNING,PASS,PASS,PASS,PASS,WARNING,3068.501019,2878.459299,-190.04172,0.0333,,,,,,,,,,
3c0c373c-97b6-41c9-9949-4f342522939d,ZFM-09341,training,-1,PASS,PASS,WARNING,PASS,PASS,PASS,PASS,WARNING,3370.784547,3316.123199,-54.661348,0.0333,,,,,,,,,,
db39ec94-19e1-4149-92a3-7c5425e55a55,ZFM-09341,training,-1,PASS,PASS,WARNING,PASS,WARNING,PASS,WARNING,WARNING,3735.314567,3673.891466,-61.42310133,0.0333,,,,,,,,,,
2ded126b-f15d-4a2c-bb03-89c86e124083,ZFM-09341,training,-1,PASS,PASS,WARNING,PASS,PASS,PASS,PASS,WARNING,2942.590599,2889.209932,-53.38066667,0.0333,,,,,,,,,,
0ee10cc6-ff7a-48cc-9be0-aeb76386f8f1,ZFM-09341,training,-1,PASS,PASS,WARNING,PASS,WARNING,PASS,PASS,WARNING,3686.177272,3620.546866,-65.63040633,0.0333,,,,,,,,,,
03a5b60b-6992-4cb4-b19c-ce171971ab47,ZFM-09341,training,-1,PASS,PASS,WARNING,PASS,PASS,PASS,PASS,WARNING,3159.805654,3130.703733,-29.10192067,0.0333,,,,,,,,,,
810993f5-4674-41a2-a74b-97e33f20a599,ZFM-09341,training,-1,PASS,PASS,WARNING,PASS,NOT_SET,PASS,PASS,WARNING,3378.030784,3340.284266,-37.74651833,0.0333,,,,,,,,,,
4a0dd556-797f-43e3-bcaf-c27b0543ed42,ZFM-09341,training,-1,PASS,PASS,WARNING,PASS,NOT_SET,PASS,PASS,WARNING,3855.76933,3825.768366,-30.00096433,0.0333,,,,,,,,,,
3b81a6e4-132b-4272-b6fb-661af78276f0,ZFM-09341,training,-1,PASS,PASS,WARNING,PASS,WARNING,PASS,PASS,WARNING,3855.919856,3805.570432,-50.34942367,0.0333,,,,,,,,,,
511ebd6a-e921-4fa0-9d7c-c030bcb8225e,ZFM-09341,training,-1,PASS,PASS,WARNING,PASS,PASS,PASS,WARNING,WARNING,3508.329484,3463.743666,-44.58581833,0.0333,,,,,,,,,,
444b9ce6-33d4-4b9b-962f-41106df04e07,ZFM-09341,training,-1,PASS,PASS,WARNING,PASS,WARNING,PASS,PASS,WARNING,3501.312597,3456.323666,-44.98893133,0.0333,,,,,,,,,,
3aecb384-961b-4830-9e3f-67ed96c3ccce,ZFM-09341,training,-1,PASS,PASS,WARNING,PASS,PASS,PASS,PASS,WARNING,3307.496732,3279.654166,-27.84256633,0.0333,,,,,,,,,,
904eab27-2e1b-40b6-850a-f7b2ae88a951,ZFM-09341,training,-1,PASS,PASS,WARNING,PASS,PASS,PASS,PASS,WARNING,3563.193365,3507.038266,-56.15509933,0.0333,,,,,,,,,,
3acdcabd-7008-4472-b3f0-68fa8c75fe1d,ZFM-09341,training,-1,PASS,PASS,WARNING,PASS,PASS,PASS,PASS,WARNING,3795.470673,3764.672099,-30.798574,0.0333,,,,,,,,,,
d1879337-2574-4e56-b752-74d1b326c665,ZFM-09341,training,-1,PASS,PASS,WARNING,PASS,NOT_SET,PASS,PASS,WARNING,3427.615396,3396.823833,-30.79156267,0.0333,,,,,,,,,,
847fc00a-2710-4597-adf0-467a0b706cb8,ZFM-09341,training,-1,PASS,PASS,FAIL,PASS,WARNING,PASS,PASS,WARNING,3147.510142,3118.125366,-29.38477633,0.0333,,,,,,,,,,
f41d684d-04b1-4ba2-bec1-71a4d2d0a88a,ZFM-09341,training,-1,PASS,PASS,FAIL,PASS,WARNING,PASS,PASS,WARNING,2834.280355,2795.468032,-38.81232267,0.0333,,,,,,,,,,
c19ca714-8ab7-4900-be5e-2ba6f6523858,ZFM-09341,training,-1,PASS,PASS,FAIL,PASS,PASS,PASS,PASS,WARNING,2926.840178,2887.0808,-39.759378,0.0333,,,,,,,,,,
c01f5a9d-680b-452c-aa0e-54f5c314145f,ZFM-09341,training,-1,PASS,PASS,FAIL,PASS,WARNING,PASS,PASS,WARNING,2930.291212,2898.062032,-32.22917967,0.0333,,,,,,,,,,
37ff44a9-8cac-430a-9cc5-bd4d342bbf9d,ZFM-09341,training,-1,PASS,PASS,FAIL,PASS,PASS,PASS,PASS,WARNING,5359.057413,5269.240965,-89.81644833,0.0333,,,,,,,,,,
cb7cde7d-f63e-4fbe-832e-a818a9e04caa,ZFM-09341,training,-1,PASS,PASS,FAIL,PASS,PASS,PASS,PASS,WARNING,3529.896473,3469.599966,-60.29650733,0.0333,,,,,,,,,,
ca10dddd-e311-443d-abe9-a724ee83141b,ZFM-09341,training,-1,PASS,PASS,FAIL,PASS,PASS,PASS,PASS,WARNING,3373.128201,3337.954866,-35.17333533,0.0333,,,,,,,,,,
b27729a6-90bf-4288-ae4a-4c67800bc40f,ZFM-09343,training,-1,PASS,PASS,WARNING,PASS,PASS,PASS,PASS,WARNING,2920.510347,2881.225866,-39.28448133,0.0333,,,,,,,,,,
f7ea3ae9-0c97-4d64-bd5b-c4f95f8df4c0,ZFM-09343,training,-1,FAIL,PASS,WARNING,PASS,PASS,PASS,PASS,WARNING,3982.598766,3930.076932,-52.52183367,0.0333,,,,,,,,,,
507300bb-427f-48ae-b9a4-1fcadc283c77,ZFM-09343,training,-1,FAIL,PASS,WARNING,PASS,WARNING,PASS,PASS,WARNING,3395.836635,3350.568767,-45.26786833,0.0333,,,,,,,,,,
c32fc167-a593-4179-bd49-a6fc080b1877,ZFM-09343,training,-1,FAIL,PASS,WARNING,PASS,PASS,PASS,PASS,WARNING,2951.501681,2909.6674,-41.834281,0.0333,,,,,,,,,,
242096a3-079d-48c2-8b9b-f704f67f443d,ZFM-09343,training,-1,PASS,PASS,WARNING,PASS,WARNING,PASS,PASS,WARNING,3309.800415,3215.190867,-94.60954833,0.0333,,,,,,,,,,
ab8ca68b-49ae-445a-9e61-325e724de55c,ZFM-09346,training,-1,FAIL,PASS,WARNING,PASS,PASS,PASS,WARNING,WARNING,5536.470122,5451.876299,-84.593823,0.0333,,,,,,,,,,
af1c9f29-0e35-40f8-8b54-83377b79efed,ZFM-09346,training,-1,FAIL,PASS,WARNING,PASS,PASS,PASS,PASS,WARNING,4261.874015,4218.307999,-43.566016,0.0333,,,,,,,,,,
318c116a-eddc-4021-951c-ac26d4d7c496,ZFM-09346,training,-1,FAIL,PASS,WARNING,PASS,PASS,PASS,PASS,WARNING,2873.146942,2832.209498,-40.937444,0.0333,,,,,,,,,,
9457aed8-05e8-42a5-bdf6-124f5d804615,ZFM-09346,training,-1,FAIL,PASS,WARNING,PASS,PASS,PASS,PASS,WARNING,3345.636272,3293.121366,-52.51490633,0.0333,,,,,,,,,,
4b3f69db-3274-4d04-9bc4-693a4475895c,ZFM-09346,training,-1,PASS,PASS,WARNING,PASS,PASS,PASS,PASS,WARNING,2950.912324,2900.178732,-50.73359167,0.0333,,,,,,,,,,
9204a14e-ac2a-458f-8a91-c36d011a002d,ZFM-09346,training,-1,PASS,PASS,WARNING,PASS,PASS,PASS,PASS,WARNING,3623.878388,3553.022533,-70.85585467,0.0333,,,,,,,,,,
accd998c-27a0-4850-aef4-beae7eae21f0,ZFM-09346,training,-1,PASS,PASS,WARNING,PASS,PASS,PASS,PASS,WARNING,4499.914184,4454.940666,-44.97351833,0.0333,,,,,,,,,,
4e0ffe59-ffdf-4709-8dcf-ea0340062498,ZFM-09346,training,-1,PASS,PASS,WARNING,PASS,PASS,PASS,PASS,WARNING,4209.320019,4152.114699,-57.20532,0.0333,,,,,,,,,,
ff60a362-1cbb-4dc7-9eb4-98e5703fb20d,ZFM-09346,training,-1,PASS,PASS,WARNING,PASS,PASS,PASS,PASS,WARNING,3453.953692,3382.143766,-71.80992633,0.0333,,,,,,,,,,
6fdf83ce-1822-4531-9a1a-70f710eb36be,ZFM-09346,training,-1,PASS,PASS,WARNING,PASS,PASS,PASS,PASS,WARNING,3818.466542,3776.286932,-42.17960967,0.0333,,,,,,,,,,
679b040c-7d17-442b-ac7c-b148c9928cf3,ZFM-09346,training,-1,PASS,PASS,PASS,PASS,NOT_SET,PASS,PASS,WARNING,3607.579835,3545.995699,-61.584136,0.0333,,,,,,,,,,
1bc53753-1821-4b06-a596-a1de5e41f42b,ZFM-09346,training,-1,FAIL,PASS,WARNING,PASS,PASS,PASS,PASS,WARNING,3895.405902,3831.371232,-64.03466967,0.0333,,,,,,,,,,
32e4b1fb-45e3-4f6f-98a3-f1b0cb018093,ZFM-09346,training,-1,FAIL,PASS,WARNING,PASS,PASS,PASS,PASS,WARNING,3032.334814,2987.100966,-45.23384833,0.0333,,,,,,,,,,
ab0e69db-46be-4065-ad61-e1eef7d90acd,ZFM-09346,training,-1,PASS,PASS,WARNING,PASS,WARNING,PASS,PASS,WARNING,3999.50568,3960.669066,-38.83661433,0.0333,,,,,,,,,,
30158bde-1bc5-49aa-a3f6-cacbf903c291,ZFM-09346,training,-1,PASS,PASS,WARNING,PASS,WARNING,PASS,PASS,WARNING,2875.814515,2788.313932,-87.50058267,0.0333,,,,,,,,,,
a43ef313-6e37-49a5-926b-b5c5c8a8d83c,ZFM-09346,training,-1,FAIL,PASS,WARNING,PASS,WARNING,PASS,PASS,WARNING,3516.829966,3475.759433,-41.07053267,0.0333,,,,,,,,,,
6fd77357-a1b0-44c1-bf16-aabca8c8aad5,ZFM-09346,training,-1,FAIL,PASS,WARNING,PASS,PASS,PASS,PASS,WARNING,4215.024815,4170.897532,-44.12728267,0.0333,,,,,,,,,,
ac32791b-1dc7-4420-bccf-d5ca73b5154d,ZFM-09346,training,-1,FAIL,PASS,WARNING,PASS,WARNING,PASS,PASS,WARNING,4009.521636,3936.874732,-72.64690367,0.0333,,,,,,,,,,
5528514c-33b6-47ea-8e71-3d9ce6e7d39f,ZFM-09346,training,-1,PASS,PASS,WARNING,PASS,PASS,PASS,PASS,WARNING,3979.356032,3901.404866,-77.95116633,0.0333,,,,,,,,,,
7576c2b6-e6ac-416e-8f19-bb71f9f1fbe5,ZFM-09346,training,-1,PASS,PASS,WARNING,PASS,WARNING,PASS,PASS,WARNING,4009.132073,3941.502299,-67.629774,0.0333,,,,,,,,,,
bc8c6bd0-7c10-49e0-b4bf-b374d26de95f,ZFM-09346,training,-1,PASS,PASS,FAIL,PASS,PASS,PASS,PASS,WARNING,5127.84898,5073.212532,-54.63644767,0.0333,,,,,,,,,,
a705cd08-2f4b-4e63-81b8-5c59564c1dd1,ZFM-09346,training,-1,PASS,PASS,FAIL,PASS,PASS,PASS,PASS,WARNING,3590.598893,3548.125266,-42.47362733,0.0333,,,,,,,,,,
76aa9cae-90f8-46a0-81b9-e20b048adfdf,ZFM-09350,training,-1,FAIL,PASS,WARNING,PASS,WARNING,PASS,CRITICAL,PASS,3714.035923,3665.265699,-48.770224,0.0333,,,,,,,,,,
920f59cf-7028-4ad6-9514-a2f832a3f958,ZFM-09350,training,-1,FAIL,PASS,WARNING,PASS,WARNING,PASS,CRITICAL,PASS,3725.005552,3625.8029,-99.202652,0.0333,,,,,,,,,,
162e9bce-6014-439e-96a8-4db2d94e715b,ZFM-09350,training,-1,PASS,PASS,WARNING,PASS,WARNING,PASS,WARNING,WARNING,4962.551074,4921.889366,-40.66170833,0.0333,,,,,,,,,,
746aa350-828e-4ae6-b19b-a1dd6ce4c0a3,ZFM-09350,training,-1,PASS,PASS,WARNING,PASS,NOT_SET,PASS,PASS,WARNING,3827.930784,3784.172266,-43.75851833,0.0333,,,,,,,,,,
7232cbd9-3169-40bf-a074-f514fcfbb731,ZFM-09350,training,-1,PASS,PASS,WARNING,PASS,NOT_SET,PASS,PASS,WARNING,4518.283965,4471.417466,-46.86649933,0.0333,,,,,,,,,,
9f4bbb5f-9397-4e23-80bc-8e6201a113ea,ZFM-09350,training,-1,PASS,PASS,WARNING,PASS,WARNING,PASS,PASS,WARNING,3019.504535,2980.057667,-39.44686833,0.0333,,,,,,,,,,
78028d8d-d840-4c03-af0c-a2c049b29050,ZFM-09350,training,-1,PASS,PASS,WARNING,PASS,WARNING,PASS,PASS,WARNING,3537.23979,3493.927466,-43.31232433,0.0333,,,,,,,,,,
e1b3395f-0e2a-4076-a066-4d2f4b9dcdfd,ZFM-09350,training,-1,PASS,PASS,WARNING,PASS,WARNING,PASS,PASS,WARNING,3306.262597,3261.151566,-45.11103133,0.0333,,,,,,,,,,
8d031c30-5740-4b93-bb82-68327b11e44a,ZFM-09350,training,-1,PASS,PASS,WARNING,PASS,PASS,PASS,PASS,WARNING,3865.753235,3811.926166,-53.82706933,0.0333,,,,,,,,,,
14d53fe4-f0f4-45cb-bbbf-e9e7d1091f86,ZFM-09350,training,-1,PASS,PASS,WARNING,PASS,WARNING,PASS,PASS,WARNING,4710.558652,4667.521666,-43.03698633,0.0333,,,,,,,,,,
8165de82-587d-4c6b-9d82-3ba2156b6450,ZFM-09350,training,-1,PASS,PASS,WARNING,PASS,WARNING,PASS,PASS,WARNING,5026.629858,4980.595599,-46.034259,0.0333,,,,,,,,,,
41b7fd15-ee30-45e8-b7e6-3ba8c8a773a5,ZFM-09350,training,-1,PASS,PASS,WARNING,PASS,WARNING,PASS,PASS,WARNING,3980.600088,3929.528332,-51.07175567,0.0333,,,,,,,,,,
4542cdb8-61c9-4eec-abd7-764858ac893e,ZFM-09350,training,-1,PASS,PASS,WARNING,PASS,WARNING,PASS,PASS,WARNING,4431.150613,4387.624766,-43.52584733,0.0333,,,,,,,,,,
37f78ea2-f159-4401-a518-f3fb5677109c,ZFM-09350,training,-1,PASS,PASS,WARNING,PASS,NOT_SET,PASS,PASS,WARNING,4192.952942,4142.603566,-50.34937633,0.0333,,,,,,,,,,
f949a668-b244-4437-80b6-3c1f44f7ff4e,ZFM-09350,training,-1,PASS,PASS,WARNING,PASS,PASS,PASS,PASS,WARNING,2908.551981,2863.187366,-45.36461533,0.0333,,,,,,,,,,
cb91bd68-0af1-4cf8-9345-a8aeb106e32a,ZFM-09350,training,-1,PASS,PASS,FAIL,PASS,WARNING,PASS,PASS,WARNING,2966.361329,2907.812432,-58.54889667,0.0333,,,,,,,,,,
9ddf7ff2-698a-4d08-98b8-130829e9dd20,ZFM-09350,training,-1,PASS,PASS,FAIL,PASS,WARNING,PASS,PASS,WARNING,3813.382779,3770.163366,-43.21941333,0.0333,,,,,,,,,,
16494a56-576a-4f11-a576-004244a28d67,ZFM-09350,training,-1,PASS,PASS,FAIL,PASS,WARNING,PASS,PASS,WARNING,4694.492763,4591.214199,-103.278564,0.0333,,,,,,,,,,
a63ea042-a927-42cc-8164-e18c59c10a61,ZFM-09350,training,-1,PASS,PASS,FAIL,PASS,WARNING,PASS,PASS,WARNING,3347.089629,3287.739332,-59.35029667,0.0333,,,,,,,,,,
b779908b-6a5d-477a-a0d3-e73e7e4881cc,ZFM-09350,training,-1,PASS,PASS,FAIL,PASS,WARNING,PASS,PASS,WARNING,4451.530258,4413.080999,-38.449259,0.0333,,,,,,,,,,
b4c12f7d-c8ae-4907-917a-3a7f0b3f5760,ZFM-09365,training,-1,PASS,PASS,WARNING,PASS,PASS,PASS,WARNING,WARNING,3635.030729,3589.729732,-45.30099667,0.0333,,,,,,,,,,
33f486fd-269d-4603-a44b-69951e3a6d01,ZFM-09365,training,-1,PASS,PASS,WARNING,PASS,NOT_SET,PASS,WARNING,WARNING,2907.889134,2865.516566,-42.37256833,0.0333,,,,,,,,,,
175e4329-2636-44bd-ac3f-7d465c73b909,ZFM-09394,training,-1,PASS,PASS,FAIL,PASS,NOT_SET,PASS,PASS,WARNING,4941.375972,4900.204932,-41.17103967,0.0333,,,,,,,,,,
81adf573-ce7f-4b42-8b15-c8607f049e24,ZFM-09394,training,-1,PASS,PASS,WARNING,PASS,WARNING,PASS,PASS,WARNING,2972.033144,2926.654666,-45.37847833,0.0333,,,,,,,,,,
99e2eeb7-fcfb-4dc7-b0ce-428edfe303db,ZFM-09394,training,-1,PASS,PASS,WARNING,PASS,WARNING,PASS,PASS,WARNING,4086.726686,4038.116766,-48.60992033,0.0333,,,,,,,,,,
e8b21ea9-15b9-4b22-81b0-bb5ffb81fdef,ZFM-09394,training,-1,PASS,PASS,WARNING,PASS,PASS,PASS,WARNING,WARNING,3478.83314,3440.021999,-38.811141,0.0333,,,,,,,,,,
1918071b-827f-47db-8991-ca674cecb1b0,ZFM-09394,training,-1,PASS,PASS,WARNING,PASS,PASS,PASS,PASS,WARNING,3747.621357,3709.114031,-38.50732567,0.0333,,,,,,,,,,
d6883881-f4c8-403b-8f11-ca46c37345ea,ZFM-09394,training,-1,PASS,PASS,WARNING,PASS,PASS,PASS,PASS,WARNING,5423.406046,5395.55703,-27.84901567,0.0333,,,,,,,,,,
9afb926e-3fd2-4e80-90dd-a56b44cb46df,ZFM-09402,training,-1,FAIL,PASS,WARNING,PASS,PASS,PASS,PASS,WARNING,4143.418959,4096.586332,-46.83262667,0.0333,,,,,,,,,,
19a0fe43-f9bc-44a3-9901-d1c8708ff22e,ZFM-09402,training,-1,PASS,PASS,WARNING,PASS,PASS,PASS,PASS,WARNING,4204.224827,4154.966266,-49.25856133,0.0333,,,,,,,,,,
8c1c3a58-b801-43f7-89f5-0c9ceff7a710,ZFM-09402,training,-1,FAIL,PASS,WARNING,PASS,PASS,PASS,PASS,WARNING,3442.765757,3399.690566,-43.07519133,0.0333,,,,,,,,,,
01325209-2cf4-42f1-acb4-763099374198,ZFM-09402,training,-1,FAIL,PASS,WARNING,PASS,PASS,PASS,PASS,WARNING,3870.418643,3814.844165,-55.57447833,0.0333,,,,,,,,,,
b52ffc4d-7468-42a0-af94-96bbe94cc323,ZFM-09402,training,-1,PASS,PASS,WARNING,PASS,PASS,PASS,WARNING,WARNING,3518.880361,3476.490233,-42.39012767,0.0333,,,,,,,,,,
95d44a83-815d-4a50-9a9e-0b34e2720613,ZFM-09402,training,-1,PASS,PASS,WARNING,PASS,WARNING,PASS,PASS,WARNING,4740.784671,4697.537931,-43.24673967,0.0333,,,,,,,,,,
c20ae2aa-1782-4c8f-a3f6-5f59a5ee2bf6,ZFM-09402,training,-1,PASS,PASS,WARNING,PASS,PASS,PASS,PASS,WARNING,3660.004577,3609.699532,-50.30504467,0.0333,,,,,,,,,,
3506ad64-9ed7-4f1c-96a8-bbd0c5a5757b,ZFM-09402,training,-1,PASS,PASS,WARNING,PASS,PASS,PASS,PASS,WARNING,3321.838335,3284.945266,-36.89306933,0.0333,,,,,,,,,,
8d022fd4-cb32-45ec-9a72-1c702c05d1dc,ZFM-09402,training,-1,PASS,PASS,FAIL,PASS,WARNING,PASS,PASS,WARNING,4743.477831,4427.490766,-315.9870653,0.0333,,,,,,,,,,
1cc5c0b2-ad74-40fc-b6c3-bcb6027c9dca,ZFM-09402,training,-1,PASS,PASS,FAIL,PASS,WARNING,PASS,PASS,WARNING,3410.925818,3373.229432,-37.69638567,0.0333,,,,,,,,,,
d186d659-d56c-4420-90f3-68ea1e3002b4,ZFM-09402,training,-1,PASS,PASS,FAIL,PASS,PASS,PASS,WARNING,WARNING,3840.662427,3794.754832,-45.90759467,0.0333,,,,,,,,,,
00696e1c-8301-4128-a954-c5dcc3d61374,ZFM-09402,training,-1,PASS,PASS,FAIL,PASS,PASS,PASS,PASS,WARNING,4959.490668,4910.845399,-48.645269,0.0333,,,,,,,,,,
37a72507-02ff-4eb5-a88b-b79f490f65aa,ZFM-09402,training,-1,PASS,PASS,FAIL,PASS,WARNING,PASS,PASS,WARNING,3840.306925,3800.877966,-39.42895933,0.0333,,,,,,,,,,
6974d359-15b5-4c10-96dd-2ada020daa00,ZFM-09402,training,-1,PASS,PASS,FAIL,PASS,PASS,PASS,PASS,WARNING,5463.677927,5416.826132,-46.85179467,0.0333,,,,,,,,,,
6050db2e-2e16-42e7-8d45-f03aaa8e89c6,ZFM-09402,training,-1,PASS,PASS,FAIL,PASS,WARNING,PASS,PASS,WARNING,4832.692081,4785.288066,-47.40401533,0.0333,,,,,,,,,,
6bd75dda-94c5-402a-8583-2003454459af,ZFM-09402,training,-1,PASS,PASS,FAIL,PASS,PASS,PASS,WARNING,WARNING,2918.499218,2867.412432,-51.08678567,0.0333,,,,,,,,,,
e4b31b0a-03a1-4d27-9b9c-b6f1004105e1,ZFM-09402,training,-1,PASS,PASS,FAIL,PASS,PASS,PASS,PASS,WARNING,3209.231935,3156.959332,-52.27260267,0.0333,,,,,,,,,,
3ace1f90-d779-4941-a980-0b764011ad8f,ZFM-09402,training,-1,PASS,PASS,FAIL,PASS,WARNING,PASS,PASS,WARNING,3644.363621,3590.264332,-54.09928867,0.0333,,,,,,,,,,
89465f35-c6e2-45e6-af11-6ce8d9378c09,ZFM-09402,training,-1,PASS,PASS,FAIL,PASS,WARNING,PASS,PASS,WARNING,3605.464144,3573.093532,-32.37061167,0.0333,,,,,,,,,,
cddefe2e-ca0c-40a9-a2cd-0285f52ce730,ZFM-09402,training,-1,PASS,PASS,FAIL,PASS,WARNING,PASS,PASS,WARNING,3767.294066,3721.044732,-46.24933367,0.0333,,,,,,,,,,
080f367f-e278-488d-88d3-fcbf5870b745,ZFM-09402,training,-1,PASS,PASS,FAIL,PASS,WARNING,PASS,PASS,WARNING,2908.065466,2869.343199,-38.722267,0.0333,,,,,,,,,,
7909eb9e-ea7d-4a93-9b69-bc9d0458bce5,ZFM-09402,training,-1,PASS,PASS,FAIL,PASS,PASS,PASS,PASS,WARNING,3341.226038,3311.000866,-30.22517233,0.0333,,,,,,,,,,
abc65016-b5ac-474b-a285-8dc5480883e2,ZFM-09402,training,-1,PASS,PASS,FAIL,PASS,PASS,PASS,PASS,WARNING,5501.221193,5462.051565,-39.16962833,0.0333,,,,,,,,,,
898ace82-f642-41d4-96eb-5cb6f155bcb2,ZFM-09402,training,-1,PASS,PASS,FAIL,PASS,PASS,PASS,WARNING,WARNING,4091.384192,4057.246532,-34.13765967,0.0333,,,,,,,,,,
a3b8309f-ce7d-4937-bcbf-3cc1598e3b7d,ZFM-09402,training,-1,PASS,PASS,FAIL,PASS,PASS,PASS,PASS,WARNING,3547.347659,3509.167933,-38.17972567,0.0333,,,,,,,,,,
90e12b75-55f6-46bb-a3e6-954f02f65d61,ZFM-09410,training,-1,PASS,PASS,FAIL,PASS,WARNING,PASS,PASS,WARNING,3682.019815,3639.093699,-42.926116,0.0333,,,,,,,,,,
5290c22c-30d0-4c3d-9bea-18f219695f3a,ZFM-09410,training,-1,,,,,,,,,,,,,,,,,,,,,,
b4f7ef49-42a4-41cf-a396-a9e90830c0d5,ZFM-09410,training,-1,PASS,PASS,FAIL,PASS,WARNING,PASS,WARNING,WARNING,3136.481395,3094.657167,-41.82422833,0.0333,,,,,,,,,,
91e44122-99b9-41ca-ad7c-71118dbca8f7,ZFM-09410,training,-1,PASS,PASS,FAIL,PASS,WARNING,PASS,PASS,WARNING,4287.833361,4220.768366,-67.06499533,0.0333,,,,,,,,,,
a00f7052-33de-42ef-b61f-ba4adaee7cfa,ZFM-09410,training,-1,PASS,PASS,FAIL,PASS,PASS,PASS,PASS,WARNING,3952.763411,3914.278732,-38.48467867,0.0333,,,,,,,,,,
247c2b21-2ade-496d-8fd0-699fe4a18cc7,ZFM-09439,training,-1,FAIL,PASS,WARNING,PASS,PASS,PASS,PASS,WARNING,3436.123809,3400.123066,-36.00074333,0.0333,,,,,,,,,,
0c26eab7-edb3-4fe9-976a-0e4b12c2c6ed,ZFM-09439,training,-1,FAIL,PASS,WARNING,PASS,PASS,PASS,PASS,WARNING,3612.716502,3573.0654,-39.651102,0.0333,,,,,,,,,,
e1901565-3b36-407c-8552-fe940e88f2e9,ZFM-09439,training,-1,FAIL,PASS,WARNING,PASS,PASS,PASS,PASS,WARNING,4286.362841,4245.816466,-40.54637533,0.0333,,,,,,,,,,
2cd74425-f382-40c2-85e7-52f411968e5a,ZFM-09439,training,-1,FAIL,PASS,WARNING,PASS,WARNING,PASS,PASS,WARNING,3151.988642,3097.366865,-54.62177733,0.0333,,,,,,,,,,
11e6be6d-20e7-45c0-b7d3-0b4a956554cd,ZFM-09439,training,-1,FAIL,PASS,WARNING,PASS,PASS,PASS,PASS,WARNING,3310.378626,3263.714399,-46.664227,0.0333,,,,,,,,,,
64549561-9873-4496-94dd-56c2175abb18,ZFM-09439,training,-1,FAIL,PASS,WARNING,PASS,WARNING,PASS,PASS,WARNING,2820.617593,2776.626599,-43.990994,0.0333,,,,,,,,,,
495109f8-508d-4fb4-aad4-e8d03bb2a86c,ZFM-09439,training,-1,FAIL,PASS,WARNING,PASS,PASS,PASS,PASS,WARNING,3628.372061,3582.256467,-46.11559433,0.0333,,,,,,,,,,
799b5af8-6e55-49fd-b874-a275c036fc8f,ZFM-09439,training,-1,FAIL,PASS,WARNING,PASS,PASS,PASS,PASS,WARNING,3802.389134,3753.033366,-49.35576833,0.0333,,,,,,,,,,
04e9c4f0-e4ff-47fb-ab02-ffad83db083e,ZFM-09439,training,-1,FAIL,PASS,WARNING,PASS,PASS,PASS,PASS,WARNING,3232.164904,3190.847666,-41.31723833,0.0333,,,,,,,,,,
244fef0e-610f-403f-b416-3c9512405a1d,ZFM-09439,training,-1,FAIL,PASS,WARNING,PASS,PASS,PASS,PASS,WARNING,2862.736462,2825.348766,-37.38769633,0.0333,,,,,,,,,,
bb9e040b-ba13-4609-b818-a541373db28b,ZFM-09439,training,-1,FAIL,PASS,WARNING,PASS,PASS,PASS,PASS,WARNING,2989.307753,2953.165199,-36.142554,0.0333,,,,,,,,,,